<?xml version="1.0"?>
<gpx xmlns="http://www.topografix.com/GPX/1/1" xmlns:xsi="http://www.w3.org/2001/XMLSchema-instance" version="1.1" creator="AllTrails.com" xsi:schemaLocation="http://www.topografix.com/GPX/1/1 http://www.topografix.com/GPX/1/1/gpx.xsd">
  <metadata>
    <name><![CDATA[100Meilen 2026]]></name>
    <desc><![CDATA[]]></desc>
    <link href="http://www.alltrails.com">
      <text>AllTrails, LLC</text>
    </link>
    <bounds minlat="52.37545" minlon="13.04643" maxlat="52.66235" maxlon="13.52138"/>
  </metadata>
  <wpt lat="52.5813505" lon="13.3636022">
    <name><![CDATA[VP 1 BAHNHOF WILHELMSRUH]]></name>
    <desc><![CDATA[ Adresse:
 Kopenhagener Straße 74
 13407 Berlin

 Anfahrt mit S-Bahn:
 - S1, S85 bis Bahnhof Wilhelmsruh]]></desc>
  </wpt>
  <wpt lat="52.6173022" lon="13.3744329">
    <name><![CDATA[VP 2 LAUFTREFF LÜBARS]]></name>
    <desc><![CDATA[Adresse:
 Blankenfelder Chaussee / Bahnhofstraße
 13469 Berlin

 Anfahrt mit BVG / S-Bahn:
 - S1, S85 bis Bahnhof Waidmannslust, dann
 - Bus 222 bis Alt-Lübars und ca. 1,2 km Fußweg Alt Lübars, Blankenfelder Chaussee]]></desc>
  </wpt>
  <wpt lat="52.6293121" lon="13.3109665">
    <name><![CDATA[VP 3 ORANIENBURGER CHAUSSEE]]></name>
    <desc><![CDATA[ Adresse:
 Oranienburger Chausse 4 /
 Ecke Niederstraße
 16548 Glienicke/Nordbahn

 Anfahrt mit BVG / S-Bahn:
 - S1 bis Bahnhof Hermsdorf, dann
 - Bus 107 oder 809 bis Glienicke/Nordbahn, Kirche]]></desc>
  </wpt>
  <wpt lat="52.66138" lon="13.29471">
    <name><![CDATA[VP 4 HOHEN NEUENDORF]]></name>
    <desc><![CDATA[ Adresse:
 Adresse: Parkstraße (Bergfelde) 16540 Hohen Neuendorf Anfahrt mit BVG / S-Bahn: - S1 bis Bahnhof Frohnau, dann - Bus 809 bis Marienetta-Jirkowsky-Platz und 650 m Fußweg

]]></desc>
  </wpt>
  <wpt lat="52.6395" lon="13.26142">
    <name><![CDATA[VP 5 FROHNAU]]></name>
    <desc><![CDATA[ Adresse:
 Hainbuchenstraße/Am Eichenhain
 13465 Berlin

 Anfahrt mit BVG / S-Bahn:
 - S1 bis Bahnhof Frohnau, dann
 - Bus 220 bis Haltestelle 'Hainbuchenstraße' ca. 550 m Fußweg bis zum Stadtrand]]></desc>
  </wpt>
  <wpt lat="52.6368459" lon="13.2140207">
    <name><![CDATA[VP 6 / WP 1 RUDERCLUB OBERHAVEL]]></name>
    <desc><![CDATA[ Adresse:
 Hafenstraße 32/34
 16761 Hennigsdorf

 Anfahrt mit BVG / S-Bahn:
 - S25 bis Bahnhof Hennigsdorf, dann ca. 600 m Fußweg Am Rathaus, Ruppiner Straße]]></desc>
  </wpt>
  <wpt lat="52.6050283" lon="13.2000732">
    <name><![CDATA[VP 7 GRENZTURM NIEDER NEUENDORF]]></name>
    <desc><![CDATA[ Adresse:
 Dorfstraße 44
 16761 Hennigsdorf

 Anfahrt mit BVG / S-Bahn:
 - S25 bis Bahnhof Hennigsdorf, dann
 - Bus 136 bis Nieder Neuendorf, Oberjägerweg und ca. 200 m Fußweg Uferpromenade]]></desc>
  </wpt>
  <wpt lat="52.5956839" lon="13.1532204">
    <name><![CDATA[VP 8 SCHÖNWALDE]]></name>
    <desc><![CDATA[ Adresse:
 Berliner Allee 87
 14621 Schönwalde-Glien

 Anfahrt mit BVG / S-Bahn:
 - U7, S5 bis S+U Rathaus Spandau, dann
 - Bus 671 (Richtung Nauen, Bahnhof) bis Schönwalde (HVL), Steinerne Brücke und Fußweg ca. 200 m zurück]]></desc>
  </wpt>
  <wpt lat="52.55497" lon="13.14687">
    <name><![CDATA[VP 9 FALKENSEER CHAUSSEE]]></name>
    <desc><![CDATA[ Adresse:
 Spandauer Straße 226
 14612 Falkensee

 Anfahrt mit BVG / S-Bahn:
 - U7, S5 bis S+U Rathaus Spandau, dann
 - Bus 137, Bus 337 bis Freudstraße und ca. 200 Fußweg Falkenseer Chaussee stadtauswärts]]></desc>
  </wpt>
  <wpt lat="52.5096784" lon="13.167758">
    <name><![CDATA[VP 10 KAROLINENHÖHE]]></name>
    <desc><![CDATA[ Adresse:
 Wilhelmstraße 85
 13593 Berlin

 Anfahrt mit BVG / S-Bahn:
 - U7, S5 bis S+U Rathaus Spandau, dann
 - Bus 135 bis Karolinenhöhe und ca. 200 m Fußweg zurück Potsdamer Chaussee]]></desc>
  </wpt>
  <wpt lat="52.4777293" lon="13.1246012">
    <name><![CDATA[VP 11 PAGEL & FRIENDS]]></name>
    <desc><![CDATA[ Adresse:
 Kuckuckstr. 30
 14089 Berlin

 Anfahrt mit BVG / S-Bahn:
 - U7, S5 bis S+U Rathaus Spandau, dann
 - Bus 135 bis Gutsstraße und ca. 400 m Fußweg Privatstraße, Kuckuckstraße]]></desc>
  </wpt>
  <wpt lat="52.42771" lon="13.0945">
    <name><![CDATA[VP 12 / WP 2 SCHLOSS SACROW]]></name>
    <desc><![CDATA[ Adresse:
 Krampnitzer Straße 2
 14469 Potsdam

 Anfahrt mit BVG / S-Bahn:
 - S1, S7 bis Bahnhof Wannsee, dort Fähre nach Alt Kladow,
 oder
 - U7, S5 bis S+U Rathaus Spandau, dann
 - Bus X34 bis Kaserne Hottengrund,
 dann für beide
 - Bus 697 (Richtung Potsdam, Heinrich-Heine-Weg) bis Potsdam, Schloss Sacrow]]></desc>
  </wpt>
  <wpt lat="52.4571633" lon="13.0594289">
    <name><![CDATA[VP 13 REVIERFÖRSTEREI KRAMPNITZ]]></name>
    <desc><![CDATA[ Adresse:
 Rotkelchenweg 5
 14476 Potsdam

 Anfahrt mit BVG / S-Bahn:
 - S1, S7 bis Bahnhof Wannsee, dort Fähre nach Alt Kladow,
 oder
 - U7, S5 bis S+U Rathaus Spandau, dann 
 - Bus X34 bis Kaserne Hottengrund,
 dann für beide
 - Bus 697 (Richtung Potsdam, Heinrich-Heine-Weg) bis Potsdam, Rotkehlchenweg]]></desc>
  </wpt>
  <wpt lat="52.4220519" lon="13.0692673">
    <name><![CDATA[VP 14 BRAUHAUS MEIEREI]]></name>
    <desc><![CDATA[ Adresse:
 Im Neuen Garten 10
 14469 Potsdam

 Anfahrt mit BVG / S-Bahn:
 - S7 bis Hauptbahnhof Potsdam, dann
 - Bus 639 (Richtung S+U Rathaus Spandau) bis Potsdam, Platz der Einheit/West, dann
 - Bus 603 bis Potsdam, Höhenstraße und kurzer Fußweg in den Park]]></desc>
  </wpt>
  <wpt lat="52.3985141" lon="13.1349653">
    <name><![CDATA[VP 15 GEDENKSTÄTTE GRIEBNITZSEE]]></name>
    <desc><![CDATA[ Adresse:
 Stubenrauchstraße 37
 14482 Potsdam

 Anfahrt mit BVG / S-Bahn:
 - S1, S7 bis Bahnhof Wannsee, dann
 - Bus 118 (Richtung Steinstücken) bis Neue Kreisstraße und ca. 500 m Fußweg Neue Kreisstraße und Stubenrauchstraße bis zum Wasser]]></desc>
  </wpt>
  <wpt lat="52.4235894" lon="13.2214451">
    <name><![CDATA[VP 16 KÖNIGSWEG]]></name>
    <desc><![CDATA[ Adresse:
 Widenhof 16
 14163 Berlin

 Anfahrt mit BVG / S-Bahn:
 - S1 bis Bahnhof Mexikoplatz, dann
 - Bus 118 (Richtung Steinstücken) bis Am Rohrgarten und ca. 600 m Fußweg Am Rohrgarten / Widenhof]]></desc>
  </wpt>
  <wpt lat="52.4038851" lon="13.2586098">
    <name><![CDATA[VP 17 / WP 3 SPORTPLATZ TELTOW]]></name>
    <desc><![CDATA[ Adresse:
 Jahnstraße 4
 14513 Teltow

 Anfahrt mit BVG / S-Bahn:
 - S25 bis Bahnhof Teltow-Stadt, dann
 - Bus 601 (Richtung S-Bahnhof Potsdam Hbf) bis Teltow, Jahnsportplatz]]></desc>
  </wpt>
  <wpt lat="52.4053513" lon="13.3277035">
    <name><![CDATA[VP 18 OSDORFER STRASSE]]></name>
    <desc><![CDATA[ Adresse:
 Osdorfer Straße / Jenbacher Weg
 12207 Berlin

 Anfahrt mit BVG / S-Bahn:
 - S25 bis Bahnhof Lichterfelde-Süd, dann
 - Bus 284 bis Landweg und ca. 700 m Fußweg Osdorfer Straße]]></desc>
  </wpt>
  <wpt lat="52.4162839" lon="13.4453237">
    <name><![CDATA[VP 20 BUCKOW ]]></name>
    <desc><![CDATA[ Adresse:
 Stuthirtenweg 18
 12353 Berlin

 Anfahrt mit BVG / S-Bahn
 - S1 bis Bahnhof Lichtenrade, dann
 - Bus 172 (Richtung U-Bhf. Rudow)
 oder
 - S-/U-Bahn bis S+U Hermannstraße
 (U8, S41, S42, S45, S46, S47), dann
 - Bus M44 (Richtung Buckow-Süd/Stuthirtenweg)
 beide bis Ringslebenstraße/ Mollnerweg, ca. 400 m Fußweg]]></desc>
  </wpt>
  <wpt lat="52.4163199" lon="13.4976161">
    <name><![CDATA[VP 21 RUDOW]]></name>
    <desc><![CDATA[Adresse: Neudecker Weg 73 - 75 12355 Berlin Anfahrt mit BVG: - U7 bis Bahnhof Rudow - Bus 162, 171, 172, 260, 271, 371, 372, 373, N7, X7, 744]]></desc>
  </wpt>
  <wpt lat="52.4427258" lon="13.478862">
    <name><![CDATA[VP 22 JOHANNISTHALER CHAUSSEE]]></name>
    <desc><![CDATA[ Adresse:
 Ernst-Keller -Brücke nahe Johannisthaler Chaussee 113
 12359 Berlin

 Anfahrt mit BVG / S-Bahn:

 U7 bis U-Bhf. Johannisthaler Chaussee, dann Bus X11 (Richtung S Schöneweide) bis Stelzenweg, Fußweg 350 m

 S 8, S 9, S 45, S 47 bis S-Bhf. Schöneweide, dann Bus X11 (Richtung U Krumme Lanke) bis Stelzenweg, Fußweg 350 m]]></desc>
  </wpt>
  <wpt lat="52.47332" lon="13.47021">
    <name><![CDATA[VP 23 DAMMWEG]]></name>
    <desc><![CDATA[ Adresse: 
 Dammweg 208
 12057 Berlin

 Anfahrt mit BVG / S-Bahn:

 U 7, U 8 bis S-Bhf. Hermannplatz, dann Bus M41 (Richtung Sonnenallee/ Baumschulenstraße) bis Dammweg, Fußweg 450 m

 S 8, S 9 bis S-Bhf. Plänterwald, dann Buss 377 (Richtung Kranoldstraße) bis Steinbockstraße, Fußweg ca. 150 m]]></desc>
  </wpt>
  <wpt lat="52.50428" lon="13.44167">
    <name><![CDATA[VP 24 EAST SIDE GALLERY]]></name>
    <desc><![CDATA[ Adresse:
 Mühlenstraße 76
 10243 Berlin

 Anfahrt mit BVG / S-Bahn:

 U1 bis U-Bhf. Warschauer Straße,

 S 5, S 7, S 75 bis S-Bhf. Warschauer Straße]]></desc>
  </wpt>
  <wpt lat="52.5077586" lon="13.3899307">
    <name><![CDATA[VP 25 CHECKPOINT CHARLIE]]></name>
    <desc><![CDATA[ Adresse:
 Friedrichstraße 205, (am Checkpoint Charlie), 10117 Berlin

 Anfahrt mit BVG / S-Bahn:

 U 55 bis U-Bhf. Brandenburger Tor,

 S 1, S 2 bis S-Bhf. Brandenburger Tor]]></desc>
  </wpt>
  <wpt lat="52.54516" lon="13.40904">
    <name><![CDATA[START/ZIEL Friedrich - Ludwig - Jahnsportpark]]></name>
    <desc><![CDATA[Adresse: 
Cantianstraße 24 
10437 Berlin]]></desc>
  </wpt>
  <wpt lat="52.5252559" lon="13.4143496">
    <name><![CDATA[H4-Hotel]]></name>
    <desc><![CDATA[Adresse:
Karl-Liebknecht-Straße 32
10178 Berlin]]></desc>
  </wpt>
  <wpt lat="52.53379" lon="13.36911">
    <name><![CDATA[VP 26 GEDENKSTÄTTE GÜNTER LITFIN ]]></name>
    <desc><![CDATA[Adresse: 
Kieler Str. 2 10115 Berlin Anfahrt mit S-Bahn + BVG: Hauptbahnhof (S5, S7, S75, Regionalbahn), dann Bus 120 (Richtung s+U Wittenau) bzw. N20 (Richtung Frohnau) bis Bundeswehrkrankenhaus und ca. 200 m Fußweg]]></desc>
  </wpt>
  <wpt lat="52.382292" lon="13.387222">
    <name><![CDATA[VP 19 LICHTENRADE]]></name>
    <desc><![CDATA[Adresse:
 Rohrbachstraße 14
 12307 Berlin

 Anfahrt mit S-Bahn:
 - S2 bis Bahnhof Lichtenrade, dann ca. 1200 m Fußweg Rohrbachstraße Ecke Wolziger Zeile]]></desc>
  </wpt>
  <trk>
    <name><![CDATA[100Meilen 2026]]></name>
    <src>AllTrails</src>
    <trkseg>
      <trkpt lat="52.54516" lon="13.40922">
        <ele>44.14</ele>
      </trkpt>
      <trkpt lat="52.54563" lon="13.40898">
        <ele>44.45</ele>
      </trkpt>
      <trkpt lat="52.54563" lon="13.40898">
        <ele>44.45</ele>
      </trkpt>
      <trkpt lat="52.5457" lon="13.40896">
        <ele>47.44</ele>
      </trkpt>
      <trkpt lat="52.5457" lon="13.40896">
        <ele>47.44</ele>
      </trkpt>
      <trkpt lat="52.54575" lon="13.40897">
        <ele>49.17</ele>
      </trkpt>
      <trkpt lat="52.54575" lon="13.40897">
        <ele>49.17</ele>
      </trkpt>
      <trkpt lat="52.54581" lon="13.40901">
        <ele>50.28</ele>
      </trkpt>
      <trkpt lat="52.54581" lon="13.40901">
        <ele>50.28</ele>
      </trkpt>
      <trkpt lat="52.54587" lon="13.40911">
        <ele>48.42</ele>
      </trkpt>
      <trkpt lat="52.54587" lon="13.40911">
        <ele>48.42</ele>
      </trkpt>
      <trkpt lat="52.54591" lon="13.40917">
        <ele>47.33</ele>
      </trkpt>
      <trkpt lat="52.54591" lon="13.40917">
        <ele>47.33</ele>
      </trkpt>
      <trkpt lat="52.54595" lon="13.40927">
        <ele>46.86</ele>
      </trkpt>
      <trkpt lat="52.54595" lon="13.40927">
        <ele>46.86</ele>
      </trkpt>
      <trkpt lat="52.54597" lon="13.40939">
        <ele>46.02</ele>
      </trkpt>
      <trkpt lat="52.54597" lon="13.40939">
        <ele>46.02</ele>
      </trkpt>
      <trkpt lat="52.54598" lon="13.40945">
        <ele>45.7</ele>
      </trkpt>
      <trkpt lat="52.54598" lon="13.40945">
        <ele>45.7</ele>
      </trkpt>
      <trkpt lat="52.54598" lon="13.40958">
        <ele>44.57</ele>
      </trkpt>
      <trkpt lat="52.54598" lon="13.40958">
        <ele>44.57</ele>
      </trkpt>
      <trkpt lat="52.54597" lon="13.40965">
        <ele>43.56</ele>
      </trkpt>
      <trkpt lat="52.54597" lon="13.40965">
        <ele>43.56</ele>
      </trkpt>
      <trkpt lat="52.54595" lon="13.40973">
        <ele>42.0</ele>
      </trkpt>
      <trkpt lat="52.54595" lon="13.40973">
        <ele>42.0</ele>
      </trkpt>
      <trkpt lat="52.54592" lon="13.40983">
        <ele>40.23</ele>
      </trkpt>
      <trkpt lat="52.54592" lon="13.40983">
        <ele>40.23</ele>
      </trkpt>
      <trkpt lat="52.54588" lon="13.4099">
        <ele>38.27</ele>
      </trkpt>
      <trkpt lat="52.54588" lon="13.4099">
        <ele>38.27</ele>
      </trkpt>
      <trkpt lat="52.54585" lon="13.40995">
        <ele>36.85</ele>
      </trkpt>
      <trkpt lat="52.54585" lon="13.40995">
        <ele>36.85</ele>
      </trkpt>
      <trkpt lat="52.5456" lon="13.41009">
        <ele>41.96</ele>
      </trkpt>
      <trkpt lat="52.5456" lon="13.41009">
        <ele>41.96</ele>
      </trkpt>
      <trkpt lat="52.54502" lon="13.41039">
        <ele>45.02</ele>
      </trkpt>
      <trkpt lat="52.54502" lon="13.41039">
        <ele>45.02</ele>
      </trkpt>
      <trkpt lat="52.54493" lon="13.41041">
        <ele>45.86</ele>
      </trkpt>
      <trkpt lat="52.54493" lon="13.41041">
        <ele>45.86</ele>
      </trkpt>
      <trkpt lat="52.54488" lon="13.41039">
        <ele>46.09</ele>
      </trkpt>
      <trkpt lat="52.54488" lon="13.41039">
        <ele>46.09</ele>
      </trkpt>
      <trkpt lat="52.54482" lon="13.41038">
        <ele>46.43</ele>
      </trkpt>
      <trkpt lat="52.54482" lon="13.41038">
        <ele>46.43</ele>
      </trkpt>
      <trkpt lat="52.54476" lon="13.41033">
        <ele>46.75</ele>
      </trkpt>
      <trkpt lat="52.54476" lon="13.41033">
        <ele>46.75</ele>
      </trkpt>
      <trkpt lat="52.5447" lon="13.41027">
        <ele>47.32</ele>
      </trkpt>
      <trkpt lat="52.5447" lon="13.41027">
        <ele>47.32</ele>
      </trkpt>
      <trkpt lat="52.54465" lon="13.41018">
        <ele>48.04</ele>
      </trkpt>
      <trkpt lat="52.54465" lon="13.41018">
        <ele>48.04</ele>
      </trkpt>
      <trkpt lat="52.54462" lon="13.4101">
        <ele>48.47</ele>
      </trkpt>
      <trkpt lat="52.54462" lon="13.4101">
        <ele>48.47</ele>
      </trkpt>
      <trkpt lat="52.5446" lon="13.41001">
        <ele>48.76</ele>
      </trkpt>
      <trkpt lat="52.5446" lon="13.41001">
        <ele>48.76</ele>
      </trkpt>
      <trkpt lat="52.5446" lon="13.4099">
        <ele>49.12</ele>
      </trkpt>
      <trkpt lat="52.5446" lon="13.4099">
        <ele>49.12</ele>
      </trkpt>
      <trkpt lat="52.54461" lon="13.40978">
        <ele>49.41</ele>
      </trkpt>
      <trkpt lat="52.54461" lon="13.40978">
        <ele>49.41</ele>
      </trkpt>
      <trkpt lat="52.54464" lon="13.40963">
        <ele>48.95</ele>
      </trkpt>
      <trkpt lat="52.54464" lon="13.40963">
        <ele>48.95</ele>
      </trkpt>
      <trkpt lat="52.54464" lon="13.40949">
        <ele>48.6</ele>
      </trkpt>
      <trkpt lat="52.54464" lon="13.40949">
        <ele>48.6</ele>
      </trkpt>
      <trkpt lat="52.54465" lon="13.40943">
        <ele>48.23</ele>
      </trkpt>
      <trkpt lat="52.54465" lon="13.40943">
        <ele>48.23</ele>
      </trkpt>
      <trkpt lat="52.5446" lon="13.40927">
        <ele>48.3</ele>
      </trkpt>
      <trkpt lat="52.5446" lon="13.40927">
        <ele>48.3</ele>
      </trkpt>
      <trkpt lat="52.54454" lon="13.40918">
        <ele>48.7</ele>
      </trkpt>
      <trkpt lat="52.54454" lon="13.40918">
        <ele>48.7</ele>
      </trkpt>
      <trkpt lat="52.54449" lon="13.40908">
        <ele>48.82</ele>
      </trkpt>
      <trkpt lat="52.54449" lon="13.40908">
        <ele>48.82</ele>
      </trkpt>
      <trkpt lat="52.54419" lon="13.40878">
        <ele>54.35</ele>
      </trkpt>
      <trkpt lat="52.54419" lon="13.40878">
        <ele>54.35</ele>
      </trkpt>
      <trkpt lat="52.54418" lon="13.40877">
        <ele>54.62</ele>
      </trkpt>
      <trkpt lat="52.54412" lon="13.40839">
        <ele>56.16</ele>
      </trkpt>
      <trkpt lat="52.54412" lon="13.40839">
        <ele>56.16</ele>
      </trkpt>
      <trkpt lat="52.54412" lon="13.40839">
        <ele>56.16</ele>
      </trkpt>
      <trkpt lat="52.54395" lon="13.40745">
        <ele>53.38</ele>
      </trkpt>
      <trkpt lat="52.54395" lon="13.40742">
        <ele>53.27</ele>
      </trkpt>
      <trkpt lat="52.54395" lon="13.40742">
        <ele>53.27</ele>
      </trkpt>
      <trkpt lat="52.54395" lon="13.40742">
        <ele>53.27</ele>
      </trkpt>
      <trkpt lat="52.54394" lon="13.40736">
        <ele>53.13</ele>
      </trkpt>
      <trkpt lat="52.54384" lon="13.40683">
        <ele>55.44</ele>
      </trkpt>
      <trkpt lat="52.54384" lon="13.40683">
        <ele>55.44</ele>
      </trkpt>
      <trkpt lat="52.54384" lon="13.40683">
        <ele>55.44</ele>
      </trkpt>
      <trkpt lat="52.54412" lon="13.4067">
        <ele>54.32</ele>
      </trkpt>
      <trkpt lat="52.54422" lon="13.40665">
        <ele>54.72</ele>
      </trkpt>
      <trkpt lat="52.54422" lon="13.40665">
        <ele>54.72</ele>
      </trkpt>
      <trkpt lat="52.54422" lon="13.40665">
        <ele>54.72</ele>
      </trkpt>
      <trkpt lat="52.54422" lon="13.40665">
        <ele>54.72</ele>
      </trkpt>
      <trkpt lat="52.54422" lon="13.40665">
        <ele>54.72</ele>
      </trkpt>
      <trkpt lat="52.54473" lon="13.40641">
        <ele>58.67</ele>
      </trkpt>
      <trkpt lat="52.54524" lon="13.40616">
        <ele>49.7</ele>
      </trkpt>
      <trkpt lat="52.54524" lon="13.40616">
        <ele>49.7</ele>
      </trkpt>
      <trkpt lat="52.54553" lon="13.40601">
        <ele>50.4</ele>
      </trkpt>
      <trkpt lat="52.54553" lon="13.40601">
        <ele>50.4</ele>
      </trkpt>
      <trkpt lat="52.5456" lon="13.406">
        <ele>51.33</ele>
      </trkpt>
      <trkpt lat="52.5456" lon="13.406">
        <ele>51.33</ele>
      </trkpt>
      <trkpt lat="52.5456" lon="13.40599">
        <ele>51.35</ele>
      </trkpt>
      <trkpt lat="52.54561" lon="13.40599">
        <ele>51.55</ele>
      </trkpt>
      <trkpt lat="52.54565" lon="13.40611">
        <ele>52.38</ele>
      </trkpt>
      <trkpt lat="52.54578" lon="13.40605">
        <ele>55.34</ele>
      </trkpt>
      <trkpt lat="52.54576" lon="13.40594">
        <ele>54.41</ele>
      </trkpt>
      <trkpt lat="52.54581" lon="13.40592">
        <ele>55.21</ele>
      </trkpt>
      <trkpt lat="52.54581" lon="13.40592">
        <ele>55.21</ele>
      </trkpt>
      <trkpt lat="52.54646" lon="13.40566">
        <ele>50.78</ele>
      </trkpt>
      <trkpt lat="52.54646" lon="13.40566">
        <ele>50.78</ele>
      </trkpt>
      <trkpt lat="52.5469" lon="13.40548">
        <ele>54.65</ele>
      </trkpt>
      <trkpt lat="52.54688" lon="13.40536">
        <ele>53.84</ele>
      </trkpt>
      <trkpt lat="52.54697" lon="13.40532">
        <ele>56.62</ele>
      </trkpt>
      <trkpt lat="52.54684" lon="13.40385">
        <ele>58.47</ele>
      </trkpt>
      <trkpt lat="52.54684" lon="13.40385">
        <ele>58.47</ele>
      </trkpt>
      <trkpt lat="52.54662" lon="13.40138">
        <ele>44.69</ele>
      </trkpt>
      <trkpt lat="52.54661" lon="13.40138">
        <ele>44.44</ele>
      </trkpt>
      <trkpt lat="52.54661" lon="13.40138">
        <ele>44.44</ele>
      </trkpt>
      <trkpt lat="52.54661" lon="13.40126">
        <ele>42.73</ele>
      </trkpt>
      <trkpt lat="52.54661" lon="13.40126">
        <ele>42.73</ele>
      </trkpt>
      <trkpt lat="52.54661" lon="13.40126">
        <ele>42.73</ele>
      </trkpt>
      <trkpt lat="52.54666" lon="13.40124">
        <ele>43.22</ele>
      </trkpt>
      <trkpt lat="52.54669" lon="13.40123">
        <ele>43.25</ele>
      </trkpt>
      <trkpt lat="52.54671" lon="13.40122">
        <ele>43.14</ele>
      </trkpt>
      <trkpt lat="52.54703" lon="13.40109">
        <ele>41.77</ele>
      </trkpt>
      <trkpt lat="52.54712" lon="13.40107">
        <ele>42.6</ele>
      </trkpt>
      <trkpt lat="52.5472" lon="13.40102">
        <ele>43.1</ele>
      </trkpt>
      <trkpt lat="52.54748" lon="13.4009">
        <ele>40.92</ele>
      </trkpt>
      <trkpt lat="52.54798" lon="13.4007">
        <ele>43.09</ele>
      </trkpt>
      <trkpt lat="52.54826" lon="13.40059">
        <ele>44.43</ele>
      </trkpt>
      <trkpt lat="52.54838" lon="13.40054">
        <ele>43.93</ele>
      </trkpt>
      <trkpt lat="52.54862" lon="13.40045">
        <ele>44.75</ele>
      </trkpt>
      <trkpt lat="52.54876" lon="13.40039">
        <ele>44.87</ele>
      </trkpt>
      <trkpt lat="52.54881" lon="13.40046">
        <ele>44.44</ele>
      </trkpt>
      <trkpt lat="52.54889" lon="13.40044">
        <ele>44.4</ele>
      </trkpt>
      <trkpt lat="52.54901" lon="13.40036">
        <ele>42.96</ele>
      </trkpt>
      <trkpt lat="52.54904" lon="13.40039">
        <ele>42.42</ele>
      </trkpt>
      <trkpt lat="52.54905" lon="13.40036">
        <ele>42.38</ele>
      </trkpt>
      <trkpt lat="52.54906" lon="13.40033">
        <ele>42.35</ele>
      </trkpt>
      <trkpt lat="52.54907" lon="13.40035">
        <ele>42.13</ele>
      </trkpt>
      <trkpt lat="52.54908" lon="13.40035">
        <ele>41.99</ele>
      </trkpt>
      <trkpt lat="52.5498" lon="13.40006">
        <ele>38.18</ele>
      </trkpt>
      <trkpt lat="52.55016" lon="13.39991">
        <ele>42.08</ele>
      </trkpt>
      <trkpt lat="52.55036" lon="13.39983">
        <ele>45.57</ele>
      </trkpt>
      <trkpt lat="52.55036" lon="13.39983">
        <ele>45.57</ele>
      </trkpt>
      <trkpt lat="52.55036" lon="13.39983">
        <ele>45.57</ele>
      </trkpt>
      <trkpt lat="52.5509" lon="13.39962">
        <ele>45.11</ele>
      </trkpt>
      <trkpt lat="52.5509" lon="13.39962">
        <ele>45.11</ele>
      </trkpt>
      <trkpt lat="52.5509" lon="13.39962">
        <ele>45.11</ele>
      </trkpt>
      <trkpt lat="52.55016" lon="13.39991">
        <ele>42.08</ele>
      </trkpt>
      <trkpt lat="52.5498" lon="13.40006">
        <ele>38.18</ele>
      </trkpt>
      <trkpt lat="52.54908" lon="13.40035">
        <ele>41.99</ele>
      </trkpt>
      <trkpt lat="52.54907" lon="13.40035">
        <ele>42.13</ele>
      </trkpt>
      <trkpt lat="52.54906" lon="13.40033">
        <ele>42.35</ele>
      </trkpt>
      <trkpt lat="52.54905" lon="13.40036">
        <ele>42.38</ele>
      </trkpt>
      <trkpt lat="52.54904" lon="13.40039">
        <ele>42.42</ele>
      </trkpt>
      <trkpt lat="52.54901" lon="13.40036">
        <ele>42.96</ele>
      </trkpt>
      <trkpt lat="52.54889" lon="13.40044">
        <ele>44.4</ele>
      </trkpt>
      <trkpt lat="52.54881" lon="13.40046">
        <ele>44.44</ele>
      </trkpt>
      <trkpt lat="52.54876" lon="13.40039">
        <ele>44.87</ele>
      </trkpt>
      <trkpt lat="52.54862" lon="13.40045">
        <ele>44.75</ele>
      </trkpt>
      <trkpt lat="52.54853" lon="13.40048">
        <ele>44.23</ele>
      </trkpt>
      <trkpt lat="52.54853" lon="13.40048">
        <ele>44.23</ele>
      </trkpt>
      <trkpt lat="52.54862" lon="13.40045">
        <ele>44.75</ele>
      </trkpt>
      <trkpt lat="52.54876" lon="13.40039">
        <ele>44.87</ele>
      </trkpt>
      <trkpt lat="52.54881" lon="13.40046">
        <ele>44.44</ele>
      </trkpt>
      <trkpt lat="52.54889" lon="13.40044">
        <ele>44.4</ele>
      </trkpt>
      <trkpt lat="52.54901" lon="13.40036">
        <ele>42.96</ele>
      </trkpt>
      <trkpt lat="52.54904" lon="13.40039">
        <ele>42.42</ele>
      </trkpt>
      <trkpt lat="52.54905" lon="13.40036">
        <ele>42.38</ele>
      </trkpt>
      <trkpt lat="52.54906" lon="13.40033">
        <ele>42.35</ele>
      </trkpt>
      <trkpt lat="52.54907" lon="13.40035">
        <ele>42.13</ele>
      </trkpt>
      <trkpt lat="52.54908" lon="13.40035">
        <ele>41.99</ele>
      </trkpt>
      <trkpt lat="52.5498" lon="13.40006">
        <ele>38.18</ele>
      </trkpt>
      <trkpt lat="52.55016" lon="13.39991">
        <ele>42.08</ele>
      </trkpt>
      <trkpt lat="52.55095" lon="13.3996">
        <ele>45.4</ele>
      </trkpt>
      <trkpt lat="52.55098" lon="13.39959">
        <ele>45.58</ele>
      </trkpt>
      <trkpt lat="52.55101" lon="13.40008">
        <ele>49.67</ele>
      </trkpt>
      <trkpt lat="52.55102" lon="13.40015">
        <ele>50.86</ele>
      </trkpt>
      <trkpt lat="52.551" lon="13.40017">
        <ele>50.73</ele>
      </trkpt>
      <trkpt lat="52.55065" lon="13.40045">
        <ele>47.51</ele>
      </trkpt>
      <trkpt lat="52.55062" lon="13.40034">
        <ele>46.74</ele>
      </trkpt>
      <trkpt lat="52.55098" lon="13.40004">
        <ele>48.63</ele>
      </trkpt>
      <trkpt lat="52.55118" lon="13.39991">
        <ele>51.43</ele>
      </trkpt>
      <trkpt lat="52.55152" lon="13.39983">
        <ele>59.94</ele>
      </trkpt>
      <trkpt lat="52.55157" lon="13.3999">
        <ele>62.44</ele>
      </trkpt>
      <trkpt lat="52.55158" lon="13.39991">
        <ele>62.84</ele>
      </trkpt>
      <trkpt lat="52.5516" lon="13.39993">
        <ele>63.61</ele>
      </trkpt>
      <trkpt lat="52.55183" lon="13.39982">
        <ele>64.65</ele>
      </trkpt>
      <trkpt lat="52.55189" lon="13.39984">
        <ele>65.74</ele>
      </trkpt>
      <trkpt lat="52.55242" lon="13.39959">
        <ele>61.75</ele>
      </trkpt>
      <trkpt lat="52.55265" lon="13.39949">
        <ele>59.77</ele>
      </trkpt>
      <trkpt lat="52.55287" lon="13.3994">
        <ele>57.12</ele>
      </trkpt>
      <trkpt lat="52.55294" lon="13.39938">
        <ele>56.64</ele>
      </trkpt>
      <trkpt lat="52.55294" lon="13.39938">
        <ele>56.64</ele>
      </trkpt>
      <trkpt lat="52.55294" lon="13.39938">
        <ele>56.64</ele>
      </trkpt>
      <trkpt lat="52.55294" lon="13.39938">
        <ele>56.64</ele>
      </trkpt>
      <trkpt lat="52.55356" lon="13.3992">
        <ele>47.21</ele>
      </trkpt>
      <trkpt lat="52.55363" lon="13.39915">
        <ele>46.74</ele>
      </trkpt>
      <trkpt lat="52.55406" lon="13.39903">
        <ele>46.16</ele>
      </trkpt>
      <trkpt lat="52.55406" lon="13.39903">
        <ele>46.16</ele>
      </trkpt>
      <trkpt lat="52.55406" lon="13.39903">
        <ele>46.16</ele>
      </trkpt>
      <trkpt lat="52.5544" lon="13.39893">
        <ele>46.18</ele>
      </trkpt>
      <trkpt lat="52.5545" lon="13.39894">
        <ele>46.6</ele>
      </trkpt>
      <trkpt lat="52.55478" lon="13.39891">
        <ele>48.39</ele>
      </trkpt>
      <trkpt lat="52.55485" lon="13.39891">
        <ele>47.65</ele>
      </trkpt>
      <trkpt lat="52.55499" lon="13.39891">
        <ele>46.18</ele>
      </trkpt>
      <trkpt lat="52.55517" lon="13.39896">
        <ele>42.14</ele>
      </trkpt>
      <trkpt lat="52.55535" lon="13.39895">
        <ele>39.15</ele>
      </trkpt>
      <trkpt lat="52.55576" lon="13.3989">
        <ele>40.21</ele>
      </trkpt>
      <trkpt lat="52.55614" lon="13.39884">
        <ele>39.88</ele>
      </trkpt>
      <trkpt lat="52.55633" lon="13.39882">
        <ele>41.18</ele>
      </trkpt>
      <trkpt lat="52.55647" lon="13.39881">
        <ele>42.53</ele>
      </trkpt>
      <trkpt lat="52.55674" lon="13.39883">
        <ele>44.48</ele>
      </trkpt>
      <trkpt lat="52.5572" lon="13.39888">
        <ele>41.14</ele>
      </trkpt>
      <trkpt lat="52.55754" lon="13.39895">
        <ele>38.15</ele>
      </trkpt>
      <trkpt lat="52.55778" lon="13.39904">
        <ele>44.63</ele>
      </trkpt>
      <trkpt lat="52.55783" lon="13.39907">
        <ele>44.79</ele>
      </trkpt>
      <trkpt lat="52.55783" lon="13.39907">
        <ele>44.79</ele>
      </trkpt>
      <trkpt lat="52.55846" lon="13.39944">
        <ele>45.46</ele>
      </trkpt>
      <trkpt lat="52.55843" lon="13.39965">
        <ele>46.6</ele>
      </trkpt>
      <trkpt lat="52.55852" lon="13.39974">
        <ele>48.12</ele>
      </trkpt>
      <trkpt lat="52.55857" lon="13.3998">
        <ele>49.07</ele>
      </trkpt>
      <trkpt lat="52.55853" lon="13.39989">
        <ele>49.16</ele>
      </trkpt>
      <trkpt lat="52.55854" lon="13.39989">
        <ele>49.29</ele>
      </trkpt>
      <trkpt lat="52.55854" lon="13.39989">
        <ele>49.29</ele>
      </trkpt>
      <trkpt lat="52.55853" lon="13.39989">
        <ele>49.16</ele>
      </trkpt>
      <trkpt lat="52.55857" lon="13.3998">
        <ele>49.07</ele>
      </trkpt>
      <trkpt lat="52.55915" lon="13.40067">
        <ele>54.07</ele>
      </trkpt>
      <trkpt lat="52.5614" lon="13.40404">
        <ele>49.72</ele>
      </trkpt>
      <trkpt lat="52.56146" lon="13.40397">
        <ele>48.57</ele>
      </trkpt>
      <trkpt lat="52.56166" lon="13.40365">
        <ele>46.26</ele>
      </trkpt>
      <trkpt lat="52.56179" lon="13.40348">
        <ele>46.86</ele>
      </trkpt>
      <trkpt lat="52.56214" lon="13.40293">
        <ele>46.8</ele>
      </trkpt>
      <trkpt lat="52.56217" lon="13.40286">
        <ele>46.4</ele>
      </trkpt>
      <trkpt lat="52.56222" lon="13.40282">
        <ele>46.3</ele>
      </trkpt>
      <trkpt lat="52.56228" lon="13.40279">
        <ele>46.31</ele>
      </trkpt>
      <trkpt lat="52.56227" lon="13.4026">
        <ele>44.89</ele>
      </trkpt>
      <trkpt lat="52.56227" lon="13.4026">
        <ele>44.89</ele>
      </trkpt>
      <trkpt lat="52.56188" lon="13.39779">
        <ele>52.67</ele>
      </trkpt>
      <trkpt lat="52.56188" lon="13.39773">
        <ele>51.6</ele>
      </trkpt>
      <trkpt lat="52.56191" lon="13.39766">
        <ele>50.55</ele>
      </trkpt>
      <trkpt lat="52.56408" lon="13.39539">
        <ele>50.26</ele>
      </trkpt>
      <trkpt lat="52.56408" lon="13.39539">
        <ele>50.26</ele>
      </trkpt>
      <trkpt lat="52.56491" lon="13.39453">
        <ele>55.8</ele>
      </trkpt>
      <trkpt lat="52.56491" lon="13.39453">
        <ele>55.8</ele>
      </trkpt>
      <trkpt lat="52.56497" lon="13.39447">
        <ele>55.98</ele>
      </trkpt>
      <trkpt lat="52.56485" lon="13.39423">
        <ele>55.17</ele>
      </trkpt>
      <trkpt lat="52.56499" lon="13.39402">
        <ele>54.34</ele>
      </trkpt>
      <trkpt lat="52.56512" lon="13.39426">
        <ele>55.28</ele>
      </trkpt>
      <trkpt lat="52.56522" lon="13.3941">
        <ele>54.27</ele>
      </trkpt>
      <trkpt lat="52.56522" lon="13.3941">
        <ele>54.27</ele>
      </trkpt>
      <trkpt lat="52.56643" lon="13.39229">
        <ele>45.76</ele>
      </trkpt>
      <trkpt lat="52.56643" lon="13.39229">
        <ele>45.76</ele>
      </trkpt>
      <trkpt lat="52.56754" lon="13.3906">
        <ele>50.23</ele>
      </trkpt>
      <trkpt lat="52.56754" lon="13.3906">
        <ele>50.23</ele>
      </trkpt>
      <trkpt lat="52.56778" lon="13.39057">
        <ele>42.21</ele>
      </trkpt>
      <trkpt lat="52.56778" lon="13.39057">
        <ele>42.21</ele>
      </trkpt>
      <trkpt lat="52.5678" lon="13.39056">
        <ele>41.6</ele>
      </trkpt>
      <trkpt lat="52.5678" lon="13.39056">
        <ele>41.6</ele>
      </trkpt>
      <trkpt lat="52.56786" lon="13.39058">
        <ele>40.64</ele>
      </trkpt>
      <trkpt lat="52.56786" lon="13.39058">
        <ele>40.64</ele>
      </trkpt>
      <trkpt lat="52.56808" lon="13.39067">
        <ele>37.52</ele>
      </trkpt>
      <trkpt lat="52.56808" lon="13.39067">
        <ele>37.52</ele>
      </trkpt>
      <trkpt lat="52.56827" lon="13.39069">
        <ele>36.79</ele>
      </trkpt>
      <trkpt lat="52.56827" lon="13.39069">
        <ele>36.79</ele>
      </trkpt>
      <trkpt lat="52.56878" lon="13.38977">
        <ele>40.81</ele>
      </trkpt>
      <trkpt lat="52.56878" lon="13.38977">
        <ele>40.81</ele>
      </trkpt>
      <trkpt lat="52.56926" lon="13.38893">
        <ele>43.51</ele>
      </trkpt>
      <trkpt lat="52.56926" lon="13.38893">
        <ele>43.51</ele>
      </trkpt>
      <trkpt lat="52.5697" lon="13.38814">
        <ele>42.41</ele>
      </trkpt>
      <trkpt lat="52.5697" lon="13.38814">
        <ele>42.41</ele>
      </trkpt>
      <trkpt lat="52.57012" lon="13.38738">
        <ele>42.92</ele>
      </trkpt>
      <trkpt lat="52.57012" lon="13.38738">
        <ele>42.92</ele>
      </trkpt>
      <trkpt lat="52.57047" lon="13.38676">
        <ele>40.33</ele>
      </trkpt>
      <trkpt lat="52.57081" lon="13.38613">
        <ele>40.52</ele>
      </trkpt>
      <trkpt lat="52.57081" lon="13.38613">
        <ele>40.52</ele>
      </trkpt>
      <trkpt lat="52.5714" lon="13.38506">
        <ele>41.58</ele>
      </trkpt>
      <trkpt lat="52.5714" lon="13.38506">
        <ele>41.58</ele>
      </trkpt>
      <trkpt lat="52.57198" lon="13.38404">
        <ele>46.01</ele>
      </trkpt>
      <trkpt lat="52.57198" lon="13.38404">
        <ele>46.01</ele>
      </trkpt>
      <trkpt lat="52.57248" lon="13.38317">
        <ele>44.5</ele>
      </trkpt>
      <trkpt lat="52.57248" lon="13.38317">
        <ele>44.5</ele>
      </trkpt>
      <trkpt lat="52.57263" lon="13.38344">
        <ele>44.14</ele>
      </trkpt>
      <trkpt lat="52.57263" lon="13.38344">
        <ele>44.14</ele>
      </trkpt>
      <trkpt lat="52.57275" lon="13.38354">
        <ele>44.31</ele>
      </trkpt>
      <trkpt lat="52.57275" lon="13.38354">
        <ele>44.31</ele>
      </trkpt>
      <trkpt lat="52.57305" lon="13.38287">
        <ele>41.31</ele>
      </trkpt>
      <trkpt lat="52.57334" lon="13.38219">
        <ele>39.82</ele>
      </trkpt>
      <trkpt lat="52.57334" lon="13.38219">
        <ele>39.82</ele>
      </trkpt>
      <trkpt lat="52.57388" lon="13.38147">
        <ele>48.96</ele>
      </trkpt>
      <trkpt lat="52.57388" lon="13.38147">
        <ele>48.96</ele>
      </trkpt>
      <trkpt lat="52.57429" lon="13.38095">
        <ele>58.76</ele>
      </trkpt>
      <trkpt lat="52.57469" lon="13.38043">
        <ele>60.19</ele>
      </trkpt>
      <trkpt lat="52.57469" lon="13.38043">
        <ele>60.19</ele>
      </trkpt>
      <trkpt lat="52.57497" lon="13.38007">
        <ele>54.17</ele>
      </trkpt>
      <trkpt lat="52.57497" lon="13.38007">
        <ele>54.17</ele>
      </trkpt>
      <trkpt lat="52.57503" lon="13.38">
        <ele>53.0</ele>
      </trkpt>
      <trkpt lat="52.57503" lon="13.38">
        <ele>53.0</ele>
      </trkpt>
      <trkpt lat="52.57501" lon="13.37924">
        <ele>45.52</ele>
      </trkpt>
      <trkpt lat="52.57499" lon="13.37847">
        <ele>43.35</ele>
      </trkpt>
      <trkpt lat="52.57499" lon="13.37847">
        <ele>43.35</ele>
      </trkpt>
      <trkpt lat="52.57495" lon="13.37768">
        <ele>45.23</ele>
      </trkpt>
      <trkpt lat="52.57495" lon="13.37768">
        <ele>45.23</ele>
      </trkpt>
      <trkpt lat="52.57495" lon="13.3777">
        <ele>45.2</ele>
      </trkpt>
      <trkpt lat="52.57496" lon="13.37768">
        <ele>45.38</ele>
      </trkpt>
      <trkpt lat="52.57498" lon="13.37766">
        <ele>45.7</ele>
      </trkpt>
      <trkpt lat="52.57531" lon="13.3772">
        <ele>47.06</ele>
      </trkpt>
      <trkpt lat="52.57541" lon="13.37706">
        <ele>43.39</ele>
      </trkpt>
      <trkpt lat="52.57556" lon="13.37684">
        <ele>38.62</ele>
      </trkpt>
      <trkpt lat="52.57556" lon="13.37684">
        <ele>38.62</ele>
      </trkpt>
      <trkpt lat="52.57556" lon="13.37684">
        <ele>38.62</ele>
      </trkpt>
      <trkpt lat="52.57598" lon="13.37622">
        <ele>38.23</ele>
      </trkpt>
      <trkpt lat="52.57615" lon="13.37599">
        <ele>40.91</ele>
      </trkpt>
      <trkpt lat="52.57628" lon="13.3757">
        <ele>42.39</ele>
      </trkpt>
      <trkpt lat="52.57636" lon="13.37552">
        <ele>43.06</ele>
      </trkpt>
      <trkpt lat="52.57636" lon="13.37552">
        <ele>43.06</ele>
      </trkpt>
      <trkpt lat="52.57636" lon="13.37552">
        <ele>43.06</ele>
      </trkpt>
      <trkpt lat="52.57641" lon="13.37543">
        <ele>43.52</ele>
      </trkpt>
      <trkpt lat="52.57651" lon="13.37519">
        <ele>44.14</ele>
      </trkpt>
      <trkpt lat="52.577" lon="13.37401">
        <ele>47.94</ele>
      </trkpt>
      <trkpt lat="52.57721" lon="13.3735">
        <ele>43.46</ele>
      </trkpt>
      <trkpt lat="52.57728" lon="13.37333">
        <ele>40.63</ele>
      </trkpt>
      <trkpt lat="52.57731" lon="13.37327">
        <ele>41.15</ele>
      </trkpt>
      <trkpt lat="52.57731" lon="13.37327">
        <ele>41.15</ele>
      </trkpt>
      <trkpt lat="52.57731" lon="13.37327">
        <ele>41.15</ele>
      </trkpt>
      <trkpt lat="52.57771" lon="13.37232">
        <ele>43.43</ele>
      </trkpt>
      <trkpt lat="52.57775" lon="13.37223">
        <ele>43.81</ele>
      </trkpt>
      <trkpt lat="52.57827" lon="13.37118">
        <ele>44.07</ele>
      </trkpt>
      <trkpt lat="52.57827" lon="13.37118">
        <ele>44.07</ele>
      </trkpt>
      <trkpt lat="52.57827" lon="13.37118">
        <ele>44.07</ele>
      </trkpt>
      <trkpt lat="52.57861" lon="13.3705">
        <ele>39.8</ele>
      </trkpt>
      <trkpt lat="52.57907" lon="13.36961">
        <ele>41.21</ele>
      </trkpt>
      <trkpt lat="52.57907" lon="13.36961">
        <ele>41.21</ele>
      </trkpt>
      <trkpt lat="52.57907" lon="13.36961">
        <ele>41.21</ele>
      </trkpt>
      <trkpt lat="52.57908" lon="13.36959">
        <ele>40.75</ele>
      </trkpt>
      <trkpt lat="52.57934" lon="13.36909">
        <ele>43.15</ele>
      </trkpt>
      <trkpt lat="52.57937" lon="13.369">
        <ele>43.8</ele>
      </trkpt>
      <trkpt lat="52.57937" lon="13.369">
        <ele>43.8</ele>
      </trkpt>
      <trkpt lat="52.57937" lon="13.369">
        <ele>43.8</ele>
      </trkpt>
      <trkpt lat="52.57941" lon="13.36889">
        <ele>44.62</ele>
      </trkpt>
      <trkpt lat="52.57942" lon="13.36871">
        <ele>47.14</ele>
      </trkpt>
      <trkpt lat="52.57943" lon="13.36849">
        <ele>47.91</ele>
      </trkpt>
      <trkpt lat="52.57943" lon="13.36849">
        <ele>47.91</ele>
      </trkpt>
      <trkpt lat="52.57943" lon="13.36849">
        <ele>47.91</ele>
      </trkpt>
      <trkpt lat="52.57986" lon="13.36765">
        <ele>44.51</ele>
      </trkpt>
      <trkpt lat="52.57991" lon="13.36756">
        <ele>44.05</ele>
      </trkpt>
      <trkpt lat="52.58003" lon="13.36733">
        <ele>44.29</ele>
      </trkpt>
      <trkpt lat="52.58003" lon="13.36733">
        <ele>44.29</ele>
      </trkpt>
      <trkpt lat="52.58003" lon="13.36733">
        <ele>44.29</ele>
      </trkpt>
      <trkpt lat="52.58035" lon="13.36671">
        <ele>41.87</ele>
      </trkpt>
      <trkpt lat="52.58041" lon="13.36662">
        <ele>42.04</ele>
      </trkpt>
      <trkpt lat="52.58046" lon="13.36658">
        <ele>42.42</ele>
      </trkpt>
      <trkpt lat="52.58046" lon="13.36658">
        <ele>42.42</ele>
      </trkpt>
      <trkpt lat="52.58046" lon="13.36658">
        <ele>42.42</ele>
      </trkpt>
      <trkpt lat="52.58047" lon="13.36657">
        <ele>42.49</ele>
      </trkpt>
      <trkpt lat="52.58068" lon="13.36649">
        <ele>45.24</ele>
      </trkpt>
      <trkpt lat="52.58086" lon="13.3663">
        <ele>48.29</ele>
      </trkpt>
      <trkpt lat="52.58096" lon="13.36608">
        <ele>49.15</ele>
      </trkpt>
      <trkpt lat="52.58096" lon="13.36608">
        <ele>49.15</ele>
      </trkpt>
      <trkpt lat="52.58096" lon="13.36608">
        <ele>49.15</ele>
      </trkpt>
      <trkpt lat="52.58101" lon="13.36593">
        <ele>48.43</ele>
      </trkpt>
      <trkpt lat="52.58115" lon="13.36554">
        <ele>46.08</ele>
      </trkpt>
      <trkpt lat="52.5813" lon="13.36519">
        <ele>48.29</ele>
      </trkpt>
      <trkpt lat="52.58141" lon="13.36493">
        <ele>46.46</ele>
      </trkpt>
      <trkpt lat="52.58145" lon="13.36486">
        <ele>45.99</ele>
      </trkpt>
      <trkpt lat="52.58145" lon="13.36486">
        <ele>45.99</ele>
      </trkpt>
      <trkpt lat="52.58145" lon="13.36486">
        <ele>45.99</ele>
      </trkpt>
      <trkpt lat="52.58146" lon="13.36464">
        <ele>45.26</ele>
      </trkpt>
      <trkpt lat="52.58145" lon="13.36454">
        <ele>45.22</ele>
      </trkpt>
      <trkpt lat="52.58143" lon="13.36443">
        <ele>45.18</ele>
      </trkpt>
      <trkpt lat="52.58143" lon="13.36429">
        <ele>45.48</ele>
      </trkpt>
      <trkpt lat="52.58144" lon="13.36416">
        <ele>45.92</ele>
      </trkpt>
      <trkpt lat="52.58145" lon="13.36404">
        <ele>46.1</ele>
      </trkpt>
      <trkpt lat="52.58147" lon="13.36391">
        <ele>46.46</ele>
      </trkpt>
      <trkpt lat="52.58147" lon="13.36391">
        <ele>46.46</ele>
      </trkpt>
      <trkpt lat="52.58147" lon="13.36391">
        <ele>46.46</ele>
      </trkpt>
      <trkpt lat="52.58138" lon="13.36385">
        <ele>45.03</ele>
      </trkpt>
      <trkpt lat="52.58138" lon="13.36385">
        <ele>45.03</ele>
      </trkpt>
      <trkpt lat="52.58138" lon="13.36385">
        <ele>45.03</ele>
      </trkpt>
      <trkpt lat="52.58134" lon="13.36382">
        <ele>45.18</ele>
      </trkpt>
      <trkpt lat="52.58134" lon="13.36382">
        <ele>45.18</ele>
      </trkpt>
      <trkpt lat="52.58132" lon="13.36381">
        <ele>45.25</ele>
      </trkpt>
      <trkpt lat="52.58143" lon="13.36388">
        <ele>45.74</ele>
      </trkpt>
      <trkpt lat="52.58143" lon="13.36388">
        <ele>45.74</ele>
      </trkpt>
      <trkpt lat="52.58147" lon="13.36391">
        <ele>46.46</ele>
      </trkpt>
      <trkpt lat="52.58132" lon="13.36381">
        <ele>45.25</ele>
      </trkpt>
      <trkpt lat="52.58128" lon="13.36379">
        <ele>45.39</ele>
      </trkpt>
      <trkpt lat="52.58125" lon="13.36377">
        <ele>45.5</ele>
      </trkpt>
      <trkpt lat="52.58121" lon="13.36374">
        <ele>45.64</ele>
      </trkpt>
      <trkpt lat="52.58121" lon="13.36374">
        <ele>45.64</ele>
      </trkpt>
      <trkpt lat="52.58121" lon="13.36374">
        <ele>45.64</ele>
      </trkpt>
      <trkpt lat="52.58124" lon="13.36362">
        <ele>45.54</ele>
      </trkpt>
      <trkpt lat="52.58134" lon="13.36368">
        <ele>45.18</ele>
      </trkpt>
      <trkpt lat="52.58134" lon="13.36368">
        <ele>45.18</ele>
      </trkpt>
      <trkpt lat="52.58135" lon="13.36369">
        <ele>45.14</ele>
      </trkpt>
      <trkpt lat="52.58138" lon="13.36362">
        <ele>45.03</ele>
      </trkpt>
      <trkpt lat="52.58156" lon="13.36329">
        <ele>46.4</ele>
      </trkpt>
      <trkpt lat="52.58156" lon="13.36329">
        <ele>46.4</ele>
      </trkpt>
      <trkpt lat="52.58156" lon="13.36329">
        <ele>46.4</ele>
      </trkpt>
      <trkpt lat="52.58176" lon="13.36292">
        <ele>46.51</ele>
      </trkpt>
      <trkpt lat="52.58181" lon="13.36285">
        <ele>45.46</ele>
      </trkpt>
      <trkpt lat="52.58185" lon="13.36282">
        <ele>44.71</ele>
      </trkpt>
      <trkpt lat="52.58196" lon="13.36275">
        <ele>42.95</ele>
      </trkpt>
      <trkpt lat="52.58198" lon="13.36272">
        <ele>42.9</ele>
      </trkpt>
      <trkpt lat="52.58198" lon="13.36272">
        <ele>42.9</ele>
      </trkpt>
      <trkpt lat="52.58198" lon="13.36272">
        <ele>42.9</ele>
      </trkpt>
      <trkpt lat="52.58201" lon="13.36269">
        <ele>42.84</ele>
      </trkpt>
      <trkpt lat="52.58217" lon="13.3624">
        <ele>43.58</ele>
      </trkpt>
      <trkpt lat="52.58242" lon="13.36195">
        <ele>42.45</ele>
      </trkpt>
      <trkpt lat="52.58242" lon="13.36195">
        <ele>42.45</ele>
      </trkpt>
      <trkpt lat="52.58242" lon="13.36195">
        <ele>42.45</ele>
      </trkpt>
      <trkpt lat="52.58298" lon="13.36093">
        <ele>42.76</ele>
      </trkpt>
      <trkpt lat="52.5832" lon="13.36054">
        <ele>44.5</ele>
      </trkpt>
      <trkpt lat="52.58325" lon="13.36043">
        <ele>44.35</ele>
      </trkpt>
      <trkpt lat="52.58325" lon="13.36043">
        <ele>44.35</ele>
      </trkpt>
      <trkpt lat="52.58325" lon="13.35988">
        <ele>44.54</ele>
      </trkpt>
      <trkpt lat="52.58325" lon="13.35988">
        <ele>44.54</ele>
      </trkpt>
      <trkpt lat="52.58369" lon="13.35907">
        <ele>44.57</ele>
      </trkpt>
      <trkpt lat="52.58413" lon="13.35825">
        <ele>42.95</ele>
      </trkpt>
      <trkpt lat="52.58413" lon="13.35825">
        <ele>42.95</ele>
      </trkpt>
      <trkpt lat="52.58444" lon="13.35769">
        <ele>47.0</ele>
      </trkpt>
      <trkpt lat="52.58475" lon="13.35714">
        <ele>49.27</ele>
      </trkpt>
      <trkpt lat="52.58505" lon="13.35658">
        <ele>43.91</ele>
      </trkpt>
      <trkpt lat="52.58536" lon="13.35603">
        <ele>46.97</ele>
      </trkpt>
      <trkpt lat="52.58567" lon="13.35547">
        <ele>48.43</ele>
      </trkpt>
      <trkpt lat="52.58598" lon="13.35491">
        <ele>46.88</ele>
      </trkpt>
      <trkpt lat="52.58628" lon="13.35436">
        <ele>46.09</ele>
      </trkpt>
      <trkpt lat="52.58659" lon="13.3538">
        <ele>47.81</ele>
      </trkpt>
      <trkpt lat="52.58659" lon="13.3538">
        <ele>47.81</ele>
      </trkpt>
      <trkpt lat="52.58695" lon="13.35318">
        <ele>49.98</ele>
      </trkpt>
      <trkpt lat="52.58732" lon="13.35257">
        <ele>52.19</ele>
      </trkpt>
      <trkpt lat="52.58768" lon="13.35195">
        <ele>51.28</ele>
      </trkpt>
      <trkpt lat="52.58804" lon="13.35133">
        <ele>45.22</ele>
      </trkpt>
      <trkpt lat="52.58804" lon="13.35133">
        <ele>45.22</ele>
      </trkpt>
      <trkpt lat="52.58803" lon="13.35131">
        <ele>45.27</ele>
      </trkpt>
      <trkpt lat="52.58818" lon="13.35106">
        <ele>45.19</ele>
      </trkpt>
      <trkpt lat="52.5894" lon="13.34868">
        <ele>46.51</ele>
      </trkpt>
      <trkpt lat="52.58954" lon="13.34839">
        <ele>46.2</ele>
      </trkpt>
      <trkpt lat="52.58962" lon="13.34835">
        <ele>47.32</ele>
      </trkpt>
      <trkpt lat="52.58983" lon="13.34798">
        <ele>45.84</ele>
      </trkpt>
      <trkpt lat="52.58983" lon="13.34798">
        <ele>45.84</ele>
      </trkpt>
      <trkpt lat="52.58983" lon="13.34797">
        <ele>45.74</ele>
      </trkpt>
      <trkpt lat="52.58994" lon="13.34777">
        <ele>44.56</ele>
      </trkpt>
      <trkpt lat="52.58994" lon="13.34777">
        <ele>44.56</ele>
      </trkpt>
      <trkpt lat="52.58998" lon="13.34774">
        <ele>44.85</ele>
      </trkpt>
      <trkpt lat="52.59002" lon="13.34792">
        <ele>45.4</ele>
      </trkpt>
      <trkpt lat="52.59016" lon="13.34854">
        <ele>46.43</ele>
      </trkpt>
      <trkpt lat="52.59023" lon="13.34887">
        <ele>46.99</ele>
      </trkpt>
      <trkpt lat="52.59023" lon="13.34887">
        <ele>46.99</ele>
      </trkpt>
      <trkpt lat="52.59023" lon="13.34887">
        <ele>46.99</ele>
      </trkpt>
      <trkpt lat="52.59031" lon="13.3493">
        <ele>48.05</ele>
      </trkpt>
      <trkpt lat="52.59046" lon="13.35013">
        <ele>48.35</ele>
      </trkpt>
      <trkpt lat="52.5905" lon="13.35037">
        <ele>47.93</ele>
      </trkpt>
      <trkpt lat="52.59051" lon="13.35047">
        <ele>47.89</ele>
      </trkpt>
      <trkpt lat="52.59054" lon="13.35061">
        <ele>47.93</ele>
      </trkpt>
      <trkpt lat="52.59058" lon="13.35092">
        <ele>47.72</ele>
      </trkpt>
      <trkpt lat="52.59059" lon="13.3511">
        <ele>47.16</ele>
      </trkpt>
      <trkpt lat="52.59061" lon="13.3513">
        <ele>46.65</ele>
      </trkpt>
      <trkpt lat="52.59062" lon="13.35145">
        <ele>46.46</ele>
      </trkpt>
      <trkpt lat="52.59069" lon="13.35235">
        <ele>46.99</ele>
      </trkpt>
      <trkpt lat="52.59072" lon="13.35287">
        <ele>46.04</ele>
      </trkpt>
      <trkpt lat="52.59073" lon="13.35326">
        <ele>44.59</ele>
      </trkpt>
      <trkpt lat="52.59073" lon="13.35361">
        <ele>44.0</ele>
      </trkpt>
      <trkpt lat="52.59074" lon="13.35429">
        <ele>45.19</ele>
      </trkpt>
      <trkpt lat="52.59084" lon="13.35634">
        <ele>44.02</ele>
      </trkpt>
      <trkpt lat="52.59092" lon="13.35801">
        <ele>44.91</ele>
      </trkpt>
      <trkpt lat="52.59094" lon="13.35831">
        <ele>45.53</ele>
      </trkpt>
      <trkpt lat="52.59095" lon="13.35843">
        <ele>46.71</ele>
      </trkpt>
      <trkpt lat="52.59095" lon="13.35852">
        <ele>47.77</ele>
      </trkpt>
      <trkpt lat="52.59095" lon="13.35852">
        <ele>47.77</ele>
      </trkpt>
      <trkpt lat="52.59095" lon="13.35852">
        <ele>47.77</ele>
      </trkpt>
      <trkpt lat="52.59101" lon="13.35858">
        <ele>48.83</ele>
      </trkpt>
      <trkpt lat="52.59106" lon="13.35865">
        <ele>49.66</ele>
      </trkpt>
      <trkpt lat="52.59109" lon="13.35911">
        <ele>49.19</ele>
      </trkpt>
      <trkpt lat="52.59112" lon="13.35952">
        <ele>51.21</ele>
      </trkpt>
      <trkpt lat="52.59117" lon="13.35995">
        <ele>54.39</ele>
      </trkpt>
      <trkpt lat="52.59125" lon="13.36056">
        <ele>56.97</ele>
      </trkpt>
      <trkpt lat="52.59126" lon="13.36063">
        <ele>57.13</ele>
      </trkpt>
      <trkpt lat="52.59129" lon="13.3607">
        <ele>58.39</ele>
      </trkpt>
      <trkpt lat="52.59136" lon="13.3608">
        <ele>61.07</ele>
      </trkpt>
      <trkpt lat="52.59143" lon="13.36083">
        <ele>62.79</ele>
      </trkpt>
      <trkpt lat="52.59157" lon="13.36085">
        <ele>65.07</ele>
      </trkpt>
      <trkpt lat="52.59157" lon="13.36085">
        <ele>65.07</ele>
      </trkpt>
      <trkpt lat="52.59157" lon="13.36085">
        <ele>65.07</ele>
      </trkpt>
      <trkpt lat="52.59162" lon="13.36086">
        <ele>65.97</ele>
      </trkpt>
      <trkpt lat="52.59163" lon="13.3609">
        <ele>65.91</ele>
      </trkpt>
      <trkpt lat="52.59165" lon="13.36101">
        <ele>65.84</ele>
      </trkpt>
      <trkpt lat="52.59169" lon="13.36109">
        <ele>66.16</ele>
      </trkpt>
      <trkpt lat="52.59179" lon="13.36123">
        <ele>64.64</ele>
      </trkpt>
      <trkpt lat="52.59225" lon="13.36178">
        <ele>57.25</ele>
      </trkpt>
      <trkpt lat="52.59225" lon="13.36178">
        <ele>57.25</ele>
      </trkpt>
      <trkpt lat="52.59308" lon="13.36278">
        <ele>47.82</ele>
      </trkpt>
      <trkpt lat="52.59311" lon="13.36281">
        <ele>47.51</ele>
      </trkpt>
      <trkpt lat="52.59322" lon="13.36296">
        <ele>46.55</ele>
      </trkpt>
      <trkpt lat="52.59334" lon="13.3631">
        <ele>46.09</ele>
      </trkpt>
      <trkpt lat="52.59334" lon="13.3631">
        <ele>46.09</ele>
      </trkpt>
      <trkpt lat="52.59334" lon="13.3631">
        <ele>46.09</ele>
      </trkpt>
      <trkpt lat="52.5935" lon="13.3633">
        <ele>47.87</ele>
      </trkpt>
      <trkpt lat="52.59372" lon="13.36356">
        <ele>51.32</ele>
      </trkpt>
      <trkpt lat="52.59407" lon="13.36401">
        <ele>53.38</ele>
      </trkpt>
      <trkpt lat="52.59444" lon="13.36444">
        <ele>53.98</ele>
      </trkpt>
      <trkpt lat="52.59447" lon="13.36447">
        <ele>54.17</ele>
      </trkpt>
      <trkpt lat="52.59463" lon="13.36465">
        <ele>54.13</ele>
      </trkpt>
      <trkpt lat="52.59483" lon="13.3649">
        <ele>55.39</ele>
      </trkpt>
      <trkpt lat="52.59494" lon="13.36502">
        <ele>55.05</ele>
      </trkpt>
      <trkpt lat="52.59513" lon="13.36525">
        <ele>60.9</ele>
      </trkpt>
      <trkpt lat="52.59523" lon="13.36538">
        <ele>65.34</ele>
      </trkpt>
      <trkpt lat="52.59529" lon="13.36545">
        <ele>66.95</ele>
      </trkpt>
      <trkpt lat="52.59573" lon="13.36599">
        <ele>62.47</ele>
      </trkpt>
      <trkpt lat="52.59582" lon="13.36609">
        <ele>61.13</ele>
      </trkpt>
      <trkpt lat="52.59583" lon="13.36611">
        <ele>61.0</ele>
      </trkpt>
      <trkpt lat="52.59599" lon="13.3663">
        <ele>69.42</ele>
      </trkpt>
      <trkpt lat="52.59599" lon="13.3663">
        <ele>69.42</ele>
      </trkpt>
      <trkpt lat="52.59599" lon="13.3663">
        <ele>69.42</ele>
      </trkpt>
      <trkpt lat="52.59628" lon="13.36665">
        <ele>73.25</ele>
      </trkpt>
      <trkpt lat="52.59642" lon="13.36681">
        <ele>71.78</ele>
      </trkpt>
      <trkpt lat="52.59667" lon="13.36711">
        <ele>61.74</ele>
      </trkpt>
      <trkpt lat="52.59717" lon="13.3677">
        <ele>51.9</ele>
      </trkpt>
      <trkpt lat="52.59718" lon="13.36771">
        <ele>51.94</ele>
      </trkpt>
      <trkpt lat="52.59719" lon="13.36773">
        <ele>51.94</ele>
      </trkpt>
      <trkpt lat="52.5972" lon="13.36794">
        <ele>51.75</ele>
      </trkpt>
      <trkpt lat="52.59731" lon="13.36796">
        <ele>52.0</ele>
      </trkpt>
      <trkpt lat="52.59741" lon="13.36807">
        <ele>51.84</ele>
      </trkpt>
      <trkpt lat="52.59742" lon="13.36826">
        <ele>49.69</ele>
      </trkpt>
      <trkpt lat="52.59747" lon="13.36911">
        <ele>50.9</ele>
      </trkpt>
      <trkpt lat="52.59752" lon="13.3691">
        <ele>51.85</ele>
      </trkpt>
      <trkpt lat="52.59758" lon="13.36917">
        <ele>53.43</ele>
      </trkpt>
      <trkpt lat="52.59762" lon="13.36922">
        <ele>54.13</ele>
      </trkpt>
      <trkpt lat="52.59762" lon="13.36922">
        <ele>54.13</ele>
      </trkpt>
      <trkpt lat="52.59762" lon="13.36922">
        <ele>54.13</ele>
      </trkpt>
      <trkpt lat="52.59806" lon="13.36981">
        <ele>54.9</ele>
      </trkpt>
      <trkpt lat="52.59836" lon="13.3702">
        <ele>52.41</ele>
      </trkpt>
      <trkpt lat="52.59869" lon="13.37058">
        <ele>49.88</ele>
      </trkpt>
      <trkpt lat="52.59924" lon="13.37115">
        <ele>43.94</ele>
      </trkpt>
      <trkpt lat="52.59963" lon="13.37145">
        <ele>47.6</ele>
      </trkpt>
      <trkpt lat="52.59964" lon="13.37146">
        <ele>47.85</ele>
      </trkpt>
      <trkpt lat="52.59971" lon="13.37153">
        <ele>49.67</ele>
      </trkpt>
      <trkpt lat="52.59977" lon="13.37159">
        <ele>50.42</ele>
      </trkpt>
      <trkpt lat="52.59979" lon="13.37161">
        <ele>50.63</ele>
      </trkpt>
      <trkpt lat="52.5999" lon="13.3717">
        <ele>52.0</ele>
      </trkpt>
      <trkpt lat="52.60135" lon="13.37272">
        <ele>51.14</ele>
      </trkpt>
      <trkpt lat="52.60135" lon="13.37272">
        <ele>51.14</ele>
      </trkpt>
      <trkpt lat="52.60135" lon="13.37272">
        <ele>51.14</ele>
      </trkpt>
      <trkpt lat="52.60165" lon="13.37292">
        <ele>54.74</ele>
      </trkpt>
      <trkpt lat="52.60227" lon="13.3734">
        <ele>56.13</ele>
      </trkpt>
      <trkpt lat="52.60277" lon="13.37373">
        <ele>55.44</ele>
      </trkpt>
      <trkpt lat="52.60325" lon="13.37414">
        <ele>53.95</ele>
      </trkpt>
      <trkpt lat="52.60372" lon="13.37457">
        <ele>50.94</ele>
      </trkpt>
      <trkpt lat="52.60401" lon="13.37482">
        <ele>50.53</ele>
      </trkpt>
      <trkpt lat="52.60454" lon="13.37528">
        <ele>53.03</ele>
      </trkpt>
      <trkpt lat="52.60464" lon="13.37536">
        <ele>53.66</ele>
      </trkpt>
      <trkpt lat="52.60464" lon="13.37536">
        <ele>53.66</ele>
      </trkpt>
      <trkpt lat="52.60464" lon="13.37536">
        <ele>53.66</ele>
      </trkpt>
      <trkpt lat="52.60471" lon="13.37542">
        <ele>53.44</ele>
      </trkpt>
      <trkpt lat="52.60477" lon="13.37547">
        <ele>53.66</ele>
      </trkpt>
      <trkpt lat="52.6048" lon="13.3755">
        <ele>54.17</ele>
      </trkpt>
      <trkpt lat="52.60494" lon="13.37558">
        <ele>58.36</ele>
      </trkpt>
      <trkpt lat="52.60527" lon="13.3758">
        <ele>56.44</ele>
      </trkpt>
      <trkpt lat="52.60544" lon="13.37589">
        <ele>52.06</ele>
      </trkpt>
      <trkpt lat="52.60562" lon="13.37597">
        <ele>47.72</ele>
      </trkpt>
      <trkpt lat="52.60581" lon="13.37605">
        <ele>44.66</ele>
      </trkpt>
      <trkpt lat="52.60643" lon="13.37617">
        <ele>46.71</ele>
      </trkpt>
      <trkpt lat="52.60657" lon="13.37618">
        <ele>48.37</ele>
      </trkpt>
      <trkpt lat="52.60661" lon="13.37619">
        <ele>48.79</ele>
      </trkpt>
      <trkpt lat="52.60686" lon="13.37625">
        <ele>46.91</ele>
      </trkpt>
      <trkpt lat="52.60736" lon="13.37633">
        <ele>46.78</ele>
      </trkpt>
      <trkpt lat="52.60755" lon="13.37639">
        <ele>49.08</ele>
      </trkpt>
      <trkpt lat="52.60755" lon="13.37639">
        <ele>49.08</ele>
      </trkpt>
      <trkpt lat="52.60755" lon="13.37639">
        <ele>49.08</ele>
      </trkpt>
      <trkpt lat="52.60758" lon="13.37639">
        <ele>49.73</ele>
      </trkpt>
      <trkpt lat="52.6084" lon="13.37696">
        <ele>44.62</ele>
      </trkpt>
      <trkpt lat="52.60927" lon="13.37753">
        <ele>40.42</ele>
      </trkpt>
      <trkpt lat="52.60932" lon="13.37752">
        <ele>40.24</ele>
      </trkpt>
      <trkpt lat="52.60936" lon="13.37749">
        <ele>39.86</ele>
      </trkpt>
      <trkpt lat="52.60941" lon="13.37744">
        <ele>39.03</ele>
      </trkpt>
      <trkpt lat="52.60977" lon="13.37769">
        <ele>35.44</ele>
      </trkpt>
      <trkpt lat="52.60977" lon="13.37769">
        <ele>35.44</ele>
      </trkpt>
      <trkpt lat="52.60977" lon="13.37769">
        <ele>35.44</ele>
      </trkpt>
      <trkpt lat="52.61125" lon="13.37871">
        <ele>52.92</ele>
      </trkpt>
      <trkpt lat="52.6113" lon="13.37872">
        <ele>52.59</ele>
      </trkpt>
      <trkpt lat="52.61136" lon="13.37871">
        <ele>51.79</ele>
      </trkpt>
      <trkpt lat="52.61143" lon="13.37869">
        <ele>50.52</ele>
      </trkpt>
      <trkpt lat="52.61164" lon="13.37856">
        <ele>47.58</ele>
      </trkpt>
      <trkpt lat="52.61226" lon="13.37809">
        <ele>39.11</ele>
      </trkpt>
      <trkpt lat="52.61275" lon="13.37771">
        <ele>49.09</ele>
      </trkpt>
      <trkpt lat="52.61275" lon="13.37771">
        <ele>49.09</ele>
      </trkpt>
      <trkpt lat="52.61275" lon="13.37771">
        <ele>49.09</ele>
      </trkpt>
      <trkpt lat="52.61311" lon="13.37744">
        <ele>50.94</ele>
      </trkpt>
      <trkpt lat="52.61375" lon="13.37695">
        <ele>47.07</ele>
      </trkpt>
      <trkpt lat="52.61419" lon="13.37662">
        <ele>51.85</ele>
      </trkpt>
      <trkpt lat="52.61463" lon="13.37629">
        <ele>56.02</ele>
      </trkpt>
      <trkpt lat="52.61524" lon="13.37583">
        <ele>50.85</ele>
      </trkpt>
      <trkpt lat="52.61584" lon="13.37536">
        <ele>54.56</ele>
      </trkpt>
      <trkpt lat="52.61589" lon="13.37533">
        <ele>54.13</ele>
      </trkpt>
      <trkpt lat="52.61649" lon="13.37489">
        <ele>50.47</ele>
      </trkpt>
      <trkpt lat="52.61708" lon="13.37444">
        <ele>52.46</ele>
      </trkpt>
      <trkpt lat="52.61713" lon="13.37441">
        <ele>52.88</ele>
      </trkpt>
      <trkpt lat="52.61718" lon="13.37438">
        <ele>53.19</ele>
      </trkpt>
      <trkpt lat="52.61798" lon="13.37382">
        <ele>55.29</ele>
      </trkpt>
      <trkpt lat="52.61846" lon="13.37348">
        <ele>51.53</ele>
      </trkpt>
      <trkpt lat="52.61894" lon="13.37314">
        <ele>48.09</ele>
      </trkpt>
      <trkpt lat="52.61942" lon="13.3728">
        <ele>40.74</ele>
      </trkpt>
      <trkpt lat="52.6199" lon="13.37246">
        <ele>46.16</ele>
      </trkpt>
      <trkpt lat="52.6199" lon="13.37246">
        <ele>46.16</ele>
      </trkpt>
      <trkpt lat="52.6199" lon="13.37247">
        <ele>46.28</ele>
      </trkpt>
      <trkpt lat="52.62049" lon="13.37205">
        <ele>46.8</ele>
      </trkpt>
      <trkpt lat="52.62097" lon="13.37169">
        <ele>48.89</ele>
      </trkpt>
      <trkpt lat="52.62144" lon="13.37133">
        <ele>48.84</ele>
      </trkpt>
      <trkpt lat="52.62144" lon="13.37133">
        <ele>48.84</ele>
      </trkpt>
      <trkpt lat="52.62144" lon="13.37133">
        <ele>48.84</ele>
      </trkpt>
      <trkpt lat="52.62167" lon="13.37116">
        <ele>42.98</ele>
      </trkpt>
      <trkpt lat="52.62228" lon="13.37063">
        <ele>39.8</ele>
      </trkpt>
      <trkpt lat="52.62248" lon="13.37044">
        <ele>36.72</ele>
      </trkpt>
      <trkpt lat="52.62389" lon="13.36894">
        <ele>25.82</ele>
      </trkpt>
      <trkpt lat="52.62434" lon="13.36839">
        <ele>25.13</ele>
      </trkpt>
      <trkpt lat="52.62441" lon="13.36828">
        <ele>24.8</ele>
      </trkpt>
      <trkpt lat="52.62458" lon="13.36802">
        <ele>24.81</ele>
      </trkpt>
      <trkpt lat="52.62475" lon="13.36786">
        <ele>24.5</ele>
      </trkpt>
      <trkpt lat="52.62489" lon="13.36775">
        <ele>25.59</ele>
      </trkpt>
      <trkpt lat="52.62501" lon="13.36771">
        <ele>27.26</ele>
      </trkpt>
      <trkpt lat="52.62531" lon="13.36759">
        <ele>30.34</ele>
      </trkpt>
      <trkpt lat="52.62552" lon="13.36751">
        <ele>30.23</ele>
      </trkpt>
      <trkpt lat="52.6257" lon="13.36741">
        <ele>29.78</ele>
      </trkpt>
      <trkpt lat="52.62577" lon="13.36732">
        <ele>30.01</ele>
      </trkpt>
      <trkpt lat="52.62592" lon="13.36709">
        <ele>31.46</ele>
      </trkpt>
      <trkpt lat="52.626" lon="13.36697">
        <ele>31.89</ele>
      </trkpt>
      <trkpt lat="52.62633" lon="13.36658">
        <ele>36.99</ele>
      </trkpt>
      <trkpt lat="52.62665" lon="13.36632">
        <ele>38.75</ele>
      </trkpt>
      <trkpt lat="52.6267" lon="13.36627">
        <ele>38.23</ele>
      </trkpt>
      <trkpt lat="52.62675" lon="13.3662">
        <ele>37.84</ele>
      </trkpt>
      <trkpt lat="52.62678" lon="13.36608">
        <ele>37.96</ele>
      </trkpt>
      <trkpt lat="52.62678" lon="13.36608">
        <ele>37.96</ele>
      </trkpt>
      <trkpt lat="52.62678" lon="13.36608">
        <ele>37.96</ele>
      </trkpt>
      <trkpt lat="52.62677" lon="13.3659">
        <ele>37.61</ele>
      </trkpt>
      <trkpt lat="52.62677" lon="13.36572">
        <ele>37.64</ele>
      </trkpt>
      <trkpt lat="52.62675" lon="13.36445">
        <ele>35.71</ele>
      </trkpt>
      <trkpt lat="52.62675" lon="13.36397">
        <ele>36.99</ele>
      </trkpt>
      <trkpt lat="52.62673" lon="13.36266">
        <ele>39.77</ele>
      </trkpt>
      <trkpt lat="52.6267" lon="13.36126">
        <ele>37.08</ele>
      </trkpt>
      <trkpt lat="52.6267" lon="13.36061">
        <ele>36.14</ele>
      </trkpt>
      <trkpt lat="52.62672" lon="13.36027">
        <ele>34.17</ele>
      </trkpt>
      <trkpt lat="52.6268" lon="13.35964">
        <ele>33.33</ele>
      </trkpt>
      <trkpt lat="52.62707" lon="13.35778">
        <ele>32.91</ele>
      </trkpt>
      <trkpt lat="52.62718" lon="13.35702">
        <ele>30.73</ele>
      </trkpt>
      <trkpt lat="52.6272" lon="13.35687">
        <ele>30.51</ele>
      </trkpt>
      <trkpt lat="52.62722" lon="13.35675">
        <ele>30.72</ele>
      </trkpt>
      <trkpt lat="52.62739" lon="13.35573">
        <ele>33.39</ele>
      </trkpt>
      <trkpt lat="52.62745" lon="13.35541">
        <ele>34.61</ele>
      </trkpt>
      <trkpt lat="52.62746" lon="13.3553">
        <ele>34.93</ele>
      </trkpt>
      <trkpt lat="52.62746" lon="13.3553">
        <ele>34.93</ele>
      </trkpt>
      <trkpt lat="52.62746" lon="13.3553">
        <ele>34.93</ele>
      </trkpt>
      <trkpt lat="52.62747" lon="13.35523">
        <ele>35.46</ele>
      </trkpt>
      <trkpt lat="52.62745" lon="13.35504">
        <ele>37.11</ele>
      </trkpt>
      <trkpt lat="52.62741" lon="13.35487">
        <ele>37.18</ele>
      </trkpt>
      <trkpt lat="52.62679" lon="13.35266">
        <ele>36.87</ele>
      </trkpt>
      <trkpt lat="52.62647" lon="13.3515">
        <ele>35.45</ele>
      </trkpt>
      <trkpt lat="52.62645" lon="13.35142">
        <ele>34.97</ele>
      </trkpt>
      <trkpt lat="52.62642" lon="13.35131">
        <ele>34.48</ele>
      </trkpt>
      <trkpt lat="52.62638" lon="13.35115">
        <ele>33.97</ele>
      </trkpt>
      <trkpt lat="52.62639" lon="13.34981">
        <ele>36.7</ele>
      </trkpt>
      <trkpt lat="52.6264" lon="13.34972">
        <ele>37.14</ele>
      </trkpt>
      <trkpt lat="52.62641" lon="13.34874">
        <ele>37.66</ele>
      </trkpt>
      <trkpt lat="52.62638" lon="13.34715">
        <ele>35.39</ele>
      </trkpt>
      <trkpt lat="52.62638" lon="13.34711">
        <ele>35.11</ele>
      </trkpt>
      <trkpt lat="52.62638" lon="13.34711">
        <ele>35.11</ele>
      </trkpt>
      <trkpt lat="52.62638" lon="13.34705">
        <ele>34.68</ele>
      </trkpt>
      <trkpt lat="52.62638" lon="13.34699">
        <ele>34.26</ele>
      </trkpt>
      <trkpt lat="52.62642" lon="13.34699">
        <ele>34.31</ele>
      </trkpt>
      <trkpt lat="52.62645" lon="13.34699">
        <ele>34.29</ele>
      </trkpt>
      <trkpt lat="52.62723" lon="13.34696">
        <ele>37.09</ele>
      </trkpt>
      <trkpt lat="52.62761" lon="13.34695">
        <ele>38.03</ele>
      </trkpt>
      <trkpt lat="52.62761" lon="13.3464">
        <ele>37.38</ele>
      </trkpt>
      <trkpt lat="52.62766" lon="13.34584">
        <ele>39.14</ele>
      </trkpt>
      <trkpt lat="52.62767" lon="13.34578">
        <ele>39.42</ele>
      </trkpt>
      <trkpt lat="52.62767" lon="13.34573">
        <ele>39.6</ele>
      </trkpt>
      <trkpt lat="52.62767" lon="13.34567">
        <ele>39.81</ele>
      </trkpt>
      <trkpt lat="52.62767" lon="13.34567">
        <ele>39.81</ele>
      </trkpt>
      <trkpt lat="52.62767" lon="13.34567">
        <ele>39.81</ele>
      </trkpt>
      <trkpt lat="52.62768" lon="13.34561">
        <ele>40.1</ele>
      </trkpt>
      <trkpt lat="52.62769" lon="13.3455">
        <ele>40.57</ele>
      </trkpt>
      <trkpt lat="52.62767" lon="13.34538">
        <ele>40.86</ele>
      </trkpt>
      <trkpt lat="52.62768" lon="13.34533">
        <ele>41.11</ele>
      </trkpt>
      <trkpt lat="52.62766" lon="13.34523">
        <ele>41.32</ele>
      </trkpt>
      <trkpt lat="52.62734" lon="13.34385">
        <ele>39.4</ele>
      </trkpt>
      <trkpt lat="52.62731" lon="13.34371">
        <ele>39.08</ele>
      </trkpt>
      <trkpt lat="52.6273" lon="13.34359">
        <ele>38.84</ele>
      </trkpt>
      <trkpt lat="52.62731" lon="13.34316">
        <ele>38.32</ele>
      </trkpt>
      <trkpt lat="52.62737" lon="13.34284">
        <ele>35.13</ele>
      </trkpt>
      <trkpt lat="52.6274" lon="13.34273">
        <ele>34.0</ele>
      </trkpt>
      <trkpt lat="52.62771" lon="13.34121">
        <ele>33.91</ele>
      </trkpt>
      <trkpt lat="52.62776" lon="13.341">
        <ele>33.97</ele>
      </trkpt>
      <trkpt lat="52.62777" lon="13.34087">
        <ele>33.98</ele>
      </trkpt>
      <trkpt lat="52.6278" lon="13.34045">
        <ele>35.76</ele>
      </trkpt>
      <trkpt lat="52.62781" lon="13.34036">
        <ele>36.25</ele>
      </trkpt>
      <trkpt lat="52.62781" lon="13.34025">
        <ele>36.58</ele>
      </trkpt>
      <trkpt lat="52.62781" lon="13.33874">
        <ele>42.05</ele>
      </trkpt>
      <trkpt lat="52.62781" lon="13.33817">
        <ele>40.08</ele>
      </trkpt>
      <trkpt lat="52.62781" lon="13.33804">
        <ele>40.81</ele>
      </trkpt>
      <trkpt lat="52.62777" lon="13.33732">
        <ele>39.55</ele>
      </trkpt>
      <trkpt lat="52.62769" lon="13.33611">
        <ele>46.43</ele>
      </trkpt>
      <trkpt lat="52.62767" lon="13.3358">
        <ele>47.57</ele>
      </trkpt>
      <trkpt lat="52.62761" lon="13.33494">
        <ele>47.2</ele>
      </trkpt>
      <trkpt lat="52.62765" lon="13.33478">
        <ele>46.51</ele>
      </trkpt>
      <trkpt lat="52.62765" lon="13.33478">
        <ele>46.51</ele>
      </trkpt>
      <trkpt lat="52.62765" lon="13.33478">
        <ele>46.51</ele>
      </trkpt>
      <trkpt lat="52.6279" lon="13.33377">
        <ele>41.98</ele>
      </trkpt>
      <trkpt lat="52.62815" lon="13.33243">
        <ele>41.15</ele>
      </trkpt>
      <trkpt lat="52.62825" lon="13.33186">
        <ele>39.69</ele>
      </trkpt>
      <trkpt lat="52.62826" lon="13.3318">
        <ele>39.85</ele>
      </trkpt>
      <trkpt lat="52.62823" lon="13.33173">
        <ele>40.83</ele>
      </trkpt>
      <trkpt lat="52.62794" lon="13.33115">
        <ele>45.37</ele>
      </trkpt>
      <trkpt lat="52.62794" lon="13.33113">
        <ele>45.26</ele>
      </trkpt>
      <trkpt lat="52.62791" lon="13.33096">
        <ele>44.18</ele>
      </trkpt>
      <trkpt lat="52.62678" lon="13.3288">
        <ele>45.34</ele>
      </trkpt>
      <trkpt lat="52.62621" lon="13.32777">
        <ele>47.16</ele>
      </trkpt>
      <trkpt lat="52.62616" lon="13.3277">
        <ele>46.34</ele>
      </trkpt>
      <trkpt lat="52.62619" lon="13.3276">
        <ele>47.34</ele>
      </trkpt>
      <trkpt lat="52.62595" lon="13.32728">
        <ele>41.85</ele>
      </trkpt>
      <trkpt lat="52.62574" lon="13.32701">
        <ele>39.32</ele>
      </trkpt>
      <trkpt lat="52.6257" lon="13.32695">
        <ele>39.47</ele>
      </trkpt>
      <trkpt lat="52.62567" lon="13.32689">
        <ele>39.8</ele>
      </trkpt>
      <trkpt lat="52.62564" lon="13.3268">
        <ele>40.29</ele>
      </trkpt>
      <trkpt lat="52.62559" lon="13.32653">
        <ele>40.95</ele>
      </trkpt>
      <trkpt lat="52.62557" lon="13.32636">
        <ele>40.79</ele>
      </trkpt>
      <trkpt lat="52.6255" lon="13.32638">
        <ele>41.43</ele>
      </trkpt>
      <trkpt lat="52.62548" lon="13.32623">
        <ele>42.32</ele>
      </trkpt>
      <trkpt lat="52.62548" lon="13.32622">
        <ele>42.37</ele>
      </trkpt>
      <trkpt lat="52.62548" lon="13.3262">
        <ele>42.47</ele>
      </trkpt>
      <trkpt lat="52.62547" lon="13.32605">
        <ele>43.17</ele>
      </trkpt>
      <trkpt lat="52.62546" lon="13.32592">
        <ele>43.39</ele>
      </trkpt>
      <trkpt lat="52.62542" lon="13.32544">
        <ele>44.12</ele>
      </trkpt>
      <trkpt lat="52.62539" lon="13.32526">
        <ele>45.03</ele>
      </trkpt>
      <trkpt lat="52.62539" lon="13.32526">
        <ele>45.03</ele>
      </trkpt>
      <trkpt lat="52.62539" lon="13.32526">
        <ele>45.03</ele>
      </trkpt>
      <trkpt lat="52.62547" lon="13.32522">
        <ele>45.14</ele>
      </trkpt>
      <trkpt lat="52.62549" lon="13.32519">
        <ele>45.24</ele>
      </trkpt>
      <trkpt lat="52.62551" lon="13.32515">
        <ele>45.38</ele>
      </trkpt>
      <trkpt lat="52.62553" lon="13.32508">
        <ele>45.65</ele>
      </trkpt>
      <trkpt lat="52.62555" lon="13.32503">
        <ele>45.87</ele>
      </trkpt>
      <trkpt lat="52.62559" lon="13.32486">
        <ele>45.63</ele>
      </trkpt>
      <trkpt lat="52.62566" lon="13.32453">
        <ele>45.56</ele>
      </trkpt>
      <trkpt lat="52.62573" lon="13.32422">
        <ele>44.82</ele>
      </trkpt>
      <trkpt lat="52.62586" lon="13.32361">
        <ele>45.81</ele>
      </trkpt>
      <trkpt lat="52.62589" lon="13.32349">
        <ele>45.86</ele>
      </trkpt>
      <trkpt lat="52.62589" lon="13.32348">
        <ele>45.88</ele>
      </trkpt>
      <trkpt lat="52.62591" lon="13.32338">
        <ele>46.14</ele>
      </trkpt>
      <trkpt lat="52.62592" lon="13.32329">
        <ele>45.89</ele>
      </trkpt>
      <trkpt lat="52.62592" lon="13.32327">
        <ele>45.7</ele>
      </trkpt>
      <trkpt lat="52.62594" lon="13.32296">
        <ele>44.11</ele>
      </trkpt>
      <trkpt lat="52.62596" lon="13.32266">
        <ele>45.14</ele>
      </trkpt>
      <trkpt lat="52.626" lon="13.3222">
        <ele>45.58</ele>
      </trkpt>
      <trkpt lat="52.62601" lon="13.32208">
        <ele>45.5</ele>
      </trkpt>
      <trkpt lat="52.62601" lon="13.32196">
        <ele>45.38</ele>
      </trkpt>
      <trkpt lat="52.62605" lon="13.32121">
        <ele>45.62</ele>
      </trkpt>
      <trkpt lat="52.62609" lon="13.32057">
        <ele>47.0</ele>
      </trkpt>
      <trkpt lat="52.6261" lon="13.32046">
        <ele>46.6</ele>
      </trkpt>
      <trkpt lat="52.6261" lon="13.32034">
        <ele>46.1</ele>
      </trkpt>
      <trkpt lat="52.62613" lon="13.31971">
        <ele>43.06</ele>
      </trkpt>
      <trkpt lat="52.62613" lon="13.31961">
        <ele>42.99</ele>
      </trkpt>
      <trkpt lat="52.62614" lon="13.31932">
        <ele>43.5</ele>
      </trkpt>
      <trkpt lat="52.62615" lon="13.31923">
        <ele>43.83</ele>
      </trkpt>
      <trkpt lat="52.62618" lon="13.31902">
        <ele>41.4</ele>
      </trkpt>
      <trkpt lat="52.62622" lon="13.31881">
        <ele>38.81</ele>
      </trkpt>
      <trkpt lat="52.62623" lon="13.31877">
        <ele>38.59</ele>
      </trkpt>
      <trkpt lat="52.62624" lon="13.3187">
        <ele>38.29</ele>
      </trkpt>
      <trkpt lat="52.62626" lon="13.31863">
        <ele>38.13</ele>
      </trkpt>
      <trkpt lat="52.62627" lon="13.31861">
        <ele>38.14</ele>
      </trkpt>
      <trkpt lat="52.62631" lon="13.31844">
        <ele>38.43</ele>
      </trkpt>
      <trkpt lat="52.62656" lon="13.31771">
        <ele>40.71</ele>
      </trkpt>
      <trkpt lat="52.62665" lon="13.3174">
        <ele>40.66</ele>
      </trkpt>
      <trkpt lat="52.6267" lon="13.31711">
        <ele>40.64</ele>
      </trkpt>
      <trkpt lat="52.62681" lon="13.31617">
        <ele>40.81</ele>
      </trkpt>
      <trkpt lat="52.62689" lon="13.31564">
        <ele>40.7</ele>
      </trkpt>
      <trkpt lat="52.62695" lon="13.31536">
        <ele>40.3</ele>
      </trkpt>
      <trkpt lat="52.62695" lon="13.31534">
        <ele>40.22</ele>
      </trkpt>
      <trkpt lat="52.62706" lon="13.31498">
        <ele>38.96</ele>
      </trkpt>
      <trkpt lat="52.62713" lon="13.31474">
        <ele>38.69</ele>
      </trkpt>
      <trkpt lat="52.62726" lon="13.31437">
        <ele>39.94</ele>
      </trkpt>
      <trkpt lat="52.62741" lon="13.31393">
        <ele>41.25</ele>
      </trkpt>
      <trkpt lat="52.62754" lon="13.31347">
        <ele>44.07</ele>
      </trkpt>
      <trkpt lat="52.62761" lon="13.31311">
        <ele>45.84</ele>
      </trkpt>
      <trkpt lat="52.62762" lon="13.31283">
        <ele>47.46</ele>
      </trkpt>
      <trkpt lat="52.62761" lon="13.31256">
        <ele>48.84</ele>
      </trkpt>
      <trkpt lat="52.6276" lon="13.31198">
        <ele>45.7</ele>
      </trkpt>
      <trkpt lat="52.6276" lon="13.31174">
        <ele>44.38</ele>
      </trkpt>
      <trkpt lat="52.6276" lon="13.31163">
        <ele>44.04</ele>
      </trkpt>
      <trkpt lat="52.6276" lon="13.31156">
        <ele>44.11</ele>
      </trkpt>
      <trkpt lat="52.6276" lon="13.31156">
        <ele>44.11</ele>
      </trkpt>
      <trkpt lat="52.6276" lon="13.31156">
        <ele>44.11</ele>
      </trkpt>
      <trkpt lat="52.62759" lon="13.31147">
        <ele>44.25</ele>
      </trkpt>
      <trkpt lat="52.62764" lon="13.31146">
        <ele>43.99</ele>
      </trkpt>
      <trkpt lat="52.62767" lon="13.31145">
        <ele>43.83</ele>
      </trkpt>
      <trkpt lat="52.62775" lon="13.31142">
        <ele>43.29</ele>
      </trkpt>
      <trkpt lat="52.62787" lon="13.31138">
        <ele>44.62</ele>
      </trkpt>
      <trkpt lat="52.62789" lon="13.31138">
        <ele>44.97</ele>
      </trkpt>
      <trkpt lat="52.62803" lon="13.31134">
        <ele>46.9</ele>
      </trkpt>
      <trkpt lat="52.62818" lon="13.31129">
        <ele>46.86</ele>
      </trkpt>
      <trkpt lat="52.62831" lon="13.31123">
        <ele>46.1</ele>
      </trkpt>
      <trkpt lat="52.62873" lon="13.31105">
        <ele>52.55</ele>
      </trkpt>
      <trkpt lat="52.62891" lon="13.31098">
        <ele>52.7</ele>
      </trkpt>
      <trkpt lat="52.62902" lon="13.31094">
        <ele>51.0</ele>
      </trkpt>
      <trkpt lat="52.62923" lon="13.31086">
        <ele>48.38</ele>
      </trkpt>
      <trkpt lat="52.62925" lon="13.31085">
        <ele>48.38</ele>
      </trkpt>
      <trkpt lat="52.62955" lon="13.31075">
        <ele>47.64</ele>
      </trkpt>
      <trkpt lat="52.62964" lon="13.31072">
        <ele>46.92</ele>
      </trkpt>
      <trkpt lat="52.62974" lon="13.31069">
        <ele>46.42</ele>
      </trkpt>
      <trkpt lat="52.6299" lon="13.31064">
        <ele>45.81</ele>
      </trkpt>
      <trkpt lat="52.62998" lon="13.31062">
        <ele>45.45</ele>
      </trkpt>
      <trkpt lat="52.63009" lon="13.31061">
        <ele>45.41</ele>
      </trkpt>
      <trkpt lat="52.63032" lon="13.31055">
        <ele>46.84</ele>
      </trkpt>
      <trkpt lat="52.63044" lon="13.31052">
        <ele>49.19</ele>
      </trkpt>
      <trkpt lat="52.63051" lon="13.3105">
        <ele>50.34</ele>
      </trkpt>
      <trkpt lat="52.63062" lon="13.31048">
        <ele>52.58</ele>
      </trkpt>
      <trkpt lat="52.6307" lon="13.31045">
        <ele>54.71</ele>
      </trkpt>
      <trkpt lat="52.63094" lon="13.31039">
        <ele>56.79</ele>
      </trkpt>
      <trkpt lat="52.63105" lon="13.31035">
        <ele>55.49</ele>
      </trkpt>
      <trkpt lat="52.63115" lon="13.31033">
        <ele>54.39</ele>
      </trkpt>
      <trkpt lat="52.63128" lon="13.3103">
        <ele>53.23</ele>
      </trkpt>
      <trkpt lat="52.63139" lon="13.31028">
        <ele>51.96</ele>
      </trkpt>
      <trkpt lat="52.63144" lon="13.31027">
        <ele>51.6</ele>
      </trkpt>
      <trkpt lat="52.63148" lon="13.31028">
        <ele>50.99</ele>
      </trkpt>
      <trkpt lat="52.63159" lon="13.31026">
        <ele>50.24</ele>
      </trkpt>
      <trkpt lat="52.63164" lon="13.31025">
        <ele>49.97</ele>
      </trkpt>
      <trkpt lat="52.63174" lon="13.31023">
        <ele>50.16</ele>
      </trkpt>
      <trkpt lat="52.63184" lon="13.3102">
        <ele>50.79</ele>
      </trkpt>
      <trkpt lat="52.63195" lon="13.31018">
        <ele>51.09</ele>
      </trkpt>
      <trkpt lat="52.63195" lon="13.31018">
        <ele>51.09</ele>
      </trkpt>
      <trkpt lat="52.6321" lon="13.31003">
        <ele>53.79</ele>
      </trkpt>
      <trkpt lat="52.6321" lon="13.31003">
        <ele>53.79</ele>
      </trkpt>
      <trkpt lat="52.63279" lon="13.30961">
        <ele>58.48</ele>
      </trkpt>
      <trkpt lat="52.63279" lon="13.30961">
        <ele>58.48</ele>
      </trkpt>
      <trkpt lat="52.63319" lon="13.30927">
        <ele>62.87</ele>
      </trkpt>
      <trkpt lat="52.63359" lon="13.30892">
        <ele>60.55</ele>
      </trkpt>
      <trkpt lat="52.63359" lon="13.30892">
        <ele>60.55</ele>
      </trkpt>
      <trkpt lat="52.63404" lon="13.30852">
        <ele>58.4</ele>
      </trkpt>
      <trkpt lat="52.63449" lon="13.30811">
        <ele>59.32</ele>
      </trkpt>
      <trkpt lat="52.63449" lon="13.30811">
        <ele>59.32</ele>
      </trkpt>
      <trkpt lat="52.63493" lon="13.30774">
        <ele>63.08</ele>
      </trkpt>
      <trkpt lat="52.63536" lon="13.30738">
        <ele>58.31</ele>
      </trkpt>
      <trkpt lat="52.6358" lon="13.30702">
        <ele>59.81</ele>
      </trkpt>
      <trkpt lat="52.63623" lon="13.30665">
        <ele>62.74</ele>
      </trkpt>
      <trkpt lat="52.63623" lon="13.30665">
        <ele>62.74</ele>
      </trkpt>
      <trkpt lat="52.63672" lon="13.30637">
        <ele>64.0</ele>
      </trkpt>
      <trkpt lat="52.63721" lon="13.30609">
        <ele>59.93</ele>
      </trkpt>
      <trkpt lat="52.63721" lon="13.30609">
        <ele>59.93</ele>
      </trkpt>
      <trkpt lat="52.63767" lon="13.30586">
        <ele>61.87</ele>
      </trkpt>
      <trkpt lat="52.63812" lon="13.30563">
        <ele>62.53</ele>
      </trkpt>
      <trkpt lat="52.63858" lon="13.30541">
        <ele>64.36</ele>
      </trkpt>
      <trkpt lat="52.63903" lon="13.30518">
        <ele>59.33</ele>
      </trkpt>
      <trkpt lat="52.63903" lon="13.30518">
        <ele>59.33</ele>
      </trkpt>
      <trkpt lat="52.63972" lon="13.30482">
        <ele>56.01</ele>
      </trkpt>
      <trkpt lat="52.63972" lon="13.30482">
        <ele>56.01</ele>
      </trkpt>
      <trkpt lat="52.63971" lon="13.30479">
        <ele>56.07</ele>
      </trkpt>
      <trkpt lat="52.63975" lon="13.30476">
        <ele>55.61</ele>
      </trkpt>
      <trkpt lat="52.63977" lon="13.30473">
        <ele>55.32</ele>
      </trkpt>
      <trkpt lat="52.63977" lon="13.30475">
        <ele>55.33</ele>
      </trkpt>
      <trkpt lat="52.63994" lon="13.3054">
        <ele>54.9</ele>
      </trkpt>
      <trkpt lat="52.64011" lon="13.30589">
        <ele>53.62</ele>
      </trkpt>
      <trkpt lat="52.64033" lon="13.30644">
        <ele>48.99</ele>
      </trkpt>
      <trkpt lat="52.64037" lon="13.30648">
        <ele>48.99</ele>
      </trkpt>
      <trkpt lat="52.64037" lon="13.30648">
        <ele>48.99</ele>
      </trkpt>
      <trkpt lat="52.64037" lon="13.30648">
        <ele>48.99</ele>
      </trkpt>
      <trkpt lat="52.64057" lon="13.30601">
        <ele>50.91</ele>
      </trkpt>
      <trkpt lat="52.64114" lon="13.30491">
        <ele>58.82</ele>
      </trkpt>
      <trkpt lat="52.64133" lon="13.30459">
        <ele>57.81</ele>
      </trkpt>
      <trkpt lat="52.64145" lon="13.30445">
        <ele>55.36</ele>
      </trkpt>
      <trkpt lat="52.64155" lon="13.30436">
        <ele>54.04</ele>
      </trkpt>
      <trkpt lat="52.6417" lon="13.30429">
        <ele>51.47</ele>
      </trkpt>
      <trkpt lat="52.64184" lon="13.30427">
        <ele>49.64</ele>
      </trkpt>
      <trkpt lat="52.64187" lon="13.30427">
        <ele>49.28</ele>
      </trkpt>
      <trkpt lat="52.64187" lon="13.30427">
        <ele>49.28</ele>
      </trkpt>
      <trkpt lat="52.64187" lon="13.30427">
        <ele>49.28</ele>
      </trkpt>
      <trkpt lat="52.64197" lon="13.30428">
        <ele>48.72</ele>
      </trkpt>
      <trkpt lat="52.64209" lon="13.3043">
        <ele>50.3</ele>
      </trkpt>
      <trkpt lat="52.64237" lon="13.30439">
        <ele>52.71</ele>
      </trkpt>
      <trkpt lat="52.64251" lon="13.30443">
        <ele>52.95</ele>
      </trkpt>
      <trkpt lat="52.64276" lon="13.30453">
        <ele>53.64</ele>
      </trkpt>
      <trkpt lat="52.64311" lon="13.3047">
        <ele>53.74</ele>
      </trkpt>
      <trkpt lat="52.64315" lon="13.30497">
        <ele>54.86</ele>
      </trkpt>
      <trkpt lat="52.64323" lon="13.30498">
        <ele>54.88</ele>
      </trkpt>
      <trkpt lat="52.64392" lon="13.30548">
        <ele>62.63</ele>
      </trkpt>
      <trkpt lat="52.64409" lon="13.30565">
        <ele>60.63</ele>
      </trkpt>
      <trkpt lat="52.64414" lon="13.30573">
        <ele>59.37</ele>
      </trkpt>
      <trkpt lat="52.64414" lon="13.30573">
        <ele>59.37</ele>
      </trkpt>
      <trkpt lat="52.64414" lon="13.30573">
        <ele>59.37</ele>
      </trkpt>
      <trkpt lat="52.64423" lon="13.30587">
        <ele>56.63</ele>
      </trkpt>
      <trkpt lat="52.6444" lon="13.30623">
        <ele>52.5</ele>
      </trkpt>
      <trkpt lat="52.64464" lon="13.30656">
        <ele>54.17</ele>
      </trkpt>
      <trkpt lat="52.64481" lon="13.30671">
        <ele>55.0</ele>
      </trkpt>
      <trkpt lat="52.64501" lon="13.3068">
        <ele>50.96</ele>
      </trkpt>
      <trkpt lat="52.64522" lon="13.30684">
        <ele>50.21</ele>
      </trkpt>
      <trkpt lat="52.64543" lon="13.30684">
        <ele>50.96</ele>
      </trkpt>
      <trkpt lat="52.64546" lon="13.30682">
        <ele>51.24</ele>
      </trkpt>
      <trkpt lat="52.64546" lon="13.30682">
        <ele>51.24</ele>
      </trkpt>
      <trkpt lat="52.64546" lon="13.30682">
        <ele>51.24</ele>
      </trkpt>
      <trkpt lat="52.64547" lon="13.3068">
        <ele>51.41</ele>
      </trkpt>
      <trkpt lat="52.64549" lon="13.30634">
        <ele>53.56</ele>
      </trkpt>
      <trkpt lat="52.6455" lon="13.30601">
        <ele>53.31</ele>
      </trkpt>
      <trkpt lat="52.6455" lon="13.30588">
        <ele>53.96</ele>
      </trkpt>
      <trkpt lat="52.6455" lon="13.30588">
        <ele>53.96</ele>
      </trkpt>
      <trkpt lat="52.6455" lon="13.30588">
        <ele>53.96</ele>
      </trkpt>
      <trkpt lat="52.64553" lon="13.30588">
        <ele>54.43</ele>
      </trkpt>
      <trkpt lat="52.64627" lon="13.30544">
        <ele>56.08</ele>
      </trkpt>
      <trkpt lat="52.64646" lon="13.30531">
        <ele>55.83</ele>
      </trkpt>
      <trkpt lat="52.64667" lon="13.30519">
        <ele>55.01</ele>
      </trkpt>
      <trkpt lat="52.64687" lon="13.30507">
        <ele>56.1</ele>
      </trkpt>
      <trkpt lat="52.64692" lon="13.30503">
        <ele>56.63</ele>
      </trkpt>
      <trkpt lat="52.647" lon="13.30497">
        <ele>55.87</ele>
      </trkpt>
      <trkpt lat="52.64715" lon="13.30486">
        <ele>53.78</ele>
      </trkpt>
      <trkpt lat="52.64751" lon="13.30453">
        <ele>50.37</ele>
      </trkpt>
      <trkpt lat="52.64793" lon="13.30418">
        <ele>51.81</ele>
      </trkpt>
      <trkpt lat="52.64793" lon="13.30418">
        <ele>51.81</ele>
      </trkpt>
      <trkpt lat="52.64793" lon="13.30418">
        <ele>51.81</ele>
      </trkpt>
      <trkpt lat="52.64802" lon="13.3041">
        <ele>51.5</ele>
      </trkpt>
      <trkpt lat="52.64847" lon="13.3037">
        <ele>55.54</ele>
      </trkpt>
      <trkpt lat="52.64873" lon="13.30345">
        <ele>56.7</ele>
      </trkpt>
      <trkpt lat="52.64892" lon="13.30331">
        <ele>56.35</ele>
      </trkpt>
      <trkpt lat="52.64911" lon="13.3031">
        <ele>58.65</ele>
      </trkpt>
      <trkpt lat="52.64933" lon="13.30289">
        <ele>59.81</ele>
      </trkpt>
      <trkpt lat="52.64984" lon="13.30247">
        <ele>62.79</ele>
      </trkpt>
      <trkpt lat="52.64999" lon="13.30235">
        <ele>63.12</ele>
      </trkpt>
      <trkpt lat="52.64999" lon="13.30235">
        <ele>63.12</ele>
      </trkpt>
      <trkpt lat="52.64999" lon="13.30235">
        <ele>63.12</ele>
      </trkpt>
      <trkpt lat="52.65015" lon="13.30221">
        <ele>62.45</ele>
      </trkpt>
      <trkpt lat="52.65041" lon="13.30201">
        <ele>60.6</ele>
      </trkpt>
      <trkpt lat="52.65115" lon="13.30131">
        <ele>60.76</ele>
      </trkpt>
      <trkpt lat="52.65132" lon="13.30113">
        <ele>62.17</ele>
      </trkpt>
      <trkpt lat="52.65147" lon="13.30094">
        <ele>64.46</ele>
      </trkpt>
      <trkpt lat="52.65157" lon="13.30076">
        <ele>66.76</ele>
      </trkpt>
      <trkpt lat="52.65164" lon="13.3006">
        <ele>70.31</ele>
      </trkpt>
      <trkpt lat="52.65172" lon="13.30032">
        <ele>72.24</ele>
      </trkpt>
      <trkpt lat="52.65176" lon="13.30008">
        <ele>71.05</ele>
      </trkpt>
      <trkpt lat="52.65177" lon="13.29981">
        <ele>69.77</ele>
      </trkpt>
      <trkpt lat="52.65177" lon="13.29963">
        <ele>69.08</ele>
      </trkpt>
      <trkpt lat="52.65175" lon="13.29948">
        <ele>68.34</ele>
      </trkpt>
      <trkpt lat="52.65168" lon="13.29912">
        <ele>68.7</ele>
      </trkpt>
      <trkpt lat="52.65166" lon="13.29886">
        <ele>71.11</ele>
      </trkpt>
      <trkpt lat="52.65169" lon="13.29868">
        <ele>72.48</ele>
      </trkpt>
      <trkpt lat="52.6517" lon="13.29866">
        <ele>72.63</ele>
      </trkpt>
      <trkpt lat="52.6517" lon="13.29866">
        <ele>72.63</ele>
      </trkpt>
      <trkpt lat="52.6517" lon="13.29866">
        <ele>72.63</ele>
      </trkpt>
      <trkpt lat="52.65175" lon="13.29856">
        <ele>73.31</ele>
      </trkpt>
      <trkpt lat="52.6518" lon="13.29848">
        <ele>73.72</ele>
      </trkpt>
      <trkpt lat="52.65184" lon="13.29845">
        <ele>73.8</ele>
      </trkpt>
      <trkpt lat="52.65189" lon="13.29843">
        <ele>73.78</ele>
      </trkpt>
      <trkpt lat="52.65194" lon="13.29844">
        <ele>73.63</ele>
      </trkpt>
      <trkpt lat="52.65199" lon="13.29847">
        <ele>73.02</ele>
      </trkpt>
      <trkpt lat="52.65219" lon="13.29868">
        <ele>71.36</ele>
      </trkpt>
      <trkpt lat="52.65244" lon="13.29895">
        <ele>71.08</ele>
      </trkpt>
      <trkpt lat="52.65277" lon="13.29924">
        <ele>65.66</ele>
      </trkpt>
      <trkpt lat="52.65307" lon="13.29942">
        <ele>67.01</ele>
      </trkpt>
      <trkpt lat="52.65322" lon="13.29949">
        <ele>66.9</ele>
      </trkpt>
      <trkpt lat="52.65331" lon="13.29954">
        <ele>66.68</ele>
      </trkpt>
      <trkpt lat="52.6535" lon="13.29958">
        <ele>67.08</ele>
      </trkpt>
      <trkpt lat="52.6535" lon="13.29958">
        <ele>67.08</ele>
      </trkpt>
      <trkpt lat="52.6535" lon="13.29958">
        <ele>67.08</ele>
      </trkpt>
      <trkpt lat="52.65359" lon="13.29957">
        <ele>67.29</ele>
      </trkpt>
      <trkpt lat="52.65365" lon="13.29953">
        <ele>66.6</ele>
      </trkpt>
      <trkpt lat="52.65365" lon="13.29953">
        <ele>66.6</ele>
      </trkpt>
      <trkpt lat="52.65365" lon="13.29953">
        <ele>66.6</ele>
      </trkpt>
      <trkpt lat="52.6537" lon="13.2995">
        <ele>65.9</ele>
      </trkpt>
      <trkpt lat="52.6538" lon="13.29944">
        <ele>64.62</ele>
      </trkpt>
      <trkpt lat="52.65394" lon="13.29933">
        <ele>63.56</ele>
      </trkpt>
      <trkpt lat="52.65409" lon="13.29923">
        <ele>63.62</ele>
      </trkpt>
      <trkpt lat="52.65422" lon="13.29919">
        <ele>63.95</ele>
      </trkpt>
      <trkpt lat="52.65436" lon="13.29917">
        <ele>64.0</ele>
      </trkpt>
      <trkpt lat="52.65503" lon="13.29924">
        <ele>61.81</ele>
      </trkpt>
      <trkpt lat="52.65515" lon="13.29925">
        <ele>61.08</ele>
      </trkpt>
      <trkpt lat="52.65515" lon="13.29925">
        <ele>61.08</ele>
      </trkpt>
      <trkpt lat="52.65536" lon="13.29925">
        <ele>60.63</ele>
      </trkpt>
      <trkpt lat="52.65558" lon="13.29918">
        <ele>61.9</ele>
      </trkpt>
      <trkpt lat="52.6558" lon="13.29907">
        <ele>62.22</ele>
      </trkpt>
      <trkpt lat="52.65594" lon="13.29895">
        <ele>62.86</ele>
      </trkpt>
      <trkpt lat="52.65602" lon="13.29887">
        <ele>62.91</ele>
      </trkpt>
      <trkpt lat="52.65649" lon="13.29849">
        <ele>66.01</ele>
      </trkpt>
      <trkpt lat="52.65649" lon="13.29849">
        <ele>66.01</ele>
      </trkpt>
      <trkpt lat="52.65649" lon="13.29849">
        <ele>66.01</ele>
      </trkpt>
      <trkpt lat="52.65656" lon="13.29843">
        <ele>66.48</ele>
      </trkpt>
      <trkpt lat="52.65672" lon="13.29829">
        <ele>66.34</ele>
      </trkpt>
      <trkpt lat="52.65701" lon="13.29805">
        <ele>63.28</ele>
      </trkpt>
      <trkpt lat="52.65765" lon="13.29767">
        <ele>64.51</ele>
      </trkpt>
      <trkpt lat="52.65765" lon="13.29775">
        <ele>64.93</ele>
      </trkpt>
      <trkpt lat="52.65765" lon="13.29775">
        <ele>64.93</ele>
      </trkpt>
      <trkpt lat="52.65765" lon="13.29775">
        <ele>64.93</ele>
      </trkpt>
      <trkpt lat="52.65765" lon="13.29767">
        <ele>64.51</ele>
      </trkpt>
      <trkpt lat="52.65803" lon="13.29748">
        <ele>64.99</ele>
      </trkpt>
      <trkpt lat="52.65848" lon="13.29728">
        <ele>62.21</ele>
      </trkpt>
      <trkpt lat="52.6586" lon="13.29724">
        <ele>62.06</ele>
      </trkpt>
      <trkpt lat="52.6586" lon="13.29724">
        <ele>62.06</ele>
      </trkpt>
      <trkpt lat="52.6586" lon="13.29724">
        <ele>62.06</ele>
      </trkpt>
      <trkpt lat="52.6586" lon="13.29724">
        <ele>62.06</ele>
      </trkpt>
      <trkpt lat="52.65892" lon="13.29714">
        <ele>60.96</ele>
      </trkpt>
      <trkpt lat="52.65932" lon="13.2971">
        <ele>58.44</ele>
      </trkpt>
      <trkpt lat="52.65936" lon="13.2971">
        <ele>58.44</ele>
      </trkpt>
      <trkpt lat="52.65968" lon="13.29705">
        <ele>56.08</ele>
      </trkpt>
      <trkpt lat="52.65968" lon="13.29705">
        <ele>56.08</ele>
      </trkpt>
      <trkpt lat="52.65999" lon="13.29701">
        <ele>50.21</ele>
      </trkpt>
      <trkpt lat="52.65999" lon="13.29701">
        <ele>50.21</ele>
      </trkpt>
      <trkpt lat="52.65999" lon="13.29701">
        <ele>50.21</ele>
      </trkpt>
      <trkpt lat="52.66001" lon="13.29667">
        <ele>49.93</ele>
      </trkpt>
      <trkpt lat="52.66029" lon="13.29668">
        <ele>48.04</ele>
      </trkpt>
      <trkpt lat="52.66039" lon="13.29665">
        <ele>48.43</ele>
      </trkpt>
      <trkpt lat="52.66086" lon="13.29625">
        <ele>49.6</ele>
      </trkpt>
      <trkpt lat="52.66096" lon="13.29611">
        <ele>49.45</ele>
      </trkpt>
      <trkpt lat="52.66112" lon="13.29518">
        <ele>47.98</ele>
      </trkpt>
      <trkpt lat="52.66117" lon="13.29519">
        <ele>47.85</ele>
      </trkpt>
      <trkpt lat="52.66118" lon="13.29519">
        <ele>47.83</ele>
      </trkpt>
      <trkpt lat="52.66119" lon="13.29519">
        <ele>47.81</ele>
      </trkpt>
      <trkpt lat="52.66119" lon="13.29519">
        <ele>47.81</ele>
      </trkpt>
      <trkpt lat="52.6612" lon="13.29519">
        <ele>47.78</ele>
      </trkpt>
      <trkpt lat="52.6612" lon="13.29519">
        <ele>47.78</ele>
      </trkpt>
      <trkpt lat="52.66121" lon="13.29519">
        <ele>47.76</ele>
      </trkpt>
      <trkpt lat="52.66122" lon="13.29518">
        <ele>47.75</ele>
      </trkpt>
      <trkpt lat="52.66122" lon="13.29518">
        <ele>47.75</ele>
      </trkpt>
      <trkpt lat="52.66123" lon="13.29518">
        <ele>47.72</ele>
      </trkpt>
      <trkpt lat="52.66123" lon="13.29518">
        <ele>47.72</ele>
      </trkpt>
      <trkpt lat="52.66124" lon="13.29517">
        <ele>47.72</ele>
      </trkpt>
      <trkpt lat="52.66125" lon="13.29517">
        <ele>47.69</ele>
      </trkpt>
      <trkpt lat="52.66125" lon="13.29516">
        <ele>47.71</ele>
      </trkpt>
      <trkpt lat="52.66126" lon="13.29516">
        <ele>47.69</ele>
      </trkpt>
      <trkpt lat="52.66126" lon="13.29515">
        <ele>47.71</ele>
      </trkpt>
      <trkpt lat="52.66127" lon="13.29514">
        <ele>47.71</ele>
      </trkpt>
      <trkpt lat="52.66127" lon="13.29514">
        <ele>47.71</ele>
      </trkpt>
      <trkpt lat="52.66127" lon="13.29513">
        <ele>47.73</ele>
      </trkpt>
      <trkpt lat="52.66128" lon="13.29512">
        <ele>47.74</ele>
      </trkpt>
      <trkpt lat="52.66128" lon="13.29512">
        <ele>47.74</ele>
      </trkpt>
      <trkpt lat="52.66128" lon="13.29511">
        <ele>47.76</ele>
      </trkpt>
      <trkpt lat="52.66129" lon="13.2951">
        <ele>47.77</ele>
      </trkpt>
      <trkpt lat="52.66129" lon="13.2951">
        <ele>47.77</ele>
      </trkpt>
      <trkpt lat="52.66129" lon="13.29509">
        <ele>47.79</ele>
      </trkpt>
      <trkpt lat="52.66129" lon="13.29508">
        <ele>47.81</ele>
      </trkpt>
      <trkpt lat="52.66129" lon="13.29507">
        <ele>47.84</ele>
      </trkpt>
      <trkpt lat="52.66129" lon="13.29507">
        <ele>47.84</ele>
      </trkpt>
      <trkpt lat="52.66129" lon="13.29506">
        <ele>47.86</ele>
      </trkpt>
      <trkpt lat="52.66129" lon="13.29505">
        <ele>47.88</ele>
      </trkpt>
      <trkpt lat="52.6613" lon="13.29505">
        <ele>47.88</ele>
      </trkpt>
      <trkpt lat="52.6613" lon="13.29504">
        <ele>47.9</ele>
      </trkpt>
      <trkpt lat="52.6613" lon="13.29503">
        <ele>47.93</ele>
      </trkpt>
      <trkpt lat="52.6613" lon="13.29503">
        <ele>47.93</ele>
      </trkpt>
      <trkpt lat="52.6613" lon="13.29502">
        <ele>47.95</ele>
      </trkpt>
      <trkpt lat="52.6613" lon="13.29488">
        <ele>47.98</ele>
      </trkpt>
      <trkpt lat="52.6613" lon="13.29472">
        <ele>47.95</ele>
      </trkpt>
      <trkpt lat="52.6613" lon="13.29472">
        <ele>47.95</ele>
      </trkpt>
      <trkpt lat="52.6613" lon="13.29472">
        <ele>47.95</ele>
      </trkpt>
      <trkpt lat="52.6613" lon="13.29472">
        <ele>47.95</ele>
      </trkpt>
      <trkpt lat="52.6613" lon="13.29457">
        <ele>47.41</ele>
      </trkpt>
      <trkpt lat="52.66131" lon="13.29438">
        <ele>46.75</ele>
      </trkpt>
      <trkpt lat="52.66132" lon="13.29419">
        <ele>46.28</ele>
      </trkpt>
      <trkpt lat="52.66139" lon="13.29322">
        <ele>47.0</ele>
      </trkpt>
      <trkpt lat="52.66141" lon="13.29306">
        <ele>46.93</ele>
      </trkpt>
      <trkpt lat="52.66143" lon="13.2929">
        <ele>46.29</ele>
      </trkpt>
      <trkpt lat="52.66159" lon="13.29161">
        <ele>42.85</ele>
      </trkpt>
      <trkpt lat="52.66159" lon="13.29161">
        <ele>42.85</ele>
      </trkpt>
      <trkpt lat="52.66159" lon="13.29161">
        <ele>42.85</ele>
      </trkpt>
      <trkpt lat="52.66173" lon="13.2905">
        <ele>44.7</ele>
      </trkpt>
      <trkpt lat="52.66175" lon="13.29039">
        <ele>44.82</ele>
      </trkpt>
      <trkpt lat="52.66177" lon="13.29027">
        <ele>44.95</ele>
      </trkpt>
      <trkpt lat="52.66179" lon="13.29016">
        <ele>45.56</ele>
      </trkpt>
      <trkpt lat="52.66181" lon="13.29006">
        <ele>45.99</ele>
      </trkpt>
      <trkpt lat="52.66184" lon="13.28995">
        <ele>45.99</ele>
      </trkpt>
      <trkpt lat="52.66186" lon="13.28985">
        <ele>45.9</ele>
      </trkpt>
      <trkpt lat="52.66194" lon="13.28955">
        <ele>47.49</ele>
      </trkpt>
      <trkpt lat="52.66196" lon="13.28948">
        <ele>48.28</ele>
      </trkpt>
      <trkpt lat="52.66197" lon="13.28941">
        <ele>48.54</ele>
      </trkpt>
      <trkpt lat="52.66199" lon="13.28934">
        <ele>48.15</ele>
      </trkpt>
      <trkpt lat="52.662" lon="13.28927">
        <ele>47.95</ele>
      </trkpt>
      <trkpt lat="52.662" lon="13.28922">
        <ele>47.88</ele>
      </trkpt>
      <trkpt lat="52.66201" lon="13.28916">
        <ele>47.78</ele>
      </trkpt>
      <trkpt lat="52.66201" lon="13.28911">
        <ele>47.92</ele>
      </trkpt>
      <trkpt lat="52.66202" lon="13.28903">
        <ele>48.09</ele>
      </trkpt>
      <trkpt lat="52.66207" lon="13.28779">
        <ele>51.96</ele>
      </trkpt>
      <trkpt lat="52.66208" lon="13.28725">
        <ele>50.22</ele>
      </trkpt>
      <trkpt lat="52.66208" lon="13.2872">
        <ele>49.86</ele>
      </trkpt>
      <trkpt lat="52.66208" lon="13.28714">
        <ele>49.43</ele>
      </trkpt>
      <trkpt lat="52.66208" lon="13.28711">
        <ele>49.22</ele>
      </trkpt>
      <trkpt lat="52.66208" lon="13.28709">
        <ele>49.07</ele>
      </trkpt>
      <trkpt lat="52.66208" lon="13.28708">
        <ele>49.0</ele>
      </trkpt>
      <trkpt lat="52.66208" lon="13.28707">
        <ele>48.93</ele>
      </trkpt>
      <trkpt lat="52.66208" lon="13.28706">
        <ele>48.86</ele>
      </trkpt>
      <trkpt lat="52.66207" lon="13.28705">
        <ele>48.86</ele>
      </trkpt>
      <trkpt lat="52.66207" lon="13.28704">
        <ele>48.78</ele>
      </trkpt>
      <trkpt lat="52.66207" lon="13.28702">
        <ele>48.64</ele>
      </trkpt>
      <trkpt lat="52.66206" lon="13.28701">
        <ele>48.64</ele>
      </trkpt>
      <trkpt lat="52.66206" lon="13.28699">
        <ele>48.5</ele>
      </trkpt>
      <trkpt lat="52.66204" lon="13.28695">
        <ele>48.35</ele>
      </trkpt>
      <trkpt lat="52.66201" lon="13.28686">
        <ele>47.99</ele>
      </trkpt>
      <trkpt lat="52.66201" lon="13.28686">
        <ele>47.99</ele>
      </trkpt>
      <trkpt lat="52.66201" lon="13.28686">
        <ele>47.99</ele>
      </trkpt>
      <trkpt lat="52.66209" lon="13.28677">
        <ele>47.03</ele>
      </trkpt>
      <trkpt lat="52.6622" lon="13.28655">
        <ele>47.17</ele>
      </trkpt>
      <trkpt lat="52.6623" lon="13.28625">
        <ele>49.78</ele>
      </trkpt>
      <trkpt lat="52.6623" lon="13.28625">
        <ele>49.78</ele>
      </trkpt>
      <trkpt lat="52.66232" lon="13.28618">
        <ele>50.28</ele>
      </trkpt>
      <trkpt lat="52.66235" lon="13.2861">
        <ele>51.02</ele>
      </trkpt>
      <trkpt lat="52.66231" lon="13.28607">
        <ele>50.92</ele>
      </trkpt>
      <trkpt lat="52.66225" lon="13.28603">
        <ele>50.58</ele>
      </trkpt>
      <trkpt lat="52.66221" lon="13.286">
        <ele>50.06</ele>
      </trkpt>
      <trkpt lat="52.66223" lon="13.28586">
        <ele>51.04</ele>
      </trkpt>
      <trkpt lat="52.66223" lon="13.28573">
        <ele>50.77</ele>
      </trkpt>
      <trkpt lat="52.66224" lon="13.28564">
        <ele>50.62</ele>
      </trkpt>
      <trkpt lat="52.66219" lon="13.2856">
        <ele>49.41</ele>
      </trkpt>
      <trkpt lat="52.66219" lon="13.2856">
        <ele>49.41</ele>
      </trkpt>
      <trkpt lat="52.66219" lon="13.2856">
        <ele>49.41</ele>
      </trkpt>
      <trkpt lat="52.66219" lon="13.2856">
        <ele>49.41</ele>
      </trkpt>
      <trkpt lat="52.66217" lon="13.28559">
        <ele>48.93</ele>
      </trkpt>
      <trkpt lat="52.66099" lon="13.28493">
        <ele>46.82</ele>
      </trkpt>
      <trkpt lat="52.66041" lon="13.28459">
        <ele>49.3</ele>
      </trkpt>
      <trkpt lat="52.66035" lon="13.28456">
        <ele>49.59</ele>
      </trkpt>
      <trkpt lat="52.66031" lon="13.28454">
        <ele>49.81</ele>
      </trkpt>
      <trkpt lat="52.66021" lon="13.2845">
        <ele>49.12</ele>
      </trkpt>
      <trkpt lat="52.66012" lon="13.28447">
        <ele>47.83</ele>
      </trkpt>
      <trkpt lat="52.66004" lon="13.28447">
        <ele>46.73</ele>
      </trkpt>
      <trkpt lat="52.65993" lon="13.28446">
        <ele>45.83</ele>
      </trkpt>
      <trkpt lat="52.65993" lon="13.28446">
        <ele>45.83</ele>
      </trkpt>
      <trkpt lat="52.65993" lon="13.28446">
        <ele>45.83</ele>
      </trkpt>
      <trkpt lat="52.65993" lon="13.28428">
        <ele>44.71</ele>
      </trkpt>
      <trkpt lat="52.65992" lon="13.2841">
        <ele>43.65</ele>
      </trkpt>
      <trkpt lat="52.65991" lon="13.284">
        <ele>43.03</ele>
      </trkpt>
      <trkpt lat="52.65989" lon="13.28392">
        <ele>42.24</ele>
      </trkpt>
      <trkpt lat="52.65986" lon="13.28384">
        <ele>41.22</ele>
      </trkpt>
      <trkpt lat="52.65983" lon="13.28377">
        <ele>40.25</ele>
      </trkpt>
      <trkpt lat="52.65979" lon="13.28372">
        <ele>39.15</ele>
      </trkpt>
      <trkpt lat="52.65974" lon="13.28367">
        <ele>37.79</ele>
      </trkpt>
      <trkpt lat="52.65969" lon="13.28363">
        <ele>38.03</ele>
      </trkpt>
      <trkpt lat="52.65962" lon="13.2836">
        <ele>40.15</ele>
      </trkpt>
      <trkpt lat="52.65958" lon="13.2836">
        <ele>41.3</ele>
      </trkpt>
      <trkpt lat="52.65951" lon="13.2836">
        <ele>43.29</ele>
      </trkpt>
      <trkpt lat="52.65944" lon="13.28359">
        <ele>45.4</ele>
      </trkpt>
      <trkpt lat="52.65917" lon="13.28357">
        <ele>51.08</ele>
      </trkpt>
      <trkpt lat="52.65908" lon="13.28356">
        <ele>52.14</ele>
      </trkpt>
      <trkpt lat="52.65795" lon="13.28344">
        <ele>48.48</ele>
      </trkpt>
      <trkpt lat="52.65722" lon="13.28336">
        <ele>44.04</ele>
      </trkpt>
      <trkpt lat="52.65706" lon="13.28334">
        <ele>46.98</ele>
      </trkpt>
      <trkpt lat="52.65702" lon="13.28333">
        <ele>47.66</ele>
      </trkpt>
      <trkpt lat="52.65698" lon="13.2833">
        <ele>48.58</ele>
      </trkpt>
      <trkpt lat="52.65694" lon="13.28325">
        <ele>49.62</ele>
      </trkpt>
      <trkpt lat="52.65687" lon="13.28311">
        <ele>50.33</ele>
      </trkpt>
      <trkpt lat="52.65681" lon="13.283">
        <ele>49.73</ele>
      </trkpt>
      <trkpt lat="52.65673" lon="13.28291">
        <ele>48.81</ele>
      </trkpt>
      <trkpt lat="52.65668" lon="13.28285">
        <ele>48.32</ele>
      </trkpt>
      <trkpt lat="52.65663" lon="13.28282">
        <ele>47.14</ele>
      </trkpt>
      <trkpt lat="52.65658" lon="13.2828">
        <ele>45.63</ele>
      </trkpt>
      <trkpt lat="52.65652" lon="13.28278">
        <ele>43.79</ele>
      </trkpt>
      <trkpt lat="52.65647" lon="13.28278">
        <ele>42.36</ele>
      </trkpt>
      <trkpt lat="52.65647" lon="13.28278">
        <ele>42.36</ele>
      </trkpt>
      <trkpt lat="52.65647" lon="13.28278">
        <ele>42.36</ele>
      </trkpt>
      <trkpt lat="52.65635" lon="13.28276">
        <ele>40.43</ele>
      </trkpt>
      <trkpt lat="52.65625" lon="13.28276">
        <ele>41.87</ele>
      </trkpt>
      <trkpt lat="52.6562" lon="13.28276">
        <ele>42.59</ele>
      </trkpt>
      <trkpt lat="52.65617" lon="13.28277">
        <ele>43.1</ele>
      </trkpt>
      <trkpt lat="52.65613" lon="13.28279">
        <ele>43.74</ele>
      </trkpt>
      <trkpt lat="52.65599" lon="13.28287">
        <ele>44.73</ele>
      </trkpt>
      <trkpt lat="52.65595" lon="13.28291">
        <ele>45.13</ele>
      </trkpt>
      <trkpt lat="52.65593" lon="13.28296">
        <ele>45.51</ele>
      </trkpt>
      <trkpt lat="52.6559" lon="13.283">
        <ele>45.98</ele>
      </trkpt>
      <trkpt lat="52.65587" lon="13.28306">
        <ele>46.63</ele>
      </trkpt>
      <trkpt lat="52.65587" lon="13.28307">
        <ele>46.7</ele>
      </trkpt>
      <trkpt lat="52.65583" lon="13.28312">
        <ele>47.48</ele>
      </trkpt>
      <trkpt lat="52.6558" lon="13.28316">
        <ele>48.01</ele>
      </trkpt>
      <trkpt lat="52.65577" lon="13.28318">
        <ele>48.43</ele>
      </trkpt>
      <trkpt lat="52.65573" lon="13.28319">
        <ele>48.88</ele>
      </trkpt>
      <trkpt lat="52.65561" lon="13.28317">
        <ele>49.62</ele>
      </trkpt>
      <trkpt lat="52.65549" lon="13.28317">
        <ele>51.14</ele>
      </trkpt>
      <trkpt lat="52.65529" lon="13.28317">
        <ele>54.45</ele>
      </trkpt>
      <trkpt lat="52.6552" lon="13.28318">
        <ele>54.54</ele>
      </trkpt>
      <trkpt lat="52.65516" lon="13.28318">
        <ele>54.41</ele>
      </trkpt>
      <trkpt lat="52.6551" lon="13.28319">
        <ele>54.32</ele>
      </trkpt>
      <trkpt lat="52.65503" lon="13.28322">
        <ele>54.31</ele>
      </trkpt>
      <trkpt lat="52.65502" lon="13.28307">
        <ele>53.11</ele>
      </trkpt>
      <trkpt lat="52.65502" lon="13.28307">
        <ele>53.11</ele>
      </trkpt>
      <trkpt lat="52.65502" lon="13.28307">
        <ele>53.11</ele>
      </trkpt>
      <trkpt lat="52.65499" lon="13.28288">
        <ele>53.11</ele>
      </trkpt>
      <trkpt lat="52.65491" lon="13.28221">
        <ele>46.71</ele>
      </trkpt>
      <trkpt lat="52.6549" lon="13.28205">
        <ele>47.99</ele>
      </trkpt>
      <trkpt lat="52.65488" lon="13.2818">
        <ele>46.11</ele>
      </trkpt>
      <trkpt lat="52.65486" lon="13.28156">
        <ele>43.3</ele>
      </trkpt>
      <trkpt lat="52.65484" lon="13.28147">
        <ele>43.02</ele>
      </trkpt>
      <trkpt lat="52.65481" lon="13.28141">
        <ele>42.68</ele>
      </trkpt>
      <trkpt lat="52.65478" lon="13.28137">
        <ele>42.35</ele>
      </trkpt>
      <trkpt lat="52.65473" lon="13.28133">
        <ele>41.84</ele>
      </trkpt>
      <trkpt lat="52.65359" lon="13.28126">
        <ele>39.9</ele>
      </trkpt>
      <trkpt lat="52.65359" lon="13.28126">
        <ele>39.9</ele>
      </trkpt>
      <trkpt lat="52.65359" lon="13.28126">
        <ele>39.9</ele>
      </trkpt>
      <trkpt lat="52.65275" lon="13.28122">
        <ele>39.77</ele>
      </trkpt>
      <trkpt lat="52.65245" lon="13.2812">
        <ele>41.96</ele>
      </trkpt>
      <trkpt lat="52.65239" lon="13.28121">
        <ele>42.62</ele>
      </trkpt>
      <trkpt lat="52.65229" lon="13.28127">
        <ele>43.56</ele>
      </trkpt>
      <trkpt lat="52.65092" lon="13.28263">
        <ele>36.23</ele>
      </trkpt>
      <trkpt lat="52.65092" lon="13.28263">
        <ele>36.23</ele>
      </trkpt>
      <trkpt lat="52.65092" lon="13.28263">
        <ele>36.23</ele>
      </trkpt>
      <trkpt lat="52.65039" lon="13.28316">
        <ele>42.16</ele>
      </trkpt>
      <trkpt lat="52.65026" lon="13.28329">
        <ele>43.21</ele>
      </trkpt>
      <trkpt lat="52.65007" lon="13.28343">
        <ele>43.58</ele>
      </trkpt>
      <trkpt lat="52.64991" lon="13.28353">
        <ele>44.03</ele>
      </trkpt>
      <trkpt lat="52.64971" lon="13.28361">
        <ele>44.66</ele>
      </trkpt>
      <trkpt lat="52.64961" lon="13.28365">
        <ele>40.85</ele>
      </trkpt>
      <trkpt lat="52.64951" lon="13.28367">
        <ele>38.34</ele>
      </trkpt>
      <trkpt lat="52.64936" lon="13.28367">
        <ele>37.11</ele>
      </trkpt>
      <trkpt lat="52.64873" lon="13.28358">
        <ele>39.72</ele>
      </trkpt>
      <trkpt lat="52.64873" lon="13.28358">
        <ele>39.72</ele>
      </trkpt>
      <trkpt lat="52.64873" lon="13.28358">
        <ele>39.72</ele>
      </trkpt>
      <trkpt lat="52.64864" lon="13.28357">
        <ele>41.43</ele>
      </trkpt>
      <trkpt lat="52.64792" lon="13.28351">
        <ele>42.14</ele>
      </trkpt>
      <trkpt lat="52.64676" lon="13.28338">
        <ele>48.55</ele>
      </trkpt>
      <trkpt lat="52.64676" lon="13.28338">
        <ele>48.55</ele>
      </trkpt>
      <trkpt lat="52.64676" lon="13.28338">
        <ele>48.55</ele>
      </trkpt>
      <trkpt lat="52.6465" lon="13.28335">
        <ele>49.12</ele>
      </trkpt>
      <trkpt lat="52.64584" lon="13.28327">
        <ele>45.04</ele>
      </trkpt>
      <trkpt lat="52.64395" lon="13.28307">
        <ele>46.34</ele>
      </trkpt>
      <trkpt lat="52.6438" lon="13.28304">
        <ele>48.01</ele>
      </trkpt>
      <trkpt lat="52.64366" lon="13.28298">
        <ele>52.78</ele>
      </trkpt>
      <trkpt lat="52.64352" lon="13.28289">
        <ele>53.68</ele>
      </trkpt>
      <trkpt lat="52.64334" lon="13.28272">
        <ele>50.64</ele>
      </trkpt>
      <trkpt lat="52.64321" lon="13.28255">
        <ele>49.08</ele>
      </trkpt>
      <trkpt lat="52.64308" lon="13.28229">
        <ele>47.82</ele>
      </trkpt>
      <trkpt lat="52.64308" lon="13.28229">
        <ele>47.82</ele>
      </trkpt>
      <trkpt lat="52.64308" lon="13.28229">
        <ele>47.82</ele>
      </trkpt>
      <trkpt lat="52.64269" lon="13.28145">
        <ele>44.36</ele>
      </trkpt>
      <trkpt lat="52.6423" lon="13.2806">
        <ele>47.48</ele>
      </trkpt>
      <trkpt lat="52.64198" lon="13.27992">
        <ele>52.14</ele>
      </trkpt>
      <trkpt lat="52.64166" lon="13.27925">
        <ele>44.93</ele>
      </trkpt>
      <trkpt lat="52.64152" lon="13.27896">
        <ele>45.06</ele>
      </trkpt>
      <trkpt lat="52.64144" lon="13.27868">
        <ele>47.14</ele>
      </trkpt>
      <trkpt lat="52.64128" lon="13.27793">
        <ele>52.22</ele>
      </trkpt>
      <trkpt lat="52.64113" lon="13.27717">
        <ele>55.16</ele>
      </trkpt>
      <trkpt lat="52.64097" lon="13.27642">
        <ele>54.25</ele>
      </trkpt>
      <trkpt lat="52.64097" lon="13.27642">
        <ele>54.25</ele>
      </trkpt>
      <trkpt lat="52.64097" lon="13.27642">
        <ele>54.25</ele>
      </trkpt>
      <trkpt lat="52.64091" lon="13.27614">
        <ele>50.17</ele>
      </trkpt>
      <trkpt lat="52.64091" lon="13.27609">
        <ele>49.6</ele>
      </trkpt>
      <trkpt lat="52.64081" lon="13.27532">
        <ele>46.17</ele>
      </trkpt>
      <trkpt lat="52.6407" lon="13.27455">
        <ele>49.06</ele>
      </trkpt>
      <trkpt lat="52.6406" lon="13.27378">
        <ele>50.52</ele>
      </trkpt>
      <trkpt lat="52.64049" lon="13.27302">
        <ele>53.5</ele>
      </trkpt>
      <trkpt lat="52.64039" lon="13.27225">
        <ele>53.52</ele>
      </trkpt>
      <trkpt lat="52.64028" lon="13.27148">
        <ele>52.99</ele>
      </trkpt>
      <trkpt lat="52.64018" lon="13.27071">
        <ele>49.97</ele>
      </trkpt>
      <trkpt lat="52.64007" lon="13.26994">
        <ele>47.03</ele>
      </trkpt>
      <trkpt lat="52.64005" lon="13.26972">
        <ele>46.44</ele>
      </trkpt>
      <trkpt lat="52.64005" lon="13.26972">
        <ele>46.44</ele>
      </trkpt>
      <trkpt lat="52.64005" lon="13.26972">
        <ele>46.44</ele>
      </trkpt>
      <trkpt lat="52.64007" lon="13.26948">
        <ele>43.63</ele>
      </trkpt>
      <trkpt lat="52.64009" lon="13.26932">
        <ele>42.71</ele>
      </trkpt>
      <trkpt lat="52.64027" lon="13.26802">
        <ele>45.13</ele>
      </trkpt>
      <trkpt lat="52.64041" lon="13.267">
        <ele>47.86</ele>
      </trkpt>
      <trkpt lat="52.64055" lon="13.26598">
        <ele>44.05</ele>
      </trkpt>
      <trkpt lat="52.64068" lon="13.26503">
        <ele>47.68</ele>
      </trkpt>
      <trkpt lat="52.64081" lon="13.26408">
        <ele>46.8</ele>
      </trkpt>
      <trkpt lat="52.64094" lon="13.26313">
        <ele>46.61</ele>
      </trkpt>
      <trkpt lat="52.64094" lon="13.26313">
        <ele>46.61</ele>
      </trkpt>
      <trkpt lat="52.64094" lon="13.26313">
        <ele>46.61</ele>
      </trkpt>
      <trkpt lat="52.64098" lon="13.26284">
        <ele>46.02</ele>
      </trkpt>
      <trkpt lat="52.6411" lon="13.26194">
        <ele>47.08</ele>
      </trkpt>
      <trkpt lat="52.64111" lon="13.26177">
        <ele>47.0</ele>
      </trkpt>
      <trkpt lat="52.6411" lon="13.26171">
        <ele>47.01</ele>
      </trkpt>
      <trkpt lat="52.64109" lon="13.26166">
        <ele>47.02</ele>
      </trkpt>
      <trkpt lat="52.64106" lon="13.2616">
        <ele>47.11</ele>
      </trkpt>
      <trkpt lat="52.64103" lon="13.26156">
        <ele>47.05</ele>
      </trkpt>
      <trkpt lat="52.64095" lon="13.26151">
        <ele>46.58</ele>
      </trkpt>
      <trkpt lat="52.64086" lon="13.26147">
        <ele>45.79</ele>
      </trkpt>
      <trkpt lat="52.6408" lon="13.26146">
        <ele>46.38</ele>
      </trkpt>
      <trkpt lat="52.64062" lon="13.26145">
        <ele>51.08</ele>
      </trkpt>
      <trkpt lat="52.63979" lon="13.26148">
        <ele>51.89</ele>
      </trkpt>
      <trkpt lat="52.63979" lon="13.26148">
        <ele>51.89</ele>
      </trkpt>
      <trkpt lat="52.63979" lon="13.26148">
        <ele>51.89</ele>
      </trkpt>
      <trkpt lat="52.63969" lon="13.26148">
        <ele>51.01</ele>
      </trkpt>
      <trkpt lat="52.63955" lon="13.2615">
        <ele>49.74</ele>
      </trkpt>
      <trkpt lat="52.63927" lon="13.26149">
        <ele>47.15</ele>
      </trkpt>
      <trkpt lat="52.63899" lon="13.26152">
        <ele>46.06</ele>
      </trkpt>
      <trkpt lat="52.63887" lon="13.26157">
        <ele>45.7</ele>
      </trkpt>
      <trkpt lat="52.63789" lon="13.26209">
        <ele>46.03</ele>
      </trkpt>
      <trkpt lat="52.63736" lon="13.26237">
        <ele>40.9</ele>
      </trkpt>
      <trkpt lat="52.63605" lon="13.26306">
        <ele>43.11</ele>
      </trkpt>
      <trkpt lat="52.63596" lon="13.26311">
        <ele>44.6</ele>
      </trkpt>
      <trkpt lat="52.63573" lon="13.26322">
        <ele>46.04</ele>
      </trkpt>
      <trkpt lat="52.63551" lon="13.26333">
        <ele>45.85</ele>
      </trkpt>
      <trkpt lat="52.63551" lon="13.26333">
        <ele>45.85</ele>
      </trkpt>
      <trkpt lat="52.63551" lon="13.26333">
        <ele>45.85</ele>
      </trkpt>
      <trkpt lat="52.63539" lon="13.2634">
        <ele>44.59</ele>
      </trkpt>
      <trkpt lat="52.63527" lon="13.26343">
        <ele>43.87</ele>
      </trkpt>
      <trkpt lat="52.63512" lon="13.26346">
        <ele>41.93</ele>
      </trkpt>
      <trkpt lat="52.63459" lon="13.26351">
        <ele>41.69</ele>
      </trkpt>
      <trkpt lat="52.63406" lon="13.26355">
        <ele>43.68</ele>
      </trkpt>
      <trkpt lat="52.63353" lon="13.2636">
        <ele>40.61</ele>
      </trkpt>
      <trkpt lat="52.633" lon="13.26364">
        <ele>42.0</ele>
      </trkpt>
      <trkpt lat="52.63276" lon="13.26369">
        <ele>36.05</ele>
      </trkpt>
      <trkpt lat="52.63224" lon="13.26373">
        <ele>37.0</ele>
      </trkpt>
      <trkpt lat="52.63172" lon="13.26378">
        <ele>36.56</ele>
      </trkpt>
      <trkpt lat="52.6312" lon="13.26382">
        <ele>42.74</ele>
      </trkpt>
      <trkpt lat="52.63083" lon="13.26383">
        <ele>49.49</ele>
      </trkpt>
      <trkpt lat="52.63028" lon="13.26374">
        <ele>55.13</ele>
      </trkpt>
      <trkpt lat="52.62972" lon="13.26364">
        <ele>47.65</ele>
      </trkpt>
      <trkpt lat="52.62917" lon="13.26355">
        <ele>44.0</ele>
      </trkpt>
      <trkpt lat="52.62861" lon="13.26345">
        <ele>38.57</ele>
      </trkpt>
      <trkpt lat="52.62853" lon="13.26342">
        <ele>38.1</ele>
      </trkpt>
      <trkpt lat="52.62851" lon="13.26323">
        <ele>38.88</ele>
      </trkpt>
      <trkpt lat="52.62846" lon="13.26221">
        <ele>39.17</ele>
      </trkpt>
      <trkpt lat="52.62843" lon="13.26169">
        <ele>40.3</ele>
      </trkpt>
      <trkpt lat="52.62843" lon="13.26169">
        <ele>40.3</ele>
      </trkpt>
      <trkpt lat="52.62843" lon="13.26169">
        <ele>40.3</ele>
      </trkpt>
      <trkpt lat="52.62835" lon="13.26033">
        <ele>42.59</ele>
      </trkpt>
      <trkpt lat="52.62829" lon="13.25926">
        <ele>45.71</ele>
      </trkpt>
      <trkpt lat="52.62823" lon="13.25818">
        <ele>46.24</ele>
      </trkpt>
      <trkpt lat="52.62819" lon="13.25731">
        <ele>46.52</ele>
      </trkpt>
      <trkpt lat="52.62814" lon="13.25645">
        <ele>47.0</ele>
      </trkpt>
      <trkpt lat="52.62812" lon="13.25609">
        <ele>46.99</ele>
      </trkpt>
      <trkpt lat="52.62808" lon="13.25545">
        <ele>46.95</ele>
      </trkpt>
      <trkpt lat="52.62806" lon="13.25456">
        <ele>47.03</ele>
      </trkpt>
      <trkpt lat="52.62805" lon="13.25379">
        <ele>47.65</ele>
      </trkpt>
      <trkpt lat="52.62805" lon="13.25302">
        <ele>47.13</ele>
      </trkpt>
      <trkpt lat="52.62804" lon="13.25225">
        <ele>48.99</ele>
      </trkpt>
      <trkpt lat="52.62804" lon="13.25148">
        <ele>49.58</ele>
      </trkpt>
      <trkpt lat="52.62803" lon="13.25071">
        <ele>50.32</ele>
      </trkpt>
      <trkpt lat="52.62803" lon="13.25071">
        <ele>50.32</ele>
      </trkpt>
      <trkpt lat="52.62803" lon="13.25071">
        <ele>50.32</ele>
      </trkpt>
      <trkpt lat="52.62803" lon="13.25025">
        <ele>46.3</ele>
      </trkpt>
      <trkpt lat="52.62803" lon="13.24946">
        <ele>46.34</ele>
      </trkpt>
      <trkpt lat="52.62806" lon="13.24887">
        <ele>42.89</ele>
      </trkpt>
      <trkpt lat="52.62808" lon="13.24866">
        <ele>41.38</ele>
      </trkpt>
      <trkpt lat="52.62818" lon="13.2478">
        <ele>35.15</ele>
      </trkpt>
      <trkpt lat="52.62829" lon="13.24694">
        <ele>35.62</ele>
      </trkpt>
      <trkpt lat="52.62839" lon="13.24608">
        <ele>36.97</ele>
      </trkpt>
      <trkpt lat="52.62849" lon="13.24522">
        <ele>40.64</ele>
      </trkpt>
      <trkpt lat="52.62858" lon="13.24444">
        <ele>41.91</ele>
      </trkpt>
      <trkpt lat="52.62858" lon="13.24444">
        <ele>41.91</ele>
      </trkpt>
      <trkpt lat="52.62858" lon="13.24444">
        <ele>41.91</ele>
      </trkpt>
      <trkpt lat="52.62852" lon="13.24424">
        <ele>43.13</ele>
      </trkpt>
      <trkpt lat="52.62838" lon="13.24375">
        <ele>42.33</ele>
      </trkpt>
      <trkpt lat="52.62826" lon="13.24335">
        <ele>42.98</ele>
      </trkpt>
      <trkpt lat="52.6282" lon="13.24318">
        <ele>43.53</ele>
      </trkpt>
      <trkpt lat="52.62822" lon="13.24289">
        <ele>45.98</ele>
      </trkpt>
      <trkpt lat="52.62822" lon="13.24268">
        <ele>47.79</ele>
      </trkpt>
      <trkpt lat="52.6282" lon="13.24247">
        <ele>48.37</ele>
      </trkpt>
      <trkpt lat="52.62813" lon="13.24208">
        <ele>46.13</ele>
      </trkpt>
      <trkpt lat="52.62797" lon="13.24127">
        <ele>37.75</ele>
      </trkpt>
      <trkpt lat="52.6279" lon="13.24096">
        <ele>38.98</ele>
      </trkpt>
      <trkpt lat="52.62786" lon="13.24054">
        <ele>40.58</ele>
      </trkpt>
      <trkpt lat="52.62784" lon="13.24014">
        <ele>42.49</ele>
      </trkpt>
      <trkpt lat="52.62783" lon="13.2398">
        <ele>42.66</ele>
      </trkpt>
      <trkpt lat="52.62777" lon="13.23892">
        <ele>43.97</ele>
      </trkpt>
      <trkpt lat="52.62777" lon="13.23871">
        <ele>43.48</ele>
      </trkpt>
      <trkpt lat="52.62777" lon="13.23871">
        <ele>43.48</ele>
      </trkpt>
      <trkpt lat="52.62777" lon="13.23871">
        <ele>43.48</ele>
      </trkpt>
      <trkpt lat="52.62779" lon="13.23754">
        <ele>42.79</ele>
      </trkpt>
      <trkpt lat="52.62778" lon="13.23626">
        <ele>41.5</ele>
      </trkpt>
      <trkpt lat="52.62778" lon="13.23614">
        <ele>41.06</ele>
      </trkpt>
      <trkpt lat="52.62777" lon="13.2359">
        <ele>41.67</ele>
      </trkpt>
      <trkpt lat="52.62773" lon="13.23538">
        <ele>38.91</ele>
      </trkpt>
      <trkpt lat="52.62767" lon="13.23462">
        <ele>45.27</ele>
      </trkpt>
      <trkpt lat="52.62754" lon="13.23353">
        <ele>44.03</ele>
      </trkpt>
      <trkpt lat="52.62748" lon="13.23247">
        <ele>41.09</ele>
      </trkpt>
      <trkpt lat="52.62746" lon="13.232">
        <ele>36.29</ele>
      </trkpt>
      <trkpt lat="52.62736" lon="13.23049">
        <ele>40.66</ele>
      </trkpt>
      <trkpt lat="52.62742" lon="13.22961">
        <ele>38.92</ele>
      </trkpt>
      <trkpt lat="52.62744" lon="13.22928">
        <ele>36.7</ele>
      </trkpt>
      <trkpt lat="52.62749" lon="13.22865">
        <ele>37.67</ele>
      </trkpt>
      <trkpt lat="52.6275" lon="13.22817">
        <ele>32.82</ele>
      </trkpt>
      <trkpt lat="52.62755" lon="13.22787">
        <ele>30.67</ele>
      </trkpt>
      <trkpt lat="52.62759" lon="13.2276">
        <ele>31.83</ele>
      </trkpt>
      <trkpt lat="52.62766" lon="13.22694">
        <ele>34.7</ele>
      </trkpt>
      <trkpt lat="52.6277" lon="13.22663">
        <ele>33.45</ele>
      </trkpt>
      <trkpt lat="52.62772" lon="13.22644">
        <ele>32.53</ele>
      </trkpt>
      <trkpt lat="52.62772" lon="13.22644">
        <ele>32.53</ele>
      </trkpt>
      <trkpt lat="52.62772" lon="13.22644">
        <ele>32.53</ele>
      </trkpt>
      <trkpt lat="52.6277" lon="13.22633">
        <ele>32.36</ele>
      </trkpt>
      <trkpt lat="52.62757" lon="13.22612">
        <ele>32.13</ele>
      </trkpt>
      <trkpt lat="52.62768" lon="13.226">
        <ele>31.68</ele>
      </trkpt>
      <trkpt lat="52.62779" lon="13.22592">
        <ele>33.17</ele>
      </trkpt>
      <trkpt lat="52.62796" lon="13.22584">
        <ele>34.9</ele>
      </trkpt>
      <trkpt lat="52.62807" lon="13.22585">
        <ele>34.67</ele>
      </trkpt>
      <trkpt lat="52.62827" lon="13.22593">
        <ele>32.18</ele>
      </trkpt>
      <trkpt lat="52.62843" lon="13.22607">
        <ele>30.65</ele>
      </trkpt>
      <trkpt lat="52.62863" lon="13.22623">
        <ele>30.16</ele>
      </trkpt>
      <trkpt lat="52.62871" lon="13.22624">
        <ele>30.85</ele>
      </trkpt>
      <trkpt lat="52.62875" lon="13.22625">
        <ele>31.25</ele>
      </trkpt>
      <trkpt lat="52.62879" lon="13.22628">
        <ele>31.82</ele>
      </trkpt>
      <trkpt lat="52.62887" lon="13.22633">
        <ele>33.14</ele>
      </trkpt>
      <trkpt lat="52.62894" lon="13.22637">
        <ele>34.02</ele>
      </trkpt>
      <trkpt lat="52.62911" lon="13.22644">
        <ele>34.43</ele>
      </trkpt>
      <trkpt lat="52.62945" lon="13.22653">
        <ele>31.04</ele>
      </trkpt>
      <trkpt lat="52.62969" lon="13.22656">
        <ele>33.42</ele>
      </trkpt>
      <trkpt lat="52.62969" lon="13.22656">
        <ele>33.42</ele>
      </trkpt>
      <trkpt lat="52.62969" lon="13.22656">
        <ele>33.42</ele>
      </trkpt>
      <trkpt lat="52.62977" lon="13.22657">
        <ele>33.99</ele>
      </trkpt>
      <trkpt lat="52.62989" lon="13.22657">
        <ele>34.72</ele>
      </trkpt>
      <trkpt lat="52.62999" lon="13.22657">
        <ele>35.33</ele>
      </trkpt>
      <trkpt lat="52.63036" lon="13.2264">
        <ele>38.36</ele>
      </trkpt>
      <trkpt lat="52.63068" lon="13.22624">
        <ele>41.11</ele>
      </trkpt>
      <trkpt lat="52.63133" lon="13.22592">
        <ele>41.99</ele>
      </trkpt>
      <trkpt lat="52.63146" lon="13.22584">
        <ele>45.64</ele>
      </trkpt>
      <trkpt lat="52.63155" lon="13.22576">
        <ele>46.48</ele>
      </trkpt>
      <trkpt lat="52.63165" lon="13.22564">
        <ele>47.12</ele>
      </trkpt>
      <trkpt lat="52.6322" lon="13.22491">
        <ele>53.17</ele>
      </trkpt>
      <trkpt lat="52.63268" lon="13.22417">
        <ele>47.33</ele>
      </trkpt>
      <trkpt lat="52.63268" lon="13.22417">
        <ele>47.33</ele>
      </trkpt>
      <trkpt lat="52.63268" lon="13.22417">
        <ele>47.33</ele>
      </trkpt>
      <trkpt lat="52.63302" lon="13.22365">
        <ele>40.07</ele>
      </trkpt>
      <trkpt lat="52.63321" lon="13.22336">
        <ele>37.33</ele>
      </trkpt>
      <trkpt lat="52.63343" lon="13.22305">
        <ele>37.35</ele>
      </trkpt>
      <trkpt lat="52.63408" lon="13.22212">
        <ele>40.49</ele>
      </trkpt>
      <trkpt lat="52.63535" lon="13.22018">
        <ele>39.01</ele>
      </trkpt>
      <trkpt lat="52.63559" lon="13.21984">
        <ele>37.93</ele>
      </trkpt>
      <trkpt lat="52.63567" lon="13.21976">
        <ele>36.76</ele>
      </trkpt>
      <trkpt lat="52.63577" lon="13.21966">
        <ele>36.82</ele>
      </trkpt>
      <trkpt lat="52.63591" lon="13.21955">
        <ele>36.66</ele>
      </trkpt>
      <trkpt lat="52.63591" lon="13.21955">
        <ele>36.66</ele>
      </trkpt>
      <trkpt lat="52.63591" lon="13.21955">
        <ele>36.66</ele>
      </trkpt>
      <trkpt lat="52.63602" lon="13.21945">
        <ele>35.68</ele>
      </trkpt>
      <trkpt lat="52.63599" lon="13.21933">
        <ele>36.93</ele>
      </trkpt>
      <trkpt lat="52.63594" lon="13.21914">
        <ele>38.5</ele>
      </trkpt>
      <trkpt lat="52.63595" lon="13.21906">
        <ele>38.13</ele>
      </trkpt>
      <trkpt lat="52.63598" lon="13.21899">
        <ele>37.87</ele>
      </trkpt>
      <trkpt lat="52.63602" lon="13.21892">
        <ele>37.75</ele>
      </trkpt>
      <trkpt lat="52.63612" lon="13.21875">
        <ele>38.47</ele>
      </trkpt>
      <trkpt lat="52.63613" lon="13.21869">
        <ele>38.74</ele>
      </trkpt>
      <trkpt lat="52.63615" lon="13.21861">
        <ele>39.29</ele>
      </trkpt>
      <trkpt lat="52.63619" lon="13.21853">
        <ele>40.03</ele>
      </trkpt>
      <trkpt lat="52.63629" lon="13.21767">
        <ele>37.34</ele>
      </trkpt>
      <trkpt lat="52.63631" lon="13.21757">
        <ele>36.19</ele>
      </trkpt>
      <trkpt lat="52.63631" lon="13.21757">
        <ele>36.19</ele>
      </trkpt>
      <trkpt lat="52.63631" lon="13.21757">
        <ele>36.19</ele>
      </trkpt>
      <trkpt lat="52.63649" lon="13.21656">
        <ele>31.12</ele>
      </trkpt>
      <trkpt lat="52.63653" lon="13.21639">
        <ele>29.0</ele>
      </trkpt>
      <trkpt lat="52.63672" lon="13.21544">
        <ele>31.07</ele>
      </trkpt>
      <trkpt lat="52.63703" lon="13.21389">
        <ele>30.38</ele>
      </trkpt>
      <trkpt lat="52.63693" lon="13.21388">
        <ele>30.98</ele>
      </trkpt>
      <trkpt lat="52.63679" lon="13.21386">
        <ele>30.55</ele>
      </trkpt>
      <trkpt lat="52.63639" lon="13.2138">
        <ele>29.68</ele>
      </trkpt>
      <trkpt lat="52.63622" lon="13.21377">
        <ele>27.58</ele>
      </trkpt>
      <trkpt lat="52.63585" lon="13.21371">
        <ele>26.43</ele>
      </trkpt>
      <trkpt lat="52.63585" lon="13.21371">
        <ele>26.43</ele>
      </trkpt>
      <trkpt lat="52.63585" lon="13.21371">
        <ele>26.43</ele>
      </trkpt>
      <trkpt lat="52.63558" lon="13.21367">
        <ele>27.31</ele>
      </trkpt>
      <trkpt lat="52.6354" lon="13.21364">
        <ele>27.5</ele>
      </trkpt>
      <trkpt lat="52.63532" lon="13.21361">
        <ele>27.69</ele>
      </trkpt>
      <trkpt lat="52.6352" lon="13.21355">
        <ele>28.9</ele>
      </trkpt>
      <trkpt lat="52.63505" lon="13.21341">
        <ele>30.56</ele>
      </trkpt>
      <trkpt lat="52.63493" lon="13.21324">
        <ele>31.42</ele>
      </trkpt>
      <trkpt lat="52.63485" lon="13.21309">
        <ele>31.74</ele>
      </trkpt>
      <trkpt lat="52.6348" lon="13.21298">
        <ele>33.64</ele>
      </trkpt>
      <trkpt lat="52.63475" lon="13.2128">
        <ele>38.04</ele>
      </trkpt>
      <trkpt lat="52.63467" lon="13.21246">
        <ele>39.55</ele>
      </trkpt>
      <trkpt lat="52.63464" lon="13.21228">
        <ele>38.92</ele>
      </trkpt>
      <trkpt lat="52.63462" lon="13.21214">
        <ele>39.28</ele>
      </trkpt>
      <trkpt lat="52.63461" lon="13.21201">
        <ele>40.35</ele>
      </trkpt>
      <trkpt lat="52.63419" lon="13.21221">
        <ele>42.89</ele>
      </trkpt>
      <trkpt lat="52.63408" lon="13.21234">
        <ele>42.63</ele>
      </trkpt>
      <trkpt lat="52.63402" lon="13.21255">
        <ele>39.97</ele>
      </trkpt>
      <trkpt lat="52.63401" lon="13.21274">
        <ele>36.74</ele>
      </trkpt>
      <trkpt lat="52.63401" lon="13.21274">
        <ele>36.74</ele>
      </trkpt>
      <trkpt lat="52.63401" lon="13.21274">
        <ele>36.74</ele>
      </trkpt>
      <trkpt lat="52.63401" lon="13.2132">
        <ele>35.83</ele>
      </trkpt>
      <trkpt lat="52.63393" lon="13.21338">
        <ele>35.95</ele>
      </trkpt>
      <trkpt lat="52.63383" lon="13.21373">
        <ele>35.81</ele>
      </trkpt>
      <trkpt lat="52.6337" lon="13.21448">
        <ele>34.45</ele>
      </trkpt>
      <trkpt lat="52.63353" lon="13.21442">
        <ele>34.77</ele>
      </trkpt>
      <trkpt lat="52.63348" lon="13.21487">
        <ele>37.51</ele>
      </trkpt>
      <trkpt lat="52.63347" lon="13.21514">
        <ele>37.76</ele>
      </trkpt>
      <trkpt lat="52.63344" lon="13.2153">
        <ele>37.69</ele>
      </trkpt>
      <trkpt lat="52.63341" lon="13.21549">
        <ele>37.12</ele>
      </trkpt>
      <trkpt lat="52.63337" lon="13.21564">
        <ele>35.75</ele>
      </trkpt>
      <trkpt lat="52.63335" lon="13.21569">
        <ele>34.82</ele>
      </trkpt>
      <trkpt lat="52.63332" lon="13.21571">
        <ele>34.51</ele>
      </trkpt>
      <trkpt lat="52.63321" lon="13.21579">
        <ele>32.41</ele>
      </trkpt>
      <trkpt lat="52.63305" lon="13.21575">
        <ele>33.2</ele>
      </trkpt>
      <trkpt lat="52.63289" lon="13.21568">
        <ele>33.49</ele>
      </trkpt>
      <trkpt lat="52.63289" lon="13.21568">
        <ele>33.49</ele>
      </trkpt>
      <trkpt lat="52.63289" lon="13.21568">
        <ele>33.49</ele>
      </trkpt>
      <trkpt lat="52.63285" lon="13.21567">
        <ele>33.35</ele>
      </trkpt>
      <trkpt lat="52.63263" lon="13.21569">
        <ele>32.76</ele>
      </trkpt>
      <trkpt lat="52.63261" lon="13.21544">
        <ele>33.27</ele>
      </trkpt>
      <trkpt lat="52.63256" lon="13.21501">
        <ele>32.98</ele>
      </trkpt>
      <trkpt lat="52.63253" lon="13.21473">
        <ele>28.45</ele>
      </trkpt>
      <trkpt lat="52.63247" lon="13.21423">
        <ele>27.53</ele>
      </trkpt>
      <trkpt lat="52.63144" lon="13.2145">
        <ele>24.57</ele>
      </trkpt>
      <trkpt lat="52.63135" lon="13.21451">
        <ele>25.08</ele>
      </trkpt>
      <trkpt lat="52.63127" lon="13.21448">
        <ele>26.3</ele>
      </trkpt>
      <trkpt lat="52.63122" lon="13.21443">
        <ele>26.88</ele>
      </trkpt>
      <trkpt lat="52.63117" lon="13.21439">
        <ele>28.35</ele>
      </trkpt>
      <trkpt lat="52.6311" lon="13.21433">
        <ele>30.06</ele>
      </trkpt>
      <trkpt lat="52.631" lon="13.21406">
        <ele>31.62</ele>
      </trkpt>
      <trkpt lat="52.63098" lon="13.21389">
        <ele>31.36</ele>
      </trkpt>
      <trkpt lat="52.63095" lon="13.21379">
        <ele>32.88</ele>
      </trkpt>
      <trkpt lat="52.63091" lon="13.21374">
        <ele>34.32</ele>
      </trkpt>
      <trkpt lat="52.63087" lon="13.21371">
        <ele>35.66</ele>
      </trkpt>
      <trkpt lat="52.63034" lon="13.21378">
        <ele>27.62</ele>
      </trkpt>
      <trkpt lat="52.63007" lon="13.21385">
        <ele>27.88</ele>
      </trkpt>
      <trkpt lat="52.63002" lon="13.21387">
        <ele>28.61</ele>
      </trkpt>
      <trkpt lat="52.62998" lon="13.21391">
        <ele>28.0</ele>
      </trkpt>
      <trkpt lat="52.62995" lon="13.21398">
        <ele>25.53</ele>
      </trkpt>
      <trkpt lat="52.62974" lon="13.21451">
        <ele>18.9</ele>
      </trkpt>
      <trkpt lat="52.62954" lon="13.21503">
        <ele>22.66</ele>
      </trkpt>
      <trkpt lat="52.62928" lon="13.21571">
        <ele>21.82</ele>
      </trkpt>
      <trkpt lat="52.62907" lon="13.21626">
        <ele>23.09</ele>
      </trkpt>
      <trkpt lat="52.62903" lon="13.21632">
        <ele>23.73</ele>
      </trkpt>
      <trkpt lat="52.62898" lon="13.21634">
        <ele>24.23</ele>
      </trkpt>
      <trkpt lat="52.62893" lon="13.21634">
        <ele>24.65</ele>
      </trkpt>
      <trkpt lat="52.62893" lon="13.21634">
        <ele>24.65</ele>
      </trkpt>
      <trkpt lat="52.62893" lon="13.21634">
        <ele>24.65</ele>
      </trkpt>
      <trkpt lat="52.6289" lon="13.21634">
        <ele>24.91</ele>
      </trkpt>
      <trkpt lat="52.62834" lon="13.21629">
        <ele>16.68</ele>
      </trkpt>
      <trkpt lat="52.62791" lon="13.21625">
        <ele>15.88</ele>
      </trkpt>
      <trkpt lat="52.62737" lon="13.21612">
        <ele>18.98</ele>
      </trkpt>
      <trkpt lat="52.62692" lon="13.2159">
        <ele>19.93</ele>
      </trkpt>
      <trkpt lat="52.62654" lon="13.21573">
        <ele>20.4</ele>
      </trkpt>
      <trkpt lat="52.626" lon="13.2155">
        <ele>25.04</ele>
      </trkpt>
      <trkpt lat="52.62538" lon="13.21522">
        <ele>31.17</ele>
      </trkpt>
      <trkpt lat="52.62515" lon="13.2151">
        <ele>33.21</ele>
      </trkpt>
      <trkpt lat="52.62473" lon="13.21495">
        <ele>35.43</ele>
      </trkpt>
      <trkpt lat="52.62391" lon="13.2146">
        <ele>30.38</ele>
      </trkpt>
      <trkpt lat="52.62264" lon="13.21381">
        <ele>30.35</ele>
      </trkpt>
      <trkpt lat="52.6218" lon="13.21329">
        <ele>41.76</ele>
      </trkpt>
      <trkpt lat="52.62132" lon="13.21265">
        <ele>32.19</ele>
      </trkpt>
      <trkpt lat="52.62094" lon="13.21217">
        <ele>35.23</ele>
      </trkpt>
      <trkpt lat="52.62062" lon="13.21173">
        <ele>36.51</ele>
      </trkpt>
      <trkpt lat="52.62026" lon="13.21134">
        <ele>26.05</ele>
      </trkpt>
      <trkpt lat="52.61973" lon="13.21076">
        <ele>38.72</ele>
      </trkpt>
      <trkpt lat="52.61918" lon="13.21018">
        <ele>22.4</ele>
      </trkpt>
      <trkpt lat="52.61868" lon="13.20968">
        <ele>22.38</ele>
      </trkpt>
      <trkpt lat="52.61814" lon="13.20891">
        <ele>40.69</ele>
      </trkpt>
      <trkpt lat="52.61788" lon="13.20857">
        <ele>42.79</ele>
      </trkpt>
      <trkpt lat="52.61746" lon="13.20806">
        <ele>40.55</ele>
      </trkpt>
      <trkpt lat="52.61684" lon="13.20646">
        <ele>41.35</ele>
      </trkpt>
      <trkpt lat="52.61667" lon="13.20595">
        <ele>38.41</ele>
      </trkpt>
      <trkpt lat="52.61653" lon="13.20549">
        <ele>37.14</ele>
      </trkpt>
      <trkpt lat="52.61643" lon="13.20514">
        <ele>34.87</ele>
      </trkpt>
      <trkpt lat="52.61644" lon="13.20512">
        <ele>34.9</ele>
      </trkpt>
      <trkpt lat="52.61652" lon="13.20507">
        <ele>35.55</ele>
      </trkpt>
      <trkpt lat="52.61658" lon="13.20503">
        <ele>36.1</ele>
      </trkpt>
      <trkpt lat="52.61668" lon="13.20499">
        <ele>37.13</ele>
      </trkpt>
      <trkpt lat="52.61681" lon="13.20493">
        <ele>38.28</ele>
      </trkpt>
      <trkpt lat="52.61704" lon="13.20485">
        <ele>37.63</ele>
      </trkpt>
      <trkpt lat="52.61717" lon="13.20481">
        <ele>35.07</ele>
      </trkpt>
      <trkpt lat="52.61725" lon="13.20477">
        <ele>34.02</ele>
      </trkpt>
      <trkpt lat="52.61734" lon="13.20459">
        <ele>33.52</ele>
      </trkpt>
      <trkpt lat="52.61725" lon="13.20448">
        <ele>33.13</ele>
      </trkpt>
      <trkpt lat="52.61723" lon="13.20444">
        <ele>32.98</ele>
      </trkpt>
      <trkpt lat="52.61722" lon="13.20435">
        <ele>32.7</ele>
      </trkpt>
      <trkpt lat="52.61666" lon="13.20449">
        <ele>36.25</ele>
      </trkpt>
      <trkpt lat="52.61666" lon="13.20449">
        <ele>36.25</ele>
      </trkpt>
      <trkpt lat="52.61666" lon="13.2045">
        <ele>36.32</ele>
      </trkpt>
      <trkpt lat="52.61622" lon="13.20461">
        <ele>33.6</ele>
      </trkpt>
      <trkpt lat="52.61579" lon="13.20471">
        <ele>34.65</ele>
      </trkpt>
      <trkpt lat="52.6156" lon="13.20477">
        <ele>37.36</ele>
      </trkpt>
      <trkpt lat="52.61547" lon="13.2048">
        <ele>37.78</ele>
      </trkpt>
      <trkpt lat="52.61525" lon="13.20481">
        <ele>36.95</ele>
      </trkpt>
      <trkpt lat="52.61496" lon="13.2048">
        <ele>33.46</ele>
      </trkpt>
      <trkpt lat="52.61455" lon="13.20471">
        <ele>38.93</ele>
      </trkpt>
      <trkpt lat="52.6141" lon="13.20461">
        <ele>46.73</ele>
      </trkpt>
      <trkpt lat="52.61408" lon="13.20475">
        <ele>46.45</ele>
      </trkpt>
      <trkpt lat="52.61397" lon="13.20473">
        <ele>45.08</ele>
      </trkpt>
      <trkpt lat="52.61395" lon="13.20472">
        <ele>44.88</ele>
      </trkpt>
      <trkpt lat="52.6136" lon="13.20464">
        <ele>38.6</ele>
      </trkpt>
      <trkpt lat="52.61359" lon="13.2047">
        <ele>37.65</ele>
      </trkpt>
      <trkpt lat="52.61358" lon="13.20473">
        <ele>36.96</ele>
      </trkpt>
      <trkpt lat="52.61356" lon="13.20476">
        <ele>35.8</ele>
      </trkpt>
      <trkpt lat="52.61351" lon="13.20482">
        <ele>33.07</ele>
      </trkpt>
      <trkpt lat="52.61316" lon="13.20483">
        <ele>25.51</ele>
      </trkpt>
      <trkpt lat="52.61294" lon="13.20484">
        <ele>23.35</ele>
      </trkpt>
      <trkpt lat="52.61264" lon="13.20487">
        <ele>22.0</ele>
      </trkpt>
      <trkpt lat="52.61213" lon="13.20498">
        <ele>25.5</ele>
      </trkpt>
      <trkpt lat="52.61173" lon="13.20509">
        <ele>25.53</ele>
      </trkpt>
      <trkpt lat="52.61167" lon="13.20506">
        <ele>25.93</ele>
      </trkpt>
      <trkpt lat="52.61165" lon="13.20502">
        <ele>26.92</ele>
      </trkpt>
      <trkpt lat="52.61163" lon="13.20487">
        <ele>30.5</ele>
      </trkpt>
      <trkpt lat="52.61163" lon="13.20487">
        <ele>30.5</ele>
      </trkpt>
      <trkpt lat="52.61162" lon="13.20481">
        <ele>31.82</ele>
      </trkpt>
      <trkpt lat="52.61155" lon="13.2045">
        <ele>32.7</ele>
      </trkpt>
      <trkpt lat="52.61148" lon="13.20436">
        <ele>32.02</ele>
      </trkpt>
      <trkpt lat="52.6114" lon="13.20421">
        <ele>31.2</ele>
      </trkpt>
      <trkpt lat="52.61127" lon="13.20408">
        <ele>30.37</ele>
      </trkpt>
      <trkpt lat="52.61114" lon="13.20401">
        <ele>30.67</ele>
      </trkpt>
      <trkpt lat="52.61101" lon="13.20397">
        <ele>27.8</ele>
      </trkpt>
      <trkpt lat="52.61093" lon="13.20397">
        <ele>25.18</ele>
      </trkpt>
      <trkpt lat="52.61087" lon="13.20393">
        <ele>23.26</ele>
      </trkpt>
      <trkpt lat="52.61068" lon="13.20396">
        <ele>22.0</ele>
      </trkpt>
      <trkpt lat="52.61051" lon="13.20399">
        <ele>22.0</ele>
      </trkpt>
      <trkpt lat="52.61032" lon="13.20399">
        <ele>22.0</ele>
      </trkpt>
      <trkpt lat="52.61013" lon="13.20394">
        <ele>22.0</ele>
      </trkpt>
      <trkpt lat="52.60986" lon="13.20381">
        <ele>22.0</ele>
      </trkpt>
      <trkpt lat="52.6097" lon="13.20369">
        <ele>22.0</ele>
      </trkpt>
      <trkpt lat="52.60969" lon="13.20362">
        <ele>22.0</ele>
      </trkpt>
      <trkpt lat="52.60947" lon="13.20344">
        <ele>22.0</ele>
      </trkpt>
      <trkpt lat="52.60938" lon="13.20334">
        <ele>22.0</ele>
      </trkpt>
      <trkpt lat="52.60929" lon="13.20321">
        <ele>22.0</ele>
      </trkpt>
      <trkpt lat="52.60921" lon="13.20307">
        <ele>22.0</ele>
      </trkpt>
      <trkpt lat="52.60921" lon="13.20307">
        <ele>22.0</ele>
      </trkpt>
      <trkpt lat="52.60921" lon="13.20307">
        <ele>22.0</ele>
      </trkpt>
      <trkpt lat="52.60921" lon="13.20307">
        <ele>22.0</ele>
      </trkpt>
      <trkpt lat="52.60915" lon="13.20298">
        <ele>22.0</ele>
      </trkpt>
      <trkpt lat="52.60899" lon="13.20264">
        <ele>28.0</ele>
      </trkpt>
      <trkpt lat="52.60886" lon="13.20236">
        <ele>32.76</ele>
      </trkpt>
      <trkpt lat="52.60873" lon="13.2021">
        <ele>28.13</ele>
      </trkpt>
      <trkpt lat="52.60855" lon="13.20176">
        <ele>27.7</ele>
      </trkpt>
      <trkpt lat="52.60832" lon="13.20138">
        <ele>22.0</ele>
      </trkpt>
      <trkpt lat="52.60828" lon="13.2013">
        <ele>22.0</ele>
      </trkpt>
      <trkpt lat="52.60813" lon="13.20108">
        <ele>22.3</ele>
      </trkpt>
      <trkpt lat="52.60808" lon="13.201">
        <ele>22.35</ele>
      </trkpt>
      <trkpt lat="52.60787" lon="13.20067">
        <ele>22.0</ele>
      </trkpt>
      <trkpt lat="52.60768" lon="13.20047">
        <ele>22.0</ele>
      </trkpt>
      <trkpt lat="52.60749" lon="13.20034">
        <ele>22.0</ele>
      </trkpt>
      <trkpt lat="52.6074" lon="13.20028">
        <ele>22.0</ele>
      </trkpt>
      <trkpt lat="52.60724" lon="13.20021">
        <ele>25.22</ele>
      </trkpt>
      <trkpt lat="52.60696" lon="13.20009">
        <ele>22.49</ele>
      </trkpt>
      <trkpt lat="52.60693" lon="13.20011">
        <ele>22.35</ele>
      </trkpt>
      <trkpt lat="52.6069" lon="13.20012">
        <ele>23.0</ele>
      </trkpt>
      <trkpt lat="52.60679" lon="13.20009">
        <ele>26.13</ele>
      </trkpt>
      <trkpt lat="52.60653" lon="13.19997">
        <ele>27.95</ele>
      </trkpt>
      <trkpt lat="52.60626" lon="13.19986">
        <ele>29.99</ele>
      </trkpt>
      <trkpt lat="52.60615" lon="13.19982">
        <ele>30.54</ele>
      </trkpt>
      <trkpt lat="52.60604" lon="13.1998">
        <ele>29.95</ele>
      </trkpt>
      <trkpt lat="52.60584" lon="13.19979">
        <ele>29.03</ele>
      </trkpt>
      <trkpt lat="52.60534" lon="13.19982">
        <ele>26.81</ele>
      </trkpt>
      <trkpt lat="52.60521" lon="13.19983">
        <ele>27.47</ele>
      </trkpt>
      <trkpt lat="52.60512" lon="13.19985">
        <ele>28.06</ele>
      </trkpt>
      <trkpt lat="52.60506" lon="13.19986">
        <ele>28.48</ele>
      </trkpt>
      <trkpt lat="52.60498" lon="13.19987">
        <ele>28.69</ele>
      </trkpt>
      <trkpt lat="52.60488" lon="13.19986">
        <ele>27.93</ele>
      </trkpt>
      <trkpt lat="52.6048" lon="13.19985">
        <ele>27.33</ele>
      </trkpt>
      <trkpt lat="52.60463" lon="13.19976">
        <ele>26.49</ele>
      </trkpt>
      <trkpt lat="52.60408" lon="13.19942">
        <ele>25.9</ele>
      </trkpt>
      <trkpt lat="52.60382" lon="13.19924">
        <ele>25.11</ele>
      </trkpt>
      <trkpt lat="52.60373" lon="13.19922">
        <ele>24.44</ele>
      </trkpt>
      <trkpt lat="52.6036" lon="13.19922">
        <ele>23.51</ele>
      </trkpt>
      <trkpt lat="52.6035" lon="13.19923">
        <ele>24.06</ele>
      </trkpt>
      <trkpt lat="52.60343" lon="13.19928">
        <ele>23.4</ele>
      </trkpt>
      <trkpt lat="52.60332" lon="13.19938">
        <ele>20.92</ele>
      </trkpt>
      <trkpt lat="52.60311" lon="13.19967">
        <ele>16.88</ele>
      </trkpt>
      <trkpt lat="52.60299" lon="13.1998">
        <ele>18.39</ele>
      </trkpt>
      <trkpt lat="52.60277" lon="13.19995">
        <ele>21.24</ele>
      </trkpt>
      <trkpt lat="52.60239" lon="13.20021">
        <ele>19.78</ele>
      </trkpt>
      <trkpt lat="52.60221" lon="13.20031">
        <ele>22.36</ele>
      </trkpt>
      <trkpt lat="52.60106" lon="13.20066">
        <ele>28.54</ele>
      </trkpt>
      <trkpt lat="52.60083" lon="13.20076">
        <ele>27.33</ele>
      </trkpt>
      <trkpt lat="52.60074" lon="13.20083">
        <ele>29.02</ele>
      </trkpt>
      <trkpt lat="52.60067" lon="13.20093">
        <ele>30.2</ele>
      </trkpt>
      <trkpt lat="52.60061" lon="13.20105">
        <ele>30.25</ele>
      </trkpt>
      <trkpt lat="52.60049" lon="13.20132">
        <ele>27.05</ele>
      </trkpt>
      <trkpt lat="52.60043" lon="13.20143">
        <ele>26.62</ele>
      </trkpt>
      <trkpt lat="52.60033" lon="13.20152">
        <ele>28.55</ele>
      </trkpt>
      <trkpt lat="52.60024" lon="13.20156">
        <ele>30.1</ele>
      </trkpt>
      <trkpt lat="52.60021" lon="13.20157">
        <ele>30.27</ele>
      </trkpt>
      <trkpt lat="52.60021" lon="13.20157">
        <ele>30.27</ele>
      </trkpt>
      <trkpt lat="52.60021" lon="13.20157">
        <ele>30.27</ele>
      </trkpt>
      <trkpt lat="52.5992" lon="13.20187">
        <ele>28.63</ele>
      </trkpt>
      <trkpt lat="52.59913" lon="13.20192">
        <ele>28.37</ele>
      </trkpt>
      <trkpt lat="52.59908" lon="13.20198">
        <ele>28.25</ele>
      </trkpt>
      <trkpt lat="52.59878" lon="13.20244">
        <ele>32.54</ele>
      </trkpt>
      <trkpt lat="52.59863" lon="13.20274">
        <ele>29.84</ele>
      </trkpt>
      <trkpt lat="52.5985" lon="13.20313">
        <ele>26.71</ele>
      </trkpt>
      <trkpt lat="52.59846" lon="13.20324">
        <ele>28.44</ele>
      </trkpt>
      <trkpt lat="52.59839" lon="13.20331">
        <ele>30.07</ele>
      </trkpt>
      <trkpt lat="52.59807" lon="13.20346">
        <ele>29.39</ele>
      </trkpt>
      <trkpt lat="52.59796" lon="13.20354">
        <ele>30.94</ele>
      </trkpt>
      <trkpt lat="52.59772" lon="13.2038">
        <ele>30.16</ele>
      </trkpt>
      <trkpt lat="52.59766" lon="13.2039">
        <ele>29.43</ele>
      </trkpt>
      <trkpt lat="52.59758" lon="13.2041">
        <ele>28.67</ele>
      </trkpt>
      <trkpt lat="52.59756" lon="13.20415">
        <ele>28.35</ele>
      </trkpt>
      <trkpt lat="52.59748" lon="13.20437">
        <ele>26.09</ele>
      </trkpt>
      <trkpt lat="52.59715" lon="13.20523">
        <ele>26.26</ele>
      </trkpt>
      <trkpt lat="52.59676" lon="13.20634">
        <ele>26.29</ele>
      </trkpt>
      <trkpt lat="52.59673" lon="13.20642">
        <ele>26.22</ele>
      </trkpt>
      <trkpt lat="52.59669" lon="13.20648">
        <ele>26.66</ele>
      </trkpt>
      <trkpt lat="52.59659" lon="13.20657">
        <ele>27.5</ele>
      </trkpt>
      <trkpt lat="52.59653" lon="13.20667">
        <ele>28.01</ele>
      </trkpt>
      <trkpt lat="52.59639" lon="13.2068">
        <ele>28.48</ele>
      </trkpt>
      <trkpt lat="52.59637" lon="13.20684">
        <ele>28.79</ele>
      </trkpt>
      <trkpt lat="52.59583" lon="13.20813">
        <ele>30.69</ele>
      </trkpt>
      <trkpt lat="52.59552" lon="13.20893">
        <ele>28.48</ele>
      </trkpt>
      <trkpt lat="52.59526" lon="13.20956">
        <ele>26.87</ele>
      </trkpt>
      <trkpt lat="52.59506" lon="13.20993">
        <ele>29.15</ele>
      </trkpt>
      <trkpt lat="52.59284" lon="13.2129">
        <ele>46.05</ele>
      </trkpt>
      <trkpt lat="52.59277" lon="13.21294">
        <ele>46.78</ele>
      </trkpt>
      <trkpt lat="52.59202" lon="13.21296">
        <ele>30.47</ele>
      </trkpt>
      <trkpt lat="52.59134" lon="13.21285">
        <ele>33.01</ele>
      </trkpt>
      <trkpt lat="52.59105" lon="13.21283">
        <ele>37.79</ele>
      </trkpt>
      <trkpt lat="52.59068" lon="13.21287">
        <ele>38.52</ele>
      </trkpt>
      <trkpt lat="52.59006" lon="13.21294">
        <ele>40.32</ele>
      </trkpt>
      <trkpt lat="52.58837" lon="13.2131">
        <ele>32.83</ele>
      </trkpt>
      <trkpt lat="52.58817" lon="13.21313">
        <ele>33.77</ele>
      </trkpt>
      <trkpt lat="52.588" lon="13.21315">
        <ele>34.44</ele>
      </trkpt>
      <trkpt lat="52.58785" lon="13.21322">
        <ele>32.89</ele>
      </trkpt>
      <trkpt lat="52.58766" lon="13.21343">
        <ele>30.62</ele>
      </trkpt>
      <trkpt lat="52.58758" lon="13.21349">
        <ele>31.06</ele>
      </trkpt>
      <trkpt lat="52.58758" lon="13.21349">
        <ele>31.06</ele>
      </trkpt>
      <trkpt lat="52.58758" lon="13.21348">
        <ele>31.1</ele>
      </trkpt>
      <trkpt lat="52.5875" lon="13.21342">
        <ele>32.0</ele>
      </trkpt>
      <trkpt lat="52.58738" lon="13.21303">
        <ele>31.08</ele>
      </trkpt>
      <trkpt lat="52.58731" lon="13.21292">
        <ele>28.33</ele>
      </trkpt>
      <trkpt lat="52.58721" lon="13.21288">
        <ele>24.87</ele>
      </trkpt>
      <trkpt lat="52.58718" lon="13.21288">
        <ele>25.19</ele>
      </trkpt>
      <trkpt lat="52.587" lon="13.21283">
        <ele>26.78</ele>
      </trkpt>
      <trkpt lat="52.58669" lon="13.21277">
        <ele>24.38</ele>
      </trkpt>
      <trkpt lat="52.58618" lon="13.21264">
        <ele>22.0</ele>
      </trkpt>
      <trkpt lat="52.58607" lon="13.21261">
        <ele>22.0</ele>
      </trkpt>
      <trkpt lat="52.58599" lon="13.21256">
        <ele>22.0</ele>
      </trkpt>
      <trkpt lat="52.58588" lon="13.2125">
        <ele>22.0</ele>
      </trkpt>
      <trkpt lat="52.58585" lon="13.21243">
        <ele>22.0</ele>
      </trkpt>
      <trkpt lat="52.58575" lon="13.21216">
        <ele>22.0</ele>
      </trkpt>
      <trkpt lat="52.58569" lon="13.21203">
        <ele>22.0</ele>
      </trkpt>
      <trkpt lat="52.58562" lon="13.21185">
        <ele>22.0</ele>
      </trkpt>
      <trkpt lat="52.58553" lon="13.21173">
        <ele>22.0</ele>
      </trkpt>
      <trkpt lat="52.58553" lon="13.21173">
        <ele>22.0</ele>
      </trkpt>
      <trkpt lat="52.58547" lon="13.21165">
        <ele>22.37</ele>
      </trkpt>
      <trkpt lat="52.58545" lon="13.21158">
        <ele>23.74</ele>
      </trkpt>
      <trkpt lat="52.58545" lon="13.21149">
        <ele>25.55</ele>
      </trkpt>
      <trkpt lat="52.58549" lon="13.21141">
        <ele>28.35</ele>
      </trkpt>
      <trkpt lat="52.58555" lon="13.21124">
        <ele>33.6</ele>
      </trkpt>
      <trkpt lat="52.58564" lon="13.21101">
        <ele>36.36</ele>
      </trkpt>
      <trkpt lat="52.58572" lon="13.21052">
        <ele>39.59</ele>
      </trkpt>
      <trkpt lat="52.58571" lon="13.21037">
        <ele>40.41</ele>
      </trkpt>
      <trkpt lat="52.58568" lon="13.21025">
        <ele>41.26</ele>
      </trkpt>
      <trkpt lat="52.58555" lon="13.21001">
        <ele>43.95</ele>
      </trkpt>
      <trkpt lat="52.58547" lon="13.20988">
        <ele>44.74</ele>
      </trkpt>
      <trkpt lat="52.58543" lon="13.20979">
        <ele>45.21</ele>
      </trkpt>
      <trkpt lat="52.58543" lon="13.20971">
        <ele>45.44</ele>
      </trkpt>
      <trkpt lat="52.58551" lon="13.20938">
        <ele>43.82</ele>
      </trkpt>
      <trkpt lat="52.58551" lon="13.20923">
        <ele>43.82</ele>
      </trkpt>
      <trkpt lat="52.5855" lon="13.20901">
        <ele>45.8</ele>
      </trkpt>
      <trkpt lat="52.58547" lon="13.20894">
        <ele>46.8</ele>
      </trkpt>
      <trkpt lat="52.585" lon="13.2082">
        <ele>55.0</ele>
      </trkpt>
      <trkpt lat="52.58451" lon="13.20737">
        <ele>51.59</ele>
      </trkpt>
      <trkpt lat="52.58441" lon="13.20713">
        <ele>51.66</ele>
      </trkpt>
      <trkpt lat="52.58438" lon="13.20707">
        <ele>51.82</ele>
      </trkpt>
      <trkpt lat="52.58435" lon="13.20703">
        <ele>51.75</ele>
      </trkpt>
      <trkpt lat="52.58446" lon="13.20685">
        <ele>48.79</ele>
      </trkpt>
      <trkpt lat="52.58463" lon="13.20655">
        <ele>46.71</ele>
      </trkpt>
      <trkpt lat="52.58481" lon="13.20634">
        <ele>48.25</ele>
      </trkpt>
      <trkpt lat="52.58487" lon="13.20615">
        <ele>46.77</ele>
      </trkpt>
      <trkpt lat="52.58495" lon="13.20606">
        <ele>48.35</ele>
      </trkpt>
      <trkpt lat="52.58515" lon="13.20579">
        <ele>52.58</ele>
      </trkpt>
      <trkpt lat="52.58541" lon="13.2054">
        <ele>50.97</ele>
      </trkpt>
      <trkpt lat="52.58541" lon="13.2054">
        <ele>50.97</ele>
      </trkpt>
      <trkpt lat="52.58541" lon="13.2054">
        <ele>50.97</ele>
      </trkpt>
      <trkpt lat="52.58541" lon="13.2054">
        <ele>50.97</ele>
      </trkpt>
      <trkpt lat="52.58607" lon="13.20443">
        <ele>50.48</ele>
      </trkpt>
      <trkpt lat="52.58621" lon="13.20424">
        <ele>50.57</ele>
      </trkpt>
      <trkpt lat="52.58664" lon="13.20365">
        <ele>48.3</ele>
      </trkpt>
      <trkpt lat="52.58676" lon="13.20354">
        <ele>44.97</ele>
      </trkpt>
      <trkpt lat="52.58682" lon="13.20348">
        <ele>42.98</ele>
      </trkpt>
      <trkpt lat="52.58712" lon="13.20318">
        <ele>37.02</ele>
      </trkpt>
      <trkpt lat="52.58761" lon="13.20245">
        <ele>35.02</ele>
      </trkpt>
      <trkpt lat="52.58771" lon="13.20231">
        <ele>36.44</ele>
      </trkpt>
      <trkpt lat="52.58785" lon="13.20222">
        <ele>35.14</ele>
      </trkpt>
      <trkpt lat="52.58797" lon="13.20217">
        <ele>31.05</ele>
      </trkpt>
      <trkpt lat="52.58806" lon="13.20199">
        <ele>31.93</ele>
      </trkpt>
      <trkpt lat="52.58835" lon="13.20128">
        <ele>31.51</ele>
      </trkpt>
      <trkpt lat="52.58863" lon="13.20057">
        <ele>37.65</ele>
      </trkpt>
      <trkpt lat="52.58877" lon="13.19985">
        <ele>35.18</ele>
      </trkpt>
      <trkpt lat="52.58891" lon="13.1989">
        <ele>31.66</ele>
      </trkpt>
      <trkpt lat="52.589" lon="13.19829">
        <ele>29.37</ele>
      </trkpt>
      <trkpt lat="52.58912" lon="13.19733">
        <ele>32.29</ele>
      </trkpt>
      <trkpt lat="52.58923" lon="13.19636">
        <ele>29.84</ele>
      </trkpt>
      <trkpt lat="52.58925" lon="13.19624">
        <ele>31.23</ele>
      </trkpt>
      <trkpt lat="52.58942" lon="13.19542">
        <ele>38.53</ele>
      </trkpt>
      <trkpt lat="52.58958" lon="13.19461">
        <ele>40.44</ele>
      </trkpt>
      <trkpt lat="52.58975" lon="13.19379">
        <ele>41.17</ele>
      </trkpt>
      <trkpt lat="52.58991" lon="13.19297">
        <ele>45.85</ele>
      </trkpt>
      <trkpt lat="52.59008" lon="13.19216">
        <ele>50.47</ele>
      </trkpt>
      <trkpt lat="52.59024" lon="13.19134">
        <ele>49.26</ele>
      </trkpt>
      <trkpt lat="52.59031" lon="13.19108">
        <ele>48.56</ele>
      </trkpt>
      <trkpt lat="52.59069" lon="13.19046">
        <ele>42.99</ele>
      </trkpt>
      <trkpt lat="52.59118" lon="13.18923">
        <ele>47.83</ele>
      </trkpt>
      <trkpt lat="52.59142" lon="13.18852">
        <ele>46.48</ele>
      </trkpt>
      <trkpt lat="52.59166" lon="13.1878">
        <ele>42.17</ele>
      </trkpt>
      <trkpt lat="52.59196" lon="13.18699">
        <ele>35.2</ele>
      </trkpt>
      <trkpt lat="52.59226" lon="13.18618">
        <ele>30.98</ele>
      </trkpt>
      <trkpt lat="52.59246" lon="13.18563">
        <ele>34.45</ele>
      </trkpt>
      <trkpt lat="52.59282" lon="13.18514">
        <ele>31.51</ele>
      </trkpt>
      <trkpt lat="52.59318" lon="13.18466">
        <ele>30.48</ele>
      </trkpt>
      <trkpt lat="52.59342" lon="13.18419">
        <ele>29.86</ele>
      </trkpt>
      <trkpt lat="52.59366" lon="13.18328">
        <ele>26.23</ele>
      </trkpt>
      <trkpt lat="52.5938" lon="13.18234">
        <ele>25.39</ele>
      </trkpt>
      <trkpt lat="52.59393" lon="13.18139">
        <ele>26.01</ele>
      </trkpt>
      <trkpt lat="52.59405" lon="13.18088">
        <ele>27.26</ele>
      </trkpt>
      <trkpt lat="52.59436" lon="13.17997">
        <ele>31.1</ele>
      </trkpt>
      <trkpt lat="52.59467" lon="13.17906">
        <ele>32.19</ele>
      </trkpt>
      <trkpt lat="52.59485" lon="13.17836">
        <ele>30.97</ele>
      </trkpt>
      <trkpt lat="52.59489" lon="13.17725">
        <ele>31.25</ele>
      </trkpt>
      <trkpt lat="52.59489" lon="13.17725">
        <ele>31.25</ele>
      </trkpt>
      <trkpt lat="52.59489" lon="13.17725">
        <ele>31.25</ele>
      </trkpt>
      <trkpt lat="52.5949" lon="13.17674">
        <ele>29.13</ele>
      </trkpt>
      <trkpt lat="52.59501" lon="13.17562">
        <ele>29.66</ele>
      </trkpt>
      <trkpt lat="52.59501" lon="13.17558">
        <ele>29.8</ele>
      </trkpt>
      <trkpt lat="52.59507" lon="13.17475">
        <ele>31.64</ele>
      </trkpt>
      <trkpt lat="52.5953" lon="13.17368">
        <ele>27.39</ele>
      </trkpt>
      <trkpt lat="52.59537" lon="13.17347">
        <ele>30.19</ele>
      </trkpt>
      <trkpt lat="52.59603" lon="13.17247">
        <ele>24.53</ele>
      </trkpt>
      <trkpt lat="52.59626" lon="13.172">
        <ele>31.25</ele>
      </trkpt>
      <trkpt lat="52.59642" lon="13.17137">
        <ele>30.52</ele>
      </trkpt>
      <trkpt lat="52.59658" lon="13.17071">
        <ele>29.15</ele>
      </trkpt>
      <trkpt lat="52.59659" lon="13.17067">
        <ele>29.01</ele>
      </trkpt>
      <trkpt lat="52.59676" lon="13.16998">
        <ele>29.82</ele>
      </trkpt>
      <trkpt lat="52.59695" lon="13.1683">
        <ele>34.58</ele>
      </trkpt>
      <trkpt lat="52.59698" lon="13.16758">
        <ele>32.4</ele>
      </trkpt>
      <trkpt lat="52.59696" lon="13.16712">
        <ele>35.51</ele>
      </trkpt>
      <trkpt lat="52.59691" lon="13.16671">
        <ele>35.99</ele>
      </trkpt>
      <trkpt lat="52.59687" lon="13.16622">
        <ele>36.16</ele>
      </trkpt>
      <trkpt lat="52.59689" lon="13.16589">
        <ele>36.84</ele>
      </trkpt>
      <trkpt lat="52.59689" lon="13.16589">
        <ele>36.84</ele>
      </trkpt>
      <trkpt lat="52.59689" lon="13.16589">
        <ele>36.84</ele>
      </trkpt>
      <trkpt lat="52.59691" lon="13.16536">
        <ele>33.71</ele>
      </trkpt>
      <trkpt lat="52.597" lon="13.1648">
        <ele>18.17</ele>
      </trkpt>
      <trkpt lat="52.59704" lon="13.16473">
        <ele>16.5</ele>
      </trkpt>
      <trkpt lat="52.59709" lon="13.1647">
        <ele>15.7</ele>
      </trkpt>
      <trkpt lat="52.5975" lon="13.1647">
        <ele>12.84</ele>
      </trkpt>
      <trkpt lat="52.59777" lon="13.16465">
        <ele>14.64</ele>
      </trkpt>
      <trkpt lat="52.59844" lon="13.16445">
        <ele>27.38</ele>
      </trkpt>
      <trkpt lat="52.59859" lon="13.16439">
        <ele>32.57</ele>
      </trkpt>
      <trkpt lat="52.59866" lon="13.16434">
        <ele>33.79</ele>
      </trkpt>
      <trkpt lat="52.59869" lon="13.16425">
        <ele>34.47</ele>
      </trkpt>
      <trkpt lat="52.59869" lon="13.16416">
        <ele>34.87</ele>
      </trkpt>
      <trkpt lat="52.59867" lon="13.16402">
        <ele>35.24</ele>
      </trkpt>
      <trkpt lat="52.59846" lon="13.16273">
        <ele>35.83</ele>
      </trkpt>
      <trkpt lat="52.59839" lon="13.16215">
        <ele>33.41</ele>
      </trkpt>
      <trkpt lat="52.59826" lon="13.16126">
        <ele>37.43</ele>
      </trkpt>
      <trkpt lat="52.59826" lon="13.16126">
        <ele>37.43</ele>
      </trkpt>
      <trkpt lat="52.59817" lon="13.16068">
        <ele>33.92</ele>
      </trkpt>
      <trkpt lat="52.59803" lon="13.15975">
        <ele>30.92</ele>
      </trkpt>
      <trkpt lat="52.59789" lon="13.15894">
        <ele>30.68</ele>
      </trkpt>
      <trkpt lat="52.59783" lon="13.15881">
        <ele>29.89</ele>
      </trkpt>
      <trkpt lat="52.59777" lon="13.15874">
        <ele>30.11</ele>
      </trkpt>
      <trkpt lat="52.59782" lon="13.15859">
        <ele>31.98</ele>
      </trkpt>
      <trkpt lat="52.59789" lon="13.1585">
        <ele>32.07</ele>
      </trkpt>
      <trkpt lat="52.59796" lon="13.15844">
        <ele>31.77</ele>
      </trkpt>
      <trkpt lat="52.598" lon="13.15839">
        <ele>31.52</ele>
      </trkpt>
      <trkpt lat="52.59808" lon="13.1581">
        <ele>32.1</ele>
      </trkpt>
      <trkpt lat="52.59813" lon="13.15798">
        <ele>33.0</ele>
      </trkpt>
      <trkpt lat="52.59814" lon="13.1579">
        <ele>33.3</ele>
      </trkpt>
      <trkpt lat="52.59814" lon="13.15782">
        <ele>33.5</ele>
      </trkpt>
      <trkpt lat="52.59812" lon="13.15772">
        <ele>33.46</ele>
      </trkpt>
      <trkpt lat="52.59803" lon="13.15722">
        <ele>31.83</ele>
      </trkpt>
      <trkpt lat="52.59803" lon="13.15718">
        <ele>32.0</ele>
      </trkpt>
      <trkpt lat="52.59791" lon="13.15646">
        <ele>34.39</ele>
      </trkpt>
      <trkpt lat="52.59782" lon="13.15621">
        <ele>35.45</ele>
      </trkpt>
      <trkpt lat="52.59748" lon="13.15557">
        <ele>28.13</ele>
      </trkpt>
      <trkpt lat="52.59721" lon="13.15524">
        <ele>32.32</ele>
      </trkpt>
      <trkpt lat="52.5969" lon="13.15468">
        <ele>33.51</ele>
      </trkpt>
      <trkpt lat="52.59663" lon="13.1542">
        <ele>29.92</ele>
      </trkpt>
      <trkpt lat="52.59659" lon="13.15406">
        <ele>30.43</ele>
      </trkpt>
      <trkpt lat="52.59657" lon="13.15393">
        <ele>31.39</ele>
      </trkpt>
      <trkpt lat="52.59656" lon="13.15379">
        <ele>32.48</ele>
      </trkpt>
      <trkpt lat="52.59652" lon="13.15367">
        <ele>33.63</ele>
      </trkpt>
      <trkpt lat="52.59643" lon="13.15349">
        <ele>36.45</ele>
      </trkpt>
      <trkpt lat="52.5963" lon="13.15331">
        <ele>38.73</ele>
      </trkpt>
      <trkpt lat="52.5961" lon="13.15313">
        <ele>39.21</ele>
      </trkpt>
      <trkpt lat="52.59586" lon="13.15294">
        <ele>36.87</ele>
      </trkpt>
      <trkpt lat="52.59587" lon="13.15282">
        <ele>39.32</ele>
      </trkpt>
      <trkpt lat="52.59587" lon="13.15284">
        <ele>38.94</ele>
      </trkpt>
      <trkpt lat="52.59587" lon="13.15284">
        <ele>38.94</ele>
      </trkpt>
      <trkpt lat="52.59587" lon="13.15282">
        <ele>39.32</ele>
      </trkpt>
      <trkpt lat="52.59579" lon="13.15274">
        <ele>37.96</ele>
      </trkpt>
      <trkpt lat="52.59576" lon="13.15326">
        <ele>31.19</ele>
      </trkpt>
      <trkpt lat="52.59575" lon="13.15351">
        <ele>29.51</ele>
      </trkpt>
      <trkpt lat="52.59574" lon="13.15368">
        <ele>29.25</ele>
      </trkpt>
      <trkpt lat="52.59572" lon="13.15389">
        <ele>30.0</ele>
      </trkpt>
      <trkpt lat="52.59571" lon="13.15408">
        <ele>30.61</ele>
      </trkpt>
      <trkpt lat="52.59558" lon="13.15382">
        <ele>29.75</ele>
      </trkpt>
      <trkpt lat="52.59543" lon="13.15363">
        <ele>28.95</ele>
      </trkpt>
      <trkpt lat="52.59463" lon="13.15281">
        <ele>31.17</ele>
      </trkpt>
      <trkpt lat="52.59427" lon="13.15244">
        <ele>34.6</ele>
      </trkpt>
      <trkpt lat="52.59396" lon="13.15209">
        <ele>33.33</ele>
      </trkpt>
      <trkpt lat="52.59324" lon="13.15117">
        <ele>44.38</ele>
      </trkpt>
      <trkpt lat="52.59246" lon="13.15014">
        <ele>38.42</ele>
      </trkpt>
      <trkpt lat="52.59197" lon="13.14952">
        <ele>42.03</ele>
      </trkpt>
      <trkpt lat="52.59186" lon="13.14935">
        <ele>40.29</ele>
      </trkpt>
      <trkpt lat="52.59169" lon="13.14904">
        <ele>35.27</ele>
      </trkpt>
      <trkpt lat="52.59156" lon="13.14871">
        <ele>35.39</ele>
      </trkpt>
      <trkpt lat="52.59125" lon="13.14784">
        <ele>34.28</ele>
      </trkpt>
      <trkpt lat="52.59124" lon="13.14779">
        <ele>34.21</ele>
      </trkpt>
      <trkpt lat="52.59124" lon="13.14779">
        <ele>34.21</ele>
      </trkpt>
      <trkpt lat="52.59124" lon="13.14779">
        <ele>34.21</ele>
      </trkpt>
      <trkpt lat="52.59045" lon="13.14559">
        <ele>33.21</ele>
      </trkpt>
      <trkpt lat="52.58967" lon="13.14345">
        <ele>31.77</ele>
      </trkpt>
      <trkpt lat="52.58961" lon="13.14327">
        <ele>33.18</ele>
      </trkpt>
      <trkpt lat="52.58943" lon="13.14247">
        <ele>34.54</ele>
      </trkpt>
      <trkpt lat="52.58941" lon="13.14236">
        <ele>33.5</ele>
      </trkpt>
      <trkpt lat="52.58938" lon="13.14225">
        <ele>32.46</ele>
      </trkpt>
      <trkpt lat="52.58934" lon="13.14217">
        <ele>31.75</ele>
      </trkpt>
      <trkpt lat="52.58929" lon="13.14211">
        <ele>31.15</ele>
      </trkpt>
      <trkpt lat="52.58927" lon="13.14209">
        <ele>30.94</ele>
      </trkpt>
      <trkpt lat="52.58911" lon="13.14198">
        <ele>29.34</ele>
      </trkpt>
      <trkpt lat="52.58885" lon="13.14186">
        <ele>27.02</ele>
      </trkpt>
      <trkpt lat="52.58871" lon="13.14181">
        <ele>26.2</ele>
      </trkpt>
      <trkpt lat="52.5886" lon="13.14179">
        <ele>25.52</ele>
      </trkpt>
      <trkpt lat="52.58846" lon="13.14181">
        <ele>24.94</ele>
      </trkpt>
      <trkpt lat="52.5882" lon="13.14188">
        <ele>25.82</ele>
      </trkpt>
      <trkpt lat="52.58808" lon="13.14188">
        <ele>27.25</ele>
      </trkpt>
      <trkpt lat="52.58791" lon="13.14185">
        <ele>28.72</ele>
      </trkpt>
      <trkpt lat="52.5878" lon="13.14184">
        <ele>29.78</ele>
      </trkpt>
      <trkpt lat="52.5877" lon="13.14185">
        <ele>32.51</ele>
      </trkpt>
      <trkpt lat="52.58743" lon="13.14193">
        <ele>40.36</ele>
      </trkpt>
      <trkpt lat="52.58739" lon="13.14194">
        <ele>40.75</ele>
      </trkpt>
      <trkpt lat="52.58736" lon="13.14193">
        <ele>40.88</ele>
      </trkpt>
      <trkpt lat="52.58733" lon="13.14191">
        <ele>40.93</ele>
      </trkpt>
      <trkpt lat="52.58732" lon="13.14199">
        <ele>41.35</ele>
      </trkpt>
      <trkpt lat="52.58738" lon="13.14241">
        <ele>40.76</ele>
      </trkpt>
      <trkpt lat="52.5874" lon="13.14292">
        <ele>37.58</ele>
      </trkpt>
      <trkpt lat="52.58739" lon="13.14308">
        <ele>36.72</ele>
      </trkpt>
      <trkpt lat="52.58739" lon="13.14308">
        <ele>36.72</ele>
      </trkpt>
      <trkpt lat="52.58739" lon="13.14308">
        <ele>36.72</ele>
      </trkpt>
      <trkpt lat="52.58738" lon="13.14338">
        <ele>35.7</ele>
      </trkpt>
      <trkpt lat="52.58733" lon="13.14377">
        <ele>36.09</ele>
      </trkpt>
      <trkpt lat="52.58725" lon="13.14401">
        <ele>37.07</ele>
      </trkpt>
      <trkpt lat="52.58721" lon="13.14403">
        <ele>37.24</ele>
      </trkpt>
      <trkpt lat="52.58695" lon="13.14414">
        <ele>42.71</ele>
      </trkpt>
      <trkpt lat="52.5866" lon="13.14423">
        <ele>42.19</ele>
      </trkpt>
      <trkpt lat="52.58652" lon="13.14419">
        <ele>43.2</ele>
      </trkpt>
      <trkpt lat="52.58638" lon="13.144">
        <ele>45.63</ele>
      </trkpt>
      <trkpt lat="52.58624" lon="13.14395">
        <ele>46.32</ele>
      </trkpt>
      <trkpt lat="52.58616" lon="13.144">
        <ele>46.42</ele>
      </trkpt>
      <trkpt lat="52.5861" lon="13.14412">
        <ele>46.23</ele>
      </trkpt>
      <trkpt lat="52.58603" lon="13.14422">
        <ele>46.39</ele>
      </trkpt>
      <trkpt lat="52.58593" lon="13.14446">
        <ele>46.36</ele>
      </trkpt>
      <trkpt lat="52.58573" lon="13.14487">
        <ele>46.03</ele>
      </trkpt>
      <trkpt lat="52.58567" lon="13.14508">
        <ele>42.92</ele>
      </trkpt>
      <trkpt lat="52.58576" lon="13.1467">
        <ele>32.57</ele>
      </trkpt>
      <trkpt lat="52.58585" lon="13.14806">
        <ele>36.18</ele>
      </trkpt>
      <trkpt lat="52.58591" lon="13.14874">
        <ele>35.92</ele>
      </trkpt>
      <trkpt lat="52.5859" lon="13.14897">
        <ele>35.5</ele>
      </trkpt>
      <trkpt lat="52.58587" lon="13.14904">
        <ele>35.46</ele>
      </trkpt>
      <trkpt lat="52.58581" lon="13.14914">
        <ele>36.0</ele>
      </trkpt>
      <trkpt lat="52.58574" lon="13.14929">
        <ele>36.82</ele>
      </trkpt>
      <trkpt lat="52.5854" lon="13.14966">
        <ele>36.75</ele>
      </trkpt>
      <trkpt lat="52.58514" lon="13.14984">
        <ele>33.6</ele>
      </trkpt>
      <trkpt lat="52.58492" lon="13.14996">
        <ele>32.15</ele>
      </trkpt>
      <trkpt lat="52.58417" lon="13.14989">
        <ele>31.39</ele>
      </trkpt>
      <trkpt lat="52.58391" lon="13.14989">
        <ele>33.65</ele>
      </trkpt>
      <trkpt lat="52.58391" lon="13.14989">
        <ele>33.65</ele>
      </trkpt>
      <trkpt lat="52.58391" lon="13.14989">
        <ele>33.65</ele>
      </trkpt>
      <trkpt lat="52.58332" lon="13.14991">
        <ele>34.79</ele>
      </trkpt>
      <trkpt lat="52.58296" lon="13.14997">
        <ele>33.63</ele>
      </trkpt>
      <trkpt lat="52.5829" lon="13.15006">
        <ele>35.07</ele>
      </trkpt>
      <trkpt lat="52.58282" lon="13.15026">
        <ele>32.28</ele>
      </trkpt>
      <trkpt lat="52.58276" lon="13.15037">
        <ele>30.55</ele>
      </trkpt>
      <trkpt lat="52.58262" lon="13.15068">
        <ele>27.7</ele>
      </trkpt>
      <trkpt lat="52.58224" lon="13.15125">
        <ele>28.13</ele>
      </trkpt>
      <trkpt lat="52.58202" lon="13.15138">
        <ele>23.67</ele>
      </trkpt>
      <trkpt lat="52.58177" lon="13.15135">
        <ele>22.53</ele>
      </trkpt>
      <trkpt lat="52.5816" lon="13.1514">
        <ele>23.7</ele>
      </trkpt>
      <trkpt lat="52.58142" lon="13.15151">
        <ele>28.49</ele>
      </trkpt>
      <trkpt lat="52.58117" lon="13.15167">
        <ele>29.27</ele>
      </trkpt>
      <trkpt lat="52.58081" lon="13.15186">
        <ele>42.91</ele>
      </trkpt>
      <trkpt lat="52.5805" lon="13.15207">
        <ele>41.27</ele>
      </trkpt>
      <trkpt lat="52.58047" lon="13.15209">
        <ele>41.2</ele>
      </trkpt>
      <trkpt lat="52.58026" lon="13.15231">
        <ele>38.86</ele>
      </trkpt>
      <trkpt lat="52.57967" lon="13.15273">
        <ele>22.73</ele>
      </trkpt>
      <trkpt lat="52.57932" lon="13.15293">
        <ele>29.66</ele>
      </trkpt>
      <trkpt lat="52.57896" lon="13.15319">
        <ele>32.16</ele>
      </trkpt>
      <trkpt lat="52.57881" lon="13.15326">
        <ele>33.73</ele>
      </trkpt>
      <trkpt lat="52.57855" lon="13.15322">
        <ele>32.63</ele>
      </trkpt>
      <trkpt lat="52.57831" lon="13.15328">
        <ele>34.56</ele>
      </trkpt>
      <trkpt lat="52.57813" lon="13.15342">
        <ele>32.44</ele>
      </trkpt>
      <trkpt lat="52.578" lon="13.15354">
        <ele>32.24</ele>
      </trkpt>
      <trkpt lat="52.57787" lon="13.15356">
        <ele>32.1</ele>
      </trkpt>
      <trkpt lat="52.57732" lon="13.15362">
        <ele>26.42</ele>
      </trkpt>
      <trkpt lat="52.5771" lon="13.15363">
        <ele>27.64</ele>
      </trkpt>
      <trkpt lat="52.57692" lon="13.15356">
        <ele>32.29</ele>
      </trkpt>
      <trkpt lat="52.57657" lon="13.15359">
        <ele>36.39</ele>
      </trkpt>
      <trkpt lat="52.57643" lon="13.1536">
        <ele>37.66</ele>
      </trkpt>
      <trkpt lat="52.57632" lon="13.15363">
        <ele>39.58</ele>
      </trkpt>
      <trkpt lat="52.57625" lon="13.15365">
        <ele>41.02</ele>
      </trkpt>
      <trkpt lat="52.57625" lon="13.15365">
        <ele>41.02</ele>
      </trkpt>
      <trkpt lat="52.57625" lon="13.15365">
        <ele>41.02</ele>
      </trkpt>
      <trkpt lat="52.57587" lon="13.15373">
        <ele>44.25</ele>
      </trkpt>
      <trkpt lat="52.57577" lon="13.15373">
        <ele>43.95</ele>
      </trkpt>
      <trkpt lat="52.57553" lon="13.15363">
        <ele>45.58</ele>
      </trkpt>
      <trkpt lat="52.57531" lon="13.15357">
        <ele>39.65</ele>
      </trkpt>
      <trkpt lat="52.5748" lon="13.15372">
        <ele>37.82</ele>
      </trkpt>
      <trkpt lat="52.57472" lon="13.1537">
        <ele>36.93</ele>
      </trkpt>
      <trkpt lat="52.57464" lon="13.15363">
        <ele>36.18</ele>
      </trkpt>
      <trkpt lat="52.57445" lon="13.15352">
        <ele>36.63</ele>
      </trkpt>
      <trkpt lat="52.57386" lon="13.15361">
        <ele>46.8</ele>
      </trkpt>
      <trkpt lat="52.5734" lon="13.15364">
        <ele>55.44</ele>
      </trkpt>
      <trkpt lat="52.57324" lon="13.15355">
        <ele>52.68</ele>
      </trkpt>
      <trkpt lat="52.57314" lon="13.15349">
        <ele>50.24</ele>
      </trkpt>
      <trkpt lat="52.57303" lon="13.15338">
        <ele>47.84</ele>
      </trkpt>
      <trkpt lat="52.57286" lon="13.15317">
        <ele>44.1</ele>
      </trkpt>
      <trkpt lat="52.57259" lon="13.153">
        <ele>40.61</ele>
      </trkpt>
      <trkpt lat="52.57245" lon="13.15297">
        <ele>40.85</ele>
      </trkpt>
      <trkpt lat="52.57165" lon="13.15289">
        <ele>41.85</ele>
      </trkpt>
      <trkpt lat="52.57152" lon="13.15285">
        <ele>37.47</ele>
      </trkpt>
      <trkpt lat="52.57058" lon="13.15252">
        <ele>47.71</ele>
      </trkpt>
      <trkpt lat="52.5705" lon="13.15245">
        <ele>47.54</ele>
      </trkpt>
      <trkpt lat="52.5705" lon="13.15245">
        <ele>47.54</ele>
      </trkpt>
      <trkpt lat="52.5705" lon="13.15245">
        <ele>47.54</ele>
      </trkpt>
      <trkpt lat="52.57047" lon="13.15242">
        <ele>47.22</ele>
      </trkpt>
      <trkpt lat="52.57035" lon="13.15222">
        <ele>43.91</ele>
      </trkpt>
      <trkpt lat="52.57034" lon="13.1522">
        <ele>43.64</ele>
      </trkpt>
      <trkpt lat="52.57032" lon="13.15217">
        <ele>43.29</ele>
      </trkpt>
      <trkpt lat="52.57016" lon="13.15176">
        <ele>36.34</ele>
      </trkpt>
      <trkpt lat="52.57002" lon="13.15152">
        <ele>33.94</ele>
      </trkpt>
      <trkpt lat="52.56993" lon="13.15144">
        <ele>33.46</ele>
      </trkpt>
      <trkpt lat="52.56965" lon="13.15138">
        <ele>33.7</ele>
      </trkpt>
      <trkpt lat="52.56934" lon="13.15133">
        <ele>35.15</ele>
      </trkpt>
      <trkpt lat="52.56914" lon="13.15128">
        <ele>35.24</ele>
      </trkpt>
      <trkpt lat="52.56881" lon="13.15104">
        <ele>41.09</ele>
      </trkpt>
      <trkpt lat="52.56875" lon="13.15101">
        <ele>41.09</ele>
      </trkpt>
      <trkpt lat="52.56854" lon="13.15084">
        <ele>39.63</ele>
      </trkpt>
      <trkpt lat="52.56815" lon="13.15059">
        <ele>37.38</ele>
      </trkpt>
      <trkpt lat="52.56793" lon="13.15047">
        <ele>33.53</ele>
      </trkpt>
      <trkpt lat="52.56787" lon="13.15048">
        <ele>32.05</ele>
      </trkpt>
      <trkpt lat="52.56783" lon="13.15049">
        <ele>31.08</ele>
      </trkpt>
      <trkpt lat="52.56774" lon="13.15053">
        <ele>30.83</ele>
      </trkpt>
      <trkpt lat="52.56763" lon="13.15058">
        <ele>33.85</ele>
      </trkpt>
      <trkpt lat="52.56743" lon="13.15049">
        <ele>37.94</ele>
      </trkpt>
      <trkpt lat="52.56717" lon="13.15031">
        <ele>39.68</ele>
      </trkpt>
      <trkpt lat="52.56691" lon="13.15012">
        <ele>39.02</ele>
      </trkpt>
      <trkpt lat="52.5666" lon="13.14982">
        <ele>38.91</ele>
      </trkpt>
      <trkpt lat="52.56618" lon="13.14938">
        <ele>40.45</ele>
      </trkpt>
      <trkpt lat="52.56618" lon="13.14938">
        <ele>40.45</ele>
      </trkpt>
      <trkpt lat="52.56618" lon="13.14938">
        <ele>40.45</ele>
      </trkpt>
      <trkpt lat="52.56587" lon="13.14901">
        <ele>39.56</ele>
      </trkpt>
      <trkpt lat="52.56529" lon="13.14843">
        <ele>38.77</ele>
      </trkpt>
      <trkpt lat="52.56485" lon="13.1479">
        <ele>34.97</ele>
      </trkpt>
      <trkpt lat="52.56438" lon="13.14752">
        <ele>35.9</ele>
      </trkpt>
      <trkpt lat="52.56418" lon="13.14748">
        <ele>37.59</ele>
      </trkpt>
      <trkpt lat="52.5638" lon="13.14747">
        <ele>42.16</ele>
      </trkpt>
      <trkpt lat="52.56333" lon="13.14752">
        <ele>39.71</ele>
      </trkpt>
      <trkpt lat="52.56326" lon="13.14752">
        <ele>38.05</ele>
      </trkpt>
      <trkpt lat="52.56258" lon="13.14745">
        <ele>28.47</ele>
      </trkpt>
      <trkpt lat="52.56152" lon="13.14722">
        <ele>31.61</ele>
      </trkpt>
      <trkpt lat="52.56144" lon="13.1472">
        <ele>32.75</ele>
      </trkpt>
      <trkpt lat="52.56131" lon="13.14704">
        <ele>34.87</ele>
      </trkpt>
      <trkpt lat="52.56124" lon="13.14688">
        <ele>35.09</ele>
      </trkpt>
      <trkpt lat="52.56124" lon="13.14688">
        <ele>35.09</ele>
      </trkpt>
      <trkpt lat="52.56124" lon="13.14688">
        <ele>35.09</ele>
      </trkpt>
      <trkpt lat="52.56115" lon="13.1467">
        <ele>34.68</ele>
      </trkpt>
      <trkpt lat="52.56109" lon="13.14631">
        <ele>35.23</ele>
      </trkpt>
      <trkpt lat="52.56107" lon="13.14612">
        <ele>35.96</ele>
      </trkpt>
      <trkpt lat="52.56108" lon="13.146">
        <ele>36.84</ele>
      </trkpt>
      <trkpt lat="52.56108" lon="13.146">
        <ele>36.84</ele>
      </trkpt>
      <trkpt lat="52.5606" lon="13.14561">
        <ele>40.0</ele>
      </trkpt>
      <trkpt lat="52.5606" lon="13.14561">
        <ele>40.0</ele>
      </trkpt>
      <trkpt lat="52.55991" lon="13.14566">
        <ele>32.74</ele>
      </trkpt>
      <trkpt lat="52.55991" lon="13.14566">
        <ele>32.74</ele>
      </trkpt>
      <trkpt lat="52.55933" lon="13.14564">
        <ele>31.77</ele>
      </trkpt>
      <trkpt lat="52.55933" lon="13.14564">
        <ele>31.77</ele>
      </trkpt>
      <trkpt lat="52.55922" lon="13.1456">
        <ele>31.22</ele>
      </trkpt>
      <trkpt lat="52.55922" lon="13.1456">
        <ele>31.22</ele>
      </trkpt>
      <trkpt lat="52.55921" lon="13.14563">
        <ele>31.2</ele>
      </trkpt>
      <trkpt lat="52.5592" lon="13.14572">
        <ele>31.19</ele>
      </trkpt>
      <trkpt lat="52.55917" lon="13.14582">
        <ele>31.02</ele>
      </trkpt>
      <trkpt lat="52.55912" lon="13.14595">
        <ele>29.88</ele>
      </trkpt>
      <trkpt lat="52.55901" lon="13.14604">
        <ele>27.83</ele>
      </trkpt>
      <trkpt lat="52.5588" lon="13.14618">
        <ele>24.5</ele>
      </trkpt>
      <trkpt lat="52.55865" lon="13.14631">
        <ele>23.57</ele>
      </trkpt>
      <trkpt lat="52.55848" lon="13.14654">
        <ele>24.0</ele>
      </trkpt>
      <trkpt lat="52.5584" lon="13.14663">
        <ele>23.62</ele>
      </trkpt>
      <trkpt lat="52.55818" lon="13.14668">
        <ele>22.65</ele>
      </trkpt>
      <trkpt lat="52.558" lon="13.14672">
        <ele>20.64</ele>
      </trkpt>
      <trkpt lat="52.55785" lon="13.14686">
        <ele>14.04</ele>
      </trkpt>
      <trkpt lat="52.55771" lon="13.14688">
        <ele>13.81</ele>
      </trkpt>
      <trkpt lat="52.55771" lon="13.14688">
        <ele>13.81</ele>
      </trkpt>
      <trkpt lat="52.55771" lon="13.14688">
        <ele>13.81</ele>
      </trkpt>
      <trkpt lat="52.55701" lon="13.14686">
        <ele>22.77</ele>
      </trkpt>
      <trkpt lat="52.5563" lon="13.14689">
        <ele>16.25</ele>
      </trkpt>
      <trkpt lat="52.55609" lon="13.14694">
        <ele>10.86</ele>
      </trkpt>
      <trkpt lat="52.55598" lon="13.14696">
        <ele>14.98</ele>
      </trkpt>
      <trkpt lat="52.5555" lon="13.14693">
        <ele>24.25</ele>
      </trkpt>
      <trkpt lat="52.5555" lon="13.14693">
        <ele>24.25</ele>
      </trkpt>
      <trkpt lat="52.5555" lon="13.14693">
        <ele>24.25</ele>
      </trkpt>
      <trkpt lat="52.55546" lon="13.14693">
        <ele>23.68</ele>
      </trkpt>
      <trkpt lat="52.55515" lon="13.14695">
        <ele>21.01</ele>
      </trkpt>
      <trkpt lat="52.55509" lon="13.14693">
        <ele>21.09</ele>
      </trkpt>
      <trkpt lat="52.55494" lon="13.14681">
        <ele>22.09</ele>
      </trkpt>
      <trkpt lat="52.55492" lon="13.14679">
        <ele>22.21</ele>
      </trkpt>
      <trkpt lat="52.55486" lon="13.14674">
        <ele>22.37</ele>
      </trkpt>
      <trkpt lat="52.55478" lon="13.14668">
        <ele>22.23</ele>
      </trkpt>
      <trkpt lat="52.55477" lon="13.14668">
        <ele>22.2</ele>
      </trkpt>
      <trkpt lat="52.55476" lon="13.14667">
        <ele>22.14</ele>
      </trkpt>
      <trkpt lat="52.55464" lon="13.14661">
        <ele>24.62</ele>
      </trkpt>
      <trkpt lat="52.55444" lon="13.14657">
        <ele>29.48</ele>
      </trkpt>
      <trkpt lat="52.55429" lon="13.14658">
        <ele>30.71</ele>
      </trkpt>
      <trkpt lat="52.55429" lon="13.14658">
        <ele>30.71</ele>
      </trkpt>
      <trkpt lat="52.55429" lon="13.14658">
        <ele>30.71</ele>
      </trkpt>
      <trkpt lat="52.55408" lon="13.14662">
        <ele>32.96</ele>
      </trkpt>
      <trkpt lat="52.55391" lon="13.14645">
        <ele>36.52</ele>
      </trkpt>
      <trkpt lat="52.55335" lon="13.14604">
        <ele>32.91</ele>
      </trkpt>
      <trkpt lat="52.55326" lon="13.14602">
        <ele>33.8</ele>
      </trkpt>
      <trkpt lat="52.55326" lon="13.14602">
        <ele>33.8</ele>
      </trkpt>
      <trkpt lat="52.55326" lon="13.14601">
        <ele>33.77</ele>
      </trkpt>
      <trkpt lat="52.55301" lon="13.14593">
        <ele>35.74</ele>
      </trkpt>
      <trkpt lat="52.55293" lon="13.14588">
        <ele>36.84</ele>
      </trkpt>
      <trkpt lat="52.55281" lon="13.14573">
        <ele>39.26</ele>
      </trkpt>
      <trkpt lat="52.55259" lon="13.1454">
        <ele>36.82</ele>
      </trkpt>
      <trkpt lat="52.55252" lon="13.14528">
        <ele>36.21</ele>
      </trkpt>
      <trkpt lat="52.55248" lon="13.14509">
        <ele>36.24</ele>
      </trkpt>
      <trkpt lat="52.55247" lon="13.145">
        <ele>36.35</ele>
      </trkpt>
      <trkpt lat="52.55246" lon="13.14487">
        <ele>34.47</ele>
      </trkpt>
      <trkpt lat="52.55245" lon="13.14477">
        <ele>33.06</ele>
      </trkpt>
      <trkpt lat="52.55241" lon="13.14466">
        <ele>31.96</ele>
      </trkpt>
      <trkpt lat="52.55235" lon="13.14456">
        <ele>31.06</ele>
      </trkpt>
      <trkpt lat="52.55228" lon="13.14446">
        <ele>29.88</ele>
      </trkpt>
      <trkpt lat="52.55214" lon="13.14429">
        <ele>27.81</ele>
      </trkpt>
      <trkpt lat="52.55209" lon="13.1442">
        <ele>27.39</ele>
      </trkpt>
      <trkpt lat="52.55209" lon="13.14401">
        <ele>27.3</ele>
      </trkpt>
      <trkpt lat="52.55206" lon="13.14349">
        <ele>26.42</ele>
      </trkpt>
      <trkpt lat="52.55206" lon="13.1433">
        <ele>26.49</ele>
      </trkpt>
      <trkpt lat="52.55208" lon="13.14311">
        <ele>26.9</ele>
      </trkpt>
      <trkpt lat="52.55219" lon="13.14262">
        <ele>27.68</ele>
      </trkpt>
      <trkpt lat="52.55228" lon="13.14211">
        <ele>25.39</ele>
      </trkpt>
      <trkpt lat="52.55231" lon="13.1419">
        <ele>24.95</ele>
      </trkpt>
      <trkpt lat="52.55231" lon="13.14177">
        <ele>25.71</ele>
      </trkpt>
      <trkpt lat="52.55225" lon="13.14174">
        <ele>25.78</ele>
      </trkpt>
      <trkpt lat="52.55218" lon="13.14165">
        <ele>26.55</ele>
      </trkpt>
      <trkpt lat="52.5521" lon="13.14153">
        <ele>27.65</ele>
      </trkpt>
      <trkpt lat="52.5521" lon="13.14153">
        <ele>27.65</ele>
      </trkpt>
      <trkpt lat="52.5521" lon="13.14153">
        <ele>27.65</ele>
      </trkpt>
      <trkpt lat="52.55182" lon="13.14153">
        <ele>30.73</ele>
      </trkpt>
      <trkpt lat="52.55153" lon="13.14164">
        <ele>31.83</ele>
      </trkpt>
      <trkpt lat="52.55126" lon="13.14179">
        <ele>29.93</ele>
      </trkpt>
      <trkpt lat="52.55119" lon="13.14183">
        <ele>29.61</ele>
      </trkpt>
      <trkpt lat="52.55089" lon="13.14202">
        <ele>24.82</ele>
      </trkpt>
      <trkpt lat="52.55067" lon="13.14216">
        <ele>18.22</ele>
      </trkpt>
      <trkpt lat="52.55045" lon="13.1423">
        <ele>14.51</ele>
      </trkpt>
      <trkpt lat="52.55034" lon="13.14237">
        <ele>15.18</ele>
      </trkpt>
      <trkpt lat="52.54986" lon="13.14266">
        <ele>5.59</ele>
      </trkpt>
      <trkpt lat="52.54936" lon="13.14296">
        <ele>10.81</ele>
      </trkpt>
      <trkpt lat="52.54909" lon="13.14312">
        <ele>18.04</ele>
      </trkpt>
      <trkpt lat="52.54846" lon="13.1435">
        <ele>20.75</ele>
      </trkpt>
      <trkpt lat="52.54796" lon="13.1438">
        <ele>16.98</ele>
      </trkpt>
      <trkpt lat="52.5478" lon="13.14387">
        <ele>16.44</ele>
      </trkpt>
      <trkpt lat="52.54776" lon="13.14389">
        <ele>16.3</ele>
      </trkpt>
      <trkpt lat="52.54756" lon="13.14394">
        <ele>19.1</ele>
      </trkpt>
      <trkpt lat="52.54745" lon="13.14396">
        <ele>19.8</ele>
      </trkpt>
      <trkpt lat="52.54733" lon="13.14397">
        <ele>19.22</ele>
      </trkpt>
      <trkpt lat="52.54715" lon="13.14398">
        <ele>19.47</ele>
      </trkpt>
      <trkpt lat="52.54697" lon="13.14398">
        <ele>21.41</ele>
      </trkpt>
      <trkpt lat="52.54678" lon="13.14395">
        <ele>24.56</ele>
      </trkpt>
      <trkpt lat="52.54664" lon="13.14393">
        <ele>26.78</ele>
      </trkpt>
      <trkpt lat="52.5465" lon="13.14391">
        <ele>26.97</ele>
      </trkpt>
      <trkpt lat="52.54646" lon="13.1439">
        <ele>27.06</ele>
      </trkpt>
      <trkpt lat="52.54641" lon="13.14389">
        <ele>27.06</ele>
      </trkpt>
      <trkpt lat="52.54631" lon="13.14386">
        <ele>25.18</ele>
      </trkpt>
      <trkpt lat="52.54621" lon="13.14384">
        <ele>22.89</ele>
      </trkpt>
      <trkpt lat="52.54621" lon="13.14384">
        <ele>22.89</ele>
      </trkpt>
      <trkpt lat="52.5462" lon="13.14384">
        <ele>22.66</ele>
      </trkpt>
      <trkpt lat="52.54619" lon="13.14384">
        <ele>22.42</ele>
      </trkpt>
      <trkpt lat="52.54613" lon="13.14382">
        <ele>21.19</ele>
      </trkpt>
      <trkpt lat="52.54595" lon="13.1438">
        <ele>22.12</ele>
      </trkpt>
      <trkpt lat="52.54591" lon="13.1438">
        <ele>22.41</ele>
      </trkpt>
      <trkpt lat="52.54582" lon="13.14378">
        <ele>23.1</ele>
      </trkpt>
      <trkpt lat="52.54572" lon="13.14377">
        <ele>22.64</ele>
      </trkpt>
      <trkpt lat="52.54565" lon="13.14376">
        <ele>22.38</ele>
      </trkpt>
      <trkpt lat="52.54565" lon="13.14376">
        <ele>22.38</ele>
      </trkpt>
      <trkpt lat="52.54565" lon="13.14376">
        <ele>22.38</ele>
      </trkpt>
      <trkpt lat="52.54538" lon="13.14372">
        <ele>20.02</ele>
      </trkpt>
      <trkpt lat="52.54532" lon="13.14371">
        <ele>19.24</ele>
      </trkpt>
      <trkpt lat="52.54503" lon="13.14367">
        <ele>23.95</ele>
      </trkpt>
      <trkpt lat="52.54489" lon="13.14365">
        <ele>27.05</ele>
      </trkpt>
      <trkpt lat="52.54452" lon="13.14359">
        <ele>25.6</ele>
      </trkpt>
      <trkpt lat="52.54395" lon="13.1435">
        <ele>20.67</ele>
      </trkpt>
      <trkpt lat="52.54311" lon="13.14339">
        <ele>26.76</ele>
      </trkpt>
      <trkpt lat="52.54269" lon="13.14332">
        <ele>27.47</ele>
      </trkpt>
      <trkpt lat="52.54262" lon="13.1433">
        <ele>27.02</ele>
      </trkpt>
      <trkpt lat="52.54259" lon="13.1433">
        <ele>26.76</ele>
      </trkpt>
      <trkpt lat="52.54246" lon="13.14328">
        <ele>26.84</ele>
      </trkpt>
      <trkpt lat="52.54225" lon="13.14324">
        <ele>31.1</ele>
      </trkpt>
      <trkpt lat="52.54206" lon="13.14321">
        <ele>27.21</ele>
      </trkpt>
      <trkpt lat="52.54177" lon="13.14317">
        <ele>22.31</ele>
      </trkpt>
      <trkpt lat="52.54148" lon="13.14312">
        <ele>20.04</ele>
      </trkpt>
      <trkpt lat="52.54113" lon="13.14307">
        <ele>16.45</ele>
      </trkpt>
      <trkpt lat="52.5403" lon="13.14294">
        <ele>32.44</ele>
      </trkpt>
      <trkpt lat="52.53969" lon="13.14284">
        <ele>28.71</ele>
      </trkpt>
      <trkpt lat="52.53968" lon="13.143">
        <ele>26.4</ele>
      </trkpt>
      <trkpt lat="52.53962" lon="13.14299">
        <ele>27.04</ele>
      </trkpt>
      <trkpt lat="52.53952" lon="13.14297">
        <ele>27.88</ele>
      </trkpt>
      <trkpt lat="52.5395" lon="13.14296">
        <ele>27.99</ele>
      </trkpt>
      <trkpt lat="52.53943" lon="13.14292">
        <ele>27.95</ele>
      </trkpt>
      <trkpt lat="52.53913" lon="13.14285">
        <ele>26.52</ele>
      </trkpt>
      <trkpt lat="52.53909" lon="13.14282">
        <ele>26.81</ele>
      </trkpt>
      <trkpt lat="52.53905" lon="13.14278">
        <ele>27.25</ele>
      </trkpt>
      <trkpt lat="52.53894" lon="13.14274">
        <ele>28.34</ele>
      </trkpt>
      <trkpt lat="52.53894" lon="13.14274">
        <ele>28.34</ele>
      </trkpt>
      <trkpt lat="52.53894" lon="13.14274">
        <ele>28.34</ele>
      </trkpt>
      <trkpt lat="52.53864" lon="13.1426">
        <ele>28.36</ele>
      </trkpt>
      <trkpt lat="52.53844" lon="13.14253">
        <ele>28.72</ele>
      </trkpt>
      <trkpt lat="52.53827" lon="13.14248">
        <ele>28.87</ele>
      </trkpt>
      <trkpt lat="52.53815" lon="13.14245">
        <ele>28.76</ele>
      </trkpt>
      <trkpt lat="52.53814" lon="13.14245">
        <ele>28.77</ele>
      </trkpt>
      <trkpt lat="52.53812" lon="13.14244">
        <ele>28.73</ele>
      </trkpt>
      <trkpt lat="52.53806" lon="13.1424">
        <ele>28.63</ele>
      </trkpt>
      <trkpt lat="52.53803" lon="13.1424">
        <ele>28.52</ele>
      </trkpt>
      <trkpt lat="52.538" lon="13.14239">
        <ele>28.36</ele>
      </trkpt>
      <trkpt lat="52.53795" lon="13.14238">
        <ele>28.14</ele>
      </trkpt>
      <trkpt lat="52.53763" lon="13.14232">
        <ele>26.24</ele>
      </trkpt>
      <trkpt lat="52.53733" lon="13.14226">
        <ele>25.94</ele>
      </trkpt>
      <trkpt lat="52.53731" lon="13.14226">
        <ele>26.06</ele>
      </trkpt>
      <trkpt lat="52.53728" lon="13.14226">
        <ele>26.22</ele>
      </trkpt>
      <trkpt lat="52.53729" lon="13.14221">
        <ele>25.67</ele>
      </trkpt>
      <trkpt lat="52.53729" lon="13.14215">
        <ele>25.24</ele>
      </trkpt>
      <trkpt lat="52.5371" lon="13.14213">
        <ele>26.95</ele>
      </trkpt>
      <trkpt lat="52.53692" lon="13.14211">
        <ele>28.07</ele>
      </trkpt>
      <trkpt lat="52.53673" lon="13.14211">
        <ele>20.84</ele>
      </trkpt>
      <trkpt lat="52.53652" lon="13.14211">
        <ele>17.38</ele>
      </trkpt>
      <trkpt lat="52.53652" lon="13.14211">
        <ele>17.38</ele>
      </trkpt>
      <trkpt lat="52.53652" lon="13.14211">
        <ele>17.38</ele>
      </trkpt>
      <trkpt lat="52.53647" lon="13.14211">
        <ele>17.02</ele>
      </trkpt>
      <trkpt lat="52.53581" lon="13.14211">
        <ele>15.18</ele>
      </trkpt>
      <trkpt lat="52.53554" lon="13.14212">
        <ele>19.1</ele>
      </trkpt>
      <trkpt lat="52.5355" lon="13.14212">
        <ele>19.37</ele>
      </trkpt>
      <trkpt lat="52.5353" lon="13.1421">
        <ele>21.02</ele>
      </trkpt>
      <trkpt lat="52.53528" lon="13.1421">
        <ele>21.18</ele>
      </trkpt>
      <trkpt lat="52.53509" lon="13.14207">
        <ele>25.23</ele>
      </trkpt>
      <trkpt lat="52.53498" lon="13.14206">
        <ele>26.83</ele>
      </trkpt>
      <trkpt lat="52.53415" lon="13.14196">
        <ele>40.11</ele>
      </trkpt>
      <trkpt lat="52.53388" lon="13.14193">
        <ele>41.63</ele>
      </trkpt>
      <trkpt lat="52.53381" lon="13.14192">
        <ele>40.95</ele>
      </trkpt>
      <trkpt lat="52.53373" lon="13.1419">
        <ele>40.08</ele>
      </trkpt>
      <trkpt lat="52.53367" lon="13.14188">
        <ele>39.4</ele>
      </trkpt>
      <trkpt lat="52.53317" lon="13.14177">
        <ele>32.36</ele>
      </trkpt>
      <trkpt lat="52.53292" lon="13.1417">
        <ele>32.56</ele>
      </trkpt>
      <trkpt lat="52.5327" lon="13.14165">
        <ele>33.62</ele>
      </trkpt>
      <trkpt lat="52.53266" lon="13.14164">
        <ele>33.42</ele>
      </trkpt>
      <trkpt lat="52.53263" lon="13.14163">
        <ele>33.27</ele>
      </trkpt>
      <trkpt lat="52.53263" lon="13.14163">
        <ele>33.27</ele>
      </trkpt>
      <trkpt lat="52.53263" lon="13.14163">
        <ele>33.27</ele>
      </trkpt>
      <trkpt lat="52.53248" lon="13.14158">
        <ele>32.45</ele>
      </trkpt>
      <trkpt lat="52.53238" lon="13.14154">
        <ele>31.05</ele>
      </trkpt>
      <trkpt lat="52.53235" lon="13.14153">
        <ele>30.62</ele>
      </trkpt>
      <trkpt lat="52.53234" lon="13.14152">
        <ele>30.44</ele>
      </trkpt>
      <trkpt lat="52.53231" lon="13.14151">
        <ele>30.0</ele>
      </trkpt>
      <trkpt lat="52.53229" lon="13.1415">
        <ele>29.68</ele>
      </trkpt>
      <trkpt lat="52.5321" lon="13.14139">
        <ele>27.13</ele>
      </trkpt>
      <trkpt lat="52.53208" lon="13.14139">
        <ele>26.99</ele>
      </trkpt>
      <trkpt lat="52.532" lon="13.14135">
        <ele>26.46</ele>
      </trkpt>
      <trkpt lat="52.53198" lon="13.14141">
        <ele>26.47</ele>
      </trkpt>
      <trkpt lat="52.53195" lon="13.14146">
        <ele>26.8</ele>
      </trkpt>
      <trkpt lat="52.53194" lon="13.14149">
        <ele>27.15</ele>
      </trkpt>
      <trkpt lat="52.53193" lon="13.14153">
        <ele>27.73</ele>
      </trkpt>
      <trkpt lat="52.53192" lon="13.14162">
        <ele>28.91</ele>
      </trkpt>
      <trkpt lat="52.53189" lon="13.14167">
        <ele>30.04</ele>
      </trkpt>
      <trkpt lat="52.53184" lon="13.14176">
        <ele>32.39</ele>
      </trkpt>
      <trkpt lat="52.53169" lon="13.14195">
        <ele>35.88</ele>
      </trkpt>
      <trkpt lat="52.5315" lon="13.14218">
        <ele>33.43</ele>
      </trkpt>
      <trkpt lat="52.53132" lon="13.14241">
        <ele>32.59</ele>
      </trkpt>
      <trkpt lat="52.53123" lon="13.14232">
        <ele>31.69</ele>
      </trkpt>
      <trkpt lat="52.53121" lon="13.1423">
        <ele>31.43</ele>
      </trkpt>
      <trkpt lat="52.5312" lon="13.14235">
        <ele>31.59</ele>
      </trkpt>
      <trkpt lat="52.53114" lon="13.14237">
        <ele>31.27</ele>
      </trkpt>
      <trkpt lat="52.53104" lon="13.14228">
        <ele>30.51</ele>
      </trkpt>
      <trkpt lat="52.53103" lon="13.1423">
        <ele>30.61</ele>
      </trkpt>
      <trkpt lat="52.53103" lon="13.1423">
        <ele>30.61</ele>
      </trkpt>
      <trkpt lat="52.53104" lon="13.14228">
        <ele>30.51</ele>
      </trkpt>
      <trkpt lat="52.53103" lon="13.1423">
        <ele>30.61</ele>
      </trkpt>
      <trkpt lat="52.53077" lon="13.14289">
        <ele>29.18</ele>
      </trkpt>
      <trkpt lat="52.52966" lon="13.14515">
        <ele>22.34</ele>
      </trkpt>
      <trkpt lat="52.52907" lon="13.14471">
        <ele>27.89</ele>
      </trkpt>
      <trkpt lat="52.52897" lon="13.14463">
        <ele>30.77</ele>
      </trkpt>
      <trkpt lat="52.52894" lon="13.14462">
        <ele>31.48</ele>
      </trkpt>
      <trkpt lat="52.5288" lon="13.14458">
        <ele>30.8</ele>
      </trkpt>
      <trkpt lat="52.5288" lon="13.14458">
        <ele>30.8</ele>
      </trkpt>
      <trkpt lat="52.52877" lon="13.14462">
        <ele>29.59</ele>
      </trkpt>
      <trkpt lat="52.52867" lon="13.14482">
        <ele>25.4</ele>
      </trkpt>
      <trkpt lat="52.52861" lon="13.1448">
        <ele>24.74</ele>
      </trkpt>
      <trkpt lat="52.52857" lon="13.14476">
        <ele>25.62</ele>
      </trkpt>
      <trkpt lat="52.52857" lon="13.14476">
        <ele>25.62</ele>
      </trkpt>
      <trkpt lat="52.52857" lon="13.14476">
        <ele>25.62</ele>
      </trkpt>
      <trkpt lat="52.52855" lon="13.14473">
        <ele>26.08</ele>
      </trkpt>
      <trkpt lat="52.52817" lon="13.14445">
        <ele>23.92</ele>
      </trkpt>
      <trkpt lat="52.52794" lon="13.14427">
        <ele>22.58</ele>
      </trkpt>
      <trkpt lat="52.52783" lon="13.14419">
        <ele>22.79</ele>
      </trkpt>
      <trkpt lat="52.52782" lon="13.14418">
        <ele>22.79</ele>
      </trkpt>
      <trkpt lat="52.52781" lon="13.14418">
        <ele>22.86</ele>
      </trkpt>
      <trkpt lat="52.52776" lon="13.14415">
        <ele>22.89</ele>
      </trkpt>
      <trkpt lat="52.52772" lon="13.14413">
        <ele>22.84</ele>
      </trkpt>
      <trkpt lat="52.52771" lon="13.14412">
        <ele>22.78</ele>
      </trkpt>
      <trkpt lat="52.52769" lon="13.14411">
        <ele>22.77</ele>
      </trkpt>
      <trkpt lat="52.5277" lon="13.14409">
        <ele>22.53</ele>
      </trkpt>
      <trkpt lat="52.52771" lon="13.14405">
        <ele>22.09</ele>
      </trkpt>
      <trkpt lat="52.5276" lon="13.144">
        <ele>22.22</ele>
      </trkpt>
      <trkpt lat="52.52747" lon="13.14396">
        <ele>22.97</ele>
      </trkpt>
      <trkpt lat="52.52695" lon="13.14384">
        <ele>26.62</ele>
      </trkpt>
      <trkpt lat="52.52654" lon="13.14376">
        <ele>21.67</ele>
      </trkpt>
      <trkpt lat="52.526" lon="13.14365">
        <ele>26.3</ele>
      </trkpt>
      <trkpt lat="52.52495" lon="13.14343">
        <ele>27.94</ele>
      </trkpt>
      <trkpt lat="52.52444" lon="13.14334">
        <ele>28.93</ele>
      </trkpt>
      <trkpt lat="52.52444" lon="13.14334">
        <ele>28.93</ele>
      </trkpt>
      <trkpt lat="52.52444" lon="13.14334">
        <ele>28.93</ele>
      </trkpt>
      <trkpt lat="52.52429" lon="13.14331">
        <ele>25.59</ele>
      </trkpt>
      <trkpt lat="52.52428" lon="13.14338">
        <ele>25.62</ele>
      </trkpt>
      <trkpt lat="52.52422" lon="13.14364">
        <ele>25.46</ele>
      </trkpt>
      <trkpt lat="52.52422" lon="13.14364">
        <ele>25.46</ele>
      </trkpt>
      <trkpt lat="52.52421" lon="13.14363">
        <ele>25.14</ele>
      </trkpt>
      <trkpt lat="52.52419" lon="13.14361">
        <ele>24.5</ele>
      </trkpt>
      <trkpt lat="52.52413" lon="13.14358">
        <ele>23.8</ele>
      </trkpt>
      <trkpt lat="52.52408" lon="13.14355">
        <ele>23.67</ele>
      </trkpt>
      <trkpt lat="52.52407" lon="13.14355">
        <ele>23.66</ele>
      </trkpt>
      <trkpt lat="52.52409" lon="13.14342">
        <ele>23.61</ele>
      </trkpt>
      <trkpt lat="52.52398" lon="13.14339">
        <ele>24.14</ele>
      </trkpt>
      <trkpt lat="52.5238" lon="13.14336">
        <ele>25.19</ele>
      </trkpt>
      <trkpt lat="52.5238" lon="13.14336">
        <ele>25.19</ele>
      </trkpt>
      <trkpt lat="52.5238" lon="13.14336">
        <ele>25.19</ele>
      </trkpt>
      <trkpt lat="52.5238" lon="13.14336">
        <ele>25.19</ele>
      </trkpt>
      <trkpt lat="52.52372" lon="13.14335">
        <ele>25.56</ele>
      </trkpt>
      <trkpt lat="52.5237" lon="13.14335">
        <ele>25.64</ele>
      </trkpt>
      <trkpt lat="52.5236" lon="13.14341">
        <ele>25.9</ele>
      </trkpt>
      <trkpt lat="52.52343" lon="13.1435">
        <ele>24.83</ele>
      </trkpt>
      <trkpt lat="52.52333" lon="13.14354">
        <ele>24.51</ele>
      </trkpt>
      <trkpt lat="52.52317" lon="13.14356">
        <ele>25.59</ele>
      </trkpt>
      <trkpt lat="52.5222" lon="13.14365">
        <ele>24.34</ele>
      </trkpt>
      <trkpt lat="52.52209" lon="13.14368">
        <ele>24.74</ele>
      </trkpt>
      <trkpt lat="52.52199" lon="13.14375">
        <ele>25.0</ele>
      </trkpt>
      <trkpt lat="52.52179" lon="13.14392">
        <ele>27.95</ele>
      </trkpt>
      <trkpt lat="52.52166" lon="13.14403">
        <ele>31.03</ele>
      </trkpt>
      <trkpt lat="52.52159" lon="13.14405">
        <ele>31.19</ele>
      </trkpt>
      <trkpt lat="52.52159" lon="13.14405">
        <ele>31.19</ele>
      </trkpt>
      <trkpt lat="52.52159" lon="13.14405">
        <ele>31.19</ele>
      </trkpt>
      <trkpt lat="52.52155" lon="13.14402">
        <ele>31.21</ele>
      </trkpt>
      <trkpt lat="52.52151" lon="13.14395">
        <ele>31.51</ele>
      </trkpt>
      <trkpt lat="52.5215" lon="13.14387">
        <ele>31.83</ele>
      </trkpt>
      <trkpt lat="52.5215" lon="13.14368">
        <ele>32.1</ele>
      </trkpt>
      <trkpt lat="52.5215" lon="13.14354">
        <ele>32.51</ele>
      </trkpt>
      <trkpt lat="52.52149" lon="13.14343">
        <ele>33.1</ele>
      </trkpt>
      <trkpt lat="52.52147" lon="13.14334">
        <ele>33.8</ele>
      </trkpt>
      <trkpt lat="52.52143" lon="13.14326">
        <ele>34.45</ele>
      </trkpt>
      <trkpt lat="52.52135" lon="13.14317">
        <ele>35.26</ele>
      </trkpt>
      <trkpt lat="52.52127" lon="13.14314">
        <ele>35.69</ele>
      </trkpt>
      <trkpt lat="52.52111" lon="13.14315">
        <ele>36.67</ele>
      </trkpt>
      <trkpt lat="52.52061" lon="13.14317">
        <ele>35.04</ele>
      </trkpt>
      <trkpt lat="52.51982" lon="13.14319">
        <ele>32.21</ele>
      </trkpt>
      <trkpt lat="52.51979" lon="13.14319">
        <ele>32.0</ele>
      </trkpt>
      <trkpt lat="52.51976" lon="13.14319">
        <ele>31.78</ele>
      </trkpt>
      <trkpt lat="52.51973" lon="13.14319">
        <ele>31.57</ele>
      </trkpt>
      <trkpt lat="52.51973" lon="13.14319">
        <ele>31.57</ele>
      </trkpt>
      <trkpt lat="52.51973" lon="13.14319">
        <ele>31.57</ele>
      </trkpt>
      <trkpt lat="52.51968" lon="13.14322">
        <ele>31.47</ele>
      </trkpt>
      <trkpt lat="52.51961" lon="13.1433">
        <ele>31.17</ele>
      </trkpt>
      <trkpt lat="52.51953" lon="13.14347">
        <ele>29.79</ele>
      </trkpt>
      <trkpt lat="52.51924" lon="13.14429">
        <ele>24.88</ele>
      </trkpt>
      <trkpt lat="52.51918" lon="13.14442">
        <ele>24.2</ele>
      </trkpt>
      <trkpt lat="52.51912" lon="13.14452">
        <ele>24.48</ele>
      </trkpt>
      <trkpt lat="52.51901" lon="13.14465">
        <ele>25.09</ele>
      </trkpt>
      <trkpt lat="52.51857" lon="13.14499">
        <ele>25.56</ele>
      </trkpt>
      <trkpt lat="52.51837" lon="13.14517">
        <ele>29.65</ele>
      </trkpt>
      <trkpt lat="52.51801" lon="13.14527">
        <ele>32.79</ele>
      </trkpt>
      <trkpt lat="52.51782" lon="13.14545">
        <ele>33.3</ele>
      </trkpt>
      <trkpt lat="52.51778" lon="13.14549">
        <ele>33.53</ele>
      </trkpt>
      <trkpt lat="52.51778" lon="13.14549">
        <ele>33.53</ele>
      </trkpt>
      <trkpt lat="52.51778" lon="13.14549">
        <ele>33.53</ele>
      </trkpt>
      <trkpt lat="52.51768" lon="13.14561">
        <ele>35.06</ele>
      </trkpt>
      <trkpt lat="52.51758" lon="13.14577">
        <ele>36.37</ele>
      </trkpt>
      <trkpt lat="52.51753" lon="13.14593">
        <ele>36.63</ele>
      </trkpt>
      <trkpt lat="52.51741" lon="13.14664">
        <ele>40.57</ele>
      </trkpt>
      <trkpt lat="52.51735" lon="13.14704">
        <ele>41.64</ele>
      </trkpt>
      <trkpt lat="52.51729" lon="13.14745">
        <ele>42.46</ele>
      </trkpt>
      <trkpt lat="52.51725" lon="13.14786">
        <ele>42.73</ele>
      </trkpt>
      <trkpt lat="52.51721" lon="13.14825">
        <ele>43.59</ele>
      </trkpt>
      <trkpt lat="52.51716" lon="13.14844">
        <ele>44.35</ele>
      </trkpt>
      <trkpt lat="52.51697" lon="13.14877">
        <ele>46.73</ele>
      </trkpt>
      <trkpt lat="52.51677" lon="13.14894">
        <ele>42.97</ele>
      </trkpt>
      <trkpt lat="52.51666" lon="13.14908">
        <ele>41.36</ele>
      </trkpt>
      <trkpt lat="52.51662" lon="13.14916">
        <ele>41.79</ele>
      </trkpt>
      <trkpt lat="52.51623" lon="13.15009">
        <ele>44.75</ele>
      </trkpt>
      <trkpt lat="52.51582" lon="13.15112">
        <ele>42.89</ele>
      </trkpt>
      <trkpt lat="52.5156" lon="13.15179">
        <ele>43.16</ele>
      </trkpt>
      <trkpt lat="52.51532" lon="13.15238">
        <ele>41.74</ele>
      </trkpt>
      <trkpt lat="52.51464" lon="13.15376">
        <ele>42.47</ele>
      </trkpt>
      <trkpt lat="52.5146" lon="13.15385">
        <ele>43.9</ele>
      </trkpt>
      <trkpt lat="52.51452" lon="13.15385">
        <ele>43.08</ele>
      </trkpt>
      <trkpt lat="52.51443" lon="13.1539">
        <ele>43.08</ele>
      </trkpt>
      <trkpt lat="52.51436" lon="13.15406">
        <ele>45.22</ele>
      </trkpt>
      <trkpt lat="52.51413" lon="13.15466">
        <ele>40.29</ele>
      </trkpt>
      <trkpt lat="52.51413" lon="13.15466">
        <ele>40.29</ele>
      </trkpt>
      <trkpt lat="52.51413" lon="13.15466">
        <ele>40.29</ele>
      </trkpt>
      <trkpt lat="52.51396" lon="13.15511">
        <ele>38.32</ele>
      </trkpt>
      <trkpt lat="52.51395" lon="13.1551">
        <ele>38.24</ele>
      </trkpt>
      <trkpt lat="52.51374" lon="13.15567">
        <ele>38.09</ele>
      </trkpt>
      <trkpt lat="52.51356" lon="13.15624">
        <ele>42.51</ele>
      </trkpt>
      <trkpt lat="52.51354" lon="13.15651">
        <ele>44.58</ele>
      </trkpt>
      <trkpt lat="52.51346" lon="13.15678">
        <ele>44.2</ele>
      </trkpt>
      <trkpt lat="52.51327" lon="13.15723">
        <ele>46.36</ele>
      </trkpt>
      <trkpt lat="52.51309" lon="13.15775">
        <ele>45.56</ele>
      </trkpt>
      <trkpt lat="52.51307" lon="13.15788">
        <ele>46.34</ele>
      </trkpt>
      <trkpt lat="52.51303" lon="13.1582">
        <ele>49.42</ele>
      </trkpt>
      <trkpt lat="52.51298" lon="13.15863">
        <ele>49.23</ele>
      </trkpt>
      <trkpt lat="52.51288" lon="13.15893">
        <ele>48.42</ele>
      </trkpt>
      <trkpt lat="52.51269" lon="13.15952">
        <ele>45.71</ele>
      </trkpt>
      <trkpt lat="52.51229" lon="13.16049">
        <ele>44.3</ele>
      </trkpt>
      <trkpt lat="52.5119" lon="13.16144">
        <ele>47.62</ele>
      </trkpt>
      <trkpt lat="52.51185" lon="13.16156">
        <ele>46.29</ele>
      </trkpt>
      <trkpt lat="52.5118" lon="13.16169">
        <ele>45.74</ele>
      </trkpt>
      <trkpt lat="52.51151" lon="13.16237">
        <ele>45.01</ele>
      </trkpt>
      <trkpt lat="52.51113" lon="13.1633">
        <ele>42.9</ele>
      </trkpt>
      <trkpt lat="52.51109" lon="13.16348">
        <ele>43.34</ele>
      </trkpt>
      <trkpt lat="52.51085" lon="13.16419">
        <ele>42.26</ele>
      </trkpt>
      <trkpt lat="52.51085" lon="13.16419">
        <ele>42.26</ele>
      </trkpt>
      <trkpt lat="52.51085" lon="13.16419">
        <ele>42.26</ele>
      </trkpt>
      <trkpt lat="52.51063" lon="13.16486">
        <ele>39.8</ele>
      </trkpt>
      <trkpt lat="52.51022" lon="13.16606">
        <ele>37.85</ele>
      </trkpt>
      <trkpt lat="52.51016" lon="13.16623">
        <ele>38.25</ele>
      </trkpt>
      <trkpt lat="52.51007" lon="13.16649">
        <ele>38.16</ele>
      </trkpt>
      <trkpt lat="52.50989" lon="13.16699">
        <ele>39.5</ele>
      </trkpt>
      <trkpt lat="52.50964" lon="13.1677">
        <ele>37.98</ele>
      </trkpt>
      <trkpt lat="52.50921" lon="13.16894">
        <ele>44.75</ele>
      </trkpt>
      <trkpt lat="52.50921" lon="13.16897">
        <ele>44.78</ele>
      </trkpt>
      <trkpt lat="52.50917" lon="13.16905">
        <ele>44.99</ele>
      </trkpt>
      <trkpt lat="52.50913" lon="13.16911">
        <ele>45.45</ele>
      </trkpt>
      <trkpt lat="52.50915" lon="13.16916">
        <ele>45.18</ele>
      </trkpt>
      <trkpt lat="52.50913" lon="13.16921">
        <ele>45.2</ele>
      </trkpt>
      <trkpt lat="52.50913" lon="13.16921">
        <ele>45.2</ele>
      </trkpt>
      <trkpt lat="52.50913" lon="13.16921">
        <ele>45.2</ele>
      </trkpt>
      <trkpt lat="52.50915" lon="13.16916">
        <ele>45.18</ele>
      </trkpt>
      <trkpt lat="52.50913" lon="13.16911">
        <ele>45.45</ele>
      </trkpt>
      <trkpt lat="52.50889" lon="13.16856">
        <ele>48.98</ele>
      </trkpt>
      <trkpt lat="52.50874" lon="13.16824">
        <ele>49.25</ele>
      </trkpt>
      <trkpt lat="52.5086" lon="13.16799">
        <ele>50.12</ele>
      </trkpt>
      <trkpt lat="52.50844" lon="13.16771">
        <ele>49.07</ele>
      </trkpt>
      <trkpt lat="52.50829" lon="13.16749">
        <ele>50.67</ele>
      </trkpt>
      <trkpt lat="52.50809" lon="13.16724">
        <ele>45.99</ele>
      </trkpt>
      <trkpt lat="52.50791" lon="13.16703">
        <ele>45.7</ele>
      </trkpt>
      <trkpt lat="52.50784" lon="13.16696">
        <ele>46.07</ele>
      </trkpt>
      <trkpt lat="52.50784" lon="13.16696">
        <ele>46.07</ele>
      </trkpt>
      <trkpt lat="52.50769" lon="13.16686">
        <ele>46.17</ele>
      </trkpt>
      <trkpt lat="52.50769" lon="13.16686">
        <ele>46.17</ele>
      </trkpt>
      <trkpt lat="52.50753" lon="13.16666">
        <ele>46.72</ele>
      </trkpt>
      <trkpt lat="52.50753" lon="13.16666">
        <ele>46.72</ele>
      </trkpt>
      <trkpt lat="52.507" lon="13.16604">
        <ele>58.38</ele>
      </trkpt>
      <trkpt lat="52.507" lon="13.16604">
        <ele>58.38</ele>
      </trkpt>
      <trkpt lat="52.50651" lon="13.16531">
        <ele>53.93</ele>
      </trkpt>
      <trkpt lat="52.50651" lon="13.16531">
        <ele>53.93</ele>
      </trkpt>
      <trkpt lat="52.50616" lon="13.16481">
        <ele>47.66</ele>
      </trkpt>
      <trkpt lat="52.50581" lon="13.1643">
        <ele>50.1</ele>
      </trkpt>
      <trkpt lat="52.50581" lon="13.1643">
        <ele>50.1</ele>
      </trkpt>
      <trkpt lat="52.50543" lon="13.16376">
        <ele>50.15</ele>
      </trkpt>
      <trkpt lat="52.50505" lon="13.16321">
        <ele>59.04</ele>
      </trkpt>
      <trkpt lat="52.50505" lon="13.16321">
        <ele>59.04</ele>
      </trkpt>
      <trkpt lat="52.50471" lon="13.16271">
        <ele>58.85</ele>
      </trkpt>
      <trkpt lat="52.50437" lon="13.16221">
        <ele>55.94</ele>
      </trkpt>
      <trkpt lat="52.50403" lon="13.16171">
        <ele>58.01</ele>
      </trkpt>
      <trkpt lat="52.50403" lon="13.16171">
        <ele>58.01</ele>
      </trkpt>
      <trkpt lat="52.50354" lon="13.16097">
        <ele>57.99</ele>
      </trkpt>
      <trkpt lat="52.50305" lon="13.16022">
        <ele>55.4</ele>
      </trkpt>
      <trkpt lat="52.50305" lon="13.16022">
        <ele>55.4</ele>
      </trkpt>
      <trkpt lat="52.50267" lon="13.15962">
        <ele>55.21</ele>
      </trkpt>
      <trkpt lat="52.50228" lon="13.15901">
        <ele>54.81</ele>
      </trkpt>
      <trkpt lat="52.5019" lon="13.15841">
        <ele>50.82</ele>
      </trkpt>
      <trkpt lat="52.5019" lon="13.15841">
        <ele>50.82</ele>
      </trkpt>
      <trkpt lat="52.5019" lon="13.15841">
        <ele>50.82</ele>
      </trkpt>
      <trkpt lat="52.50156" lon="13.15784">
        <ele>50.66</ele>
      </trkpt>
      <trkpt lat="52.5015" lon="13.15774">
        <ele>51.51</ele>
      </trkpt>
      <trkpt lat="52.50116" lon="13.15717">
        <ele>56.91</ele>
      </trkpt>
      <trkpt lat="52.50081" lon="13.15659">
        <ele>62.94</ele>
      </trkpt>
      <trkpt lat="52.50009" lon="13.15552">
        <ele>61.55</ele>
      </trkpt>
      <trkpt lat="52.49989" lon="13.15522">
        <ele>60.54</ele>
      </trkpt>
      <trkpt lat="52.49986" lon="13.15519">
        <ele>59.98</ele>
      </trkpt>
      <trkpt lat="52.49986" lon="13.15519">
        <ele>59.98</ele>
      </trkpt>
      <trkpt lat="52.49986" lon="13.15519">
        <ele>59.98</ele>
      </trkpt>
      <trkpt lat="52.49945" lon="13.15461">
        <ele>54.63</ele>
      </trkpt>
      <trkpt lat="52.49924" lon="13.15433">
        <ele>59.63</ele>
      </trkpt>
      <trkpt lat="52.49841" lon="13.15319">
        <ele>55.29</ele>
      </trkpt>
      <trkpt lat="52.49823" lon="13.15295">
        <ele>51.9</ele>
      </trkpt>
      <trkpt lat="52.49814" lon="13.15282">
        <ele>51.22</ele>
      </trkpt>
      <trkpt lat="52.49805" lon="13.15269">
        <ele>50.62</ele>
      </trkpt>
      <trkpt lat="52.49803" lon="13.15273">
        <ele>50.31</ele>
      </trkpt>
      <trkpt lat="52.49768" lon="13.1534">
        <ele>45.56</ele>
      </trkpt>
      <trkpt lat="52.49761" lon="13.15332">
        <ele>46.98</ele>
      </trkpt>
      <trkpt lat="52.49761" lon="13.15332">
        <ele>46.98</ele>
      </trkpt>
      <trkpt lat="52.49761" lon="13.15333">
        <ele>46.86</ele>
      </trkpt>
      <trkpt lat="52.49738" lon="13.15308">
        <ele>50.07</ele>
      </trkpt>
      <trkpt lat="52.49673" lon="13.1523">
        <ele>55.03</ele>
      </trkpt>
      <trkpt lat="52.49608" lon="13.15129">
        <ele>49.37</ele>
      </trkpt>
      <trkpt lat="52.49571" lon="13.15078">
        <ele>49.6</ele>
      </trkpt>
      <trkpt lat="52.49534" lon="13.15027">
        <ele>47.98</ele>
      </trkpt>
      <trkpt lat="52.49497" lon="13.14976">
        <ele>49.24</ele>
      </trkpt>
      <trkpt lat="52.49497" lon="13.14976">
        <ele>49.24</ele>
      </trkpt>
      <trkpt lat="52.49497" lon="13.14976">
        <ele>49.24</ele>
      </trkpt>
      <trkpt lat="52.49492" lon="13.1497">
        <ele>49.96</ele>
      </trkpt>
      <trkpt lat="52.49435" lon="13.14898">
        <ele>51.52</ele>
      </trkpt>
      <trkpt lat="52.49386" lon="13.14836">
        <ele>53.33</ele>
      </trkpt>
      <trkpt lat="52.49329" lon="13.14767">
        <ele>44.29</ele>
      </trkpt>
      <trkpt lat="52.493" lon="13.14716">
        <ele>38.52</ele>
      </trkpt>
      <trkpt lat="52.49271" lon="13.14683">
        <ele>49.31</ele>
      </trkpt>
      <trkpt lat="52.49164" lon="13.14536">
        <ele>49.66</ele>
      </trkpt>
      <trkpt lat="52.49146" lon="13.14514">
        <ele>49.79</ele>
      </trkpt>
      <trkpt lat="52.49128" lon="13.14491">
        <ele>47.37</ele>
      </trkpt>
      <trkpt lat="52.49105" lon="13.14462">
        <ele>46.55</ele>
      </trkpt>
      <trkpt lat="52.49105" lon="13.14462">
        <ele>46.55</ele>
      </trkpt>
      <trkpt lat="52.49105" lon="13.14462">
        <ele>46.55</ele>
      </trkpt>
      <trkpt lat="52.49046" lon="13.14387">
        <ele>50.0</ele>
      </trkpt>
      <trkpt lat="52.49037" lon="13.14379">
        <ele>49.64</ele>
      </trkpt>
      <trkpt lat="52.48971" lon="13.14369">
        <ele>38.85</ele>
      </trkpt>
      <trkpt lat="52.48934" lon="13.14356">
        <ele>32.89</ele>
      </trkpt>
      <trkpt lat="52.48928" lon="13.1435">
        <ele>31.71</ele>
      </trkpt>
      <trkpt lat="52.48926" lon="13.14327">
        <ele>30.78</ele>
      </trkpt>
      <trkpt lat="52.48927" lon="13.14318">
        <ele>30.5</ele>
      </trkpt>
      <trkpt lat="52.48927" lon="13.14318">
        <ele>30.5</ele>
      </trkpt>
      <trkpt lat="52.48927" lon="13.14318">
        <ele>30.5</ele>
      </trkpt>
      <trkpt lat="52.48936" lon="13.14133">
        <ele>38.9</ele>
      </trkpt>
      <trkpt lat="52.48936" lon="13.14119">
        <ele>43.64</ele>
      </trkpt>
      <trkpt lat="52.48931" lon="13.1411">
        <ele>46.84</ele>
      </trkpt>
      <trkpt lat="52.48875" lon="13.14039">
        <ele>49.83</ele>
      </trkpt>
      <trkpt lat="52.48861" lon="13.14023">
        <ele>45.49</ele>
      </trkpt>
      <trkpt lat="52.48854" lon="13.14014">
        <ele>45.91</ele>
      </trkpt>
      <trkpt lat="52.48854" lon="13.14014">
        <ele>45.91</ele>
      </trkpt>
      <trkpt lat="52.48854" lon="13.14014">
        <ele>45.91</ele>
      </trkpt>
      <trkpt lat="52.48816" lon="13.13967">
        <ele>61.13</ele>
      </trkpt>
      <trkpt lat="52.48802" lon="13.13952">
        <ele>68.72</ele>
      </trkpt>
      <trkpt lat="52.48782" lon="13.13942">
        <ele>70.02</ele>
      </trkpt>
      <trkpt lat="52.48767" lon="13.13931">
        <ele>66.14</ele>
      </trkpt>
      <trkpt lat="52.48749" lon="13.13916">
        <ele>62.55</ele>
      </trkpt>
      <trkpt lat="52.48732" lon="13.13877">
        <ele>56.74</ele>
      </trkpt>
      <trkpt lat="52.48683" lon="13.1381">
        <ele>64.11</ele>
      </trkpt>
      <trkpt lat="52.48672" lon="13.13783">
        <ele>58.67</ele>
      </trkpt>
      <trkpt lat="52.48655" lon="13.13761">
        <ele>52.37</ele>
      </trkpt>
      <trkpt lat="52.48645" lon="13.13749">
        <ele>48.8</ele>
      </trkpt>
      <trkpt lat="52.48618" lon="13.13733">
        <ele>44.9</ele>
      </trkpt>
      <trkpt lat="52.48593" lon="13.13679">
        <ele>45.96</ele>
      </trkpt>
      <trkpt lat="52.48542" lon="13.13642">
        <ele>47.15</ele>
      </trkpt>
      <trkpt lat="52.48534" lon="13.13599">
        <ele>52.21</ele>
      </trkpt>
      <trkpt lat="52.48532" lon="13.13589">
        <ele>52.78</ele>
      </trkpt>
      <trkpt lat="52.48529" lon="13.13585">
        <ele>53.65</ele>
      </trkpt>
      <trkpt lat="52.48529" lon="13.13585">
        <ele>53.65</ele>
      </trkpt>
      <trkpt lat="52.48529" lon="13.13585">
        <ele>53.65</ele>
      </trkpt>
      <trkpt lat="52.48521" lon="13.13575">
        <ele>53.47</ele>
      </trkpt>
      <trkpt lat="52.48483" lon="13.13526">
        <ele>53.82</ele>
      </trkpt>
      <trkpt lat="52.48445" lon="13.13476">
        <ele>54.28</ele>
      </trkpt>
      <trkpt lat="52.48407" lon="13.13427">
        <ele>54.44</ele>
      </trkpt>
      <trkpt lat="52.48369" lon="13.13377">
        <ele>58.62</ele>
      </trkpt>
      <trkpt lat="52.48331" lon="13.13328">
        <ele>64.9</ele>
      </trkpt>
      <trkpt lat="52.48293" lon="13.13278">
        <ele>64.03</ele>
      </trkpt>
      <trkpt lat="52.48226" lon="13.13184">
        <ele>55.64</ele>
      </trkpt>
      <trkpt lat="52.48188" lon="13.13137">
        <ele>51.23</ele>
      </trkpt>
      <trkpt lat="52.4815" lon="13.1309">
        <ele>55.19</ele>
      </trkpt>
      <trkpt lat="52.48113" lon="13.13044">
        <ele>54.48</ele>
      </trkpt>
      <trkpt lat="52.48075" lon="13.12997">
        <ele>50.15</ele>
      </trkpt>
      <trkpt lat="52.48037" lon="13.1295">
        <ele>42.53</ele>
      </trkpt>
      <trkpt lat="52.48037" lon="13.1295">
        <ele>42.53</ele>
      </trkpt>
      <trkpt lat="52.48037" lon="13.1295">
        <ele>42.53</ele>
      </trkpt>
      <trkpt lat="52.48025" lon="13.12936">
        <ele>44.09</ele>
      </trkpt>
      <trkpt lat="52.47998" lon="13.12896">
        <ele>49.04</ele>
      </trkpt>
      <trkpt lat="52.47987" lon="13.12874">
        <ele>48.25</ele>
      </trkpt>
      <trkpt lat="52.47974" lon="13.12856">
        <ele>47.64</ele>
      </trkpt>
      <trkpt lat="52.47922" lon="13.12769">
        <ele>51.12</ele>
      </trkpt>
      <trkpt lat="52.47896" lon="13.12723">
        <ele>51.48</ele>
      </trkpt>
      <trkpt lat="52.47873" lon="13.1269">
        <ele>50.73</ele>
      </trkpt>
      <trkpt lat="52.47871" lon="13.12686">
        <ele>50.48</ele>
      </trkpt>
      <trkpt lat="52.47862" lon="13.12675">
        <ele>49.86</ele>
      </trkpt>
      <trkpt lat="52.47857" lon="13.12661">
        <ele>49.24</ele>
      </trkpt>
      <trkpt lat="52.47852" lon="13.12648">
        <ele>49.22</ele>
      </trkpt>
      <trkpt lat="52.47852" lon="13.12648">
        <ele>49.22</ele>
      </trkpt>
      <trkpt lat="52.47852" lon="13.12648">
        <ele>49.22</ele>
      </trkpt>
      <trkpt lat="52.47851" lon="13.12645">
        <ele>49.16</ele>
      </trkpt>
      <trkpt lat="52.4785" lon="13.12642">
        <ele>49.09</ele>
      </trkpt>
      <trkpt lat="52.47846" lon="13.12629">
        <ele>48.06</ele>
      </trkpt>
      <trkpt lat="52.47842" lon="13.12613">
        <ele>46.14</ele>
      </trkpt>
      <trkpt lat="52.4784" lon="13.12609">
        <ele>45.72</ele>
      </trkpt>
      <trkpt lat="52.47838" lon="13.12599">
        <ele>45.5</ele>
      </trkpt>
      <trkpt lat="52.47829" lon="13.12585">
        <ele>45.73</ele>
      </trkpt>
      <trkpt lat="52.47829" lon="13.12585">
        <ele>45.73</ele>
      </trkpt>
      <trkpt lat="52.47829" lon="13.12585">
        <ele>45.73</ele>
      </trkpt>
      <trkpt lat="52.47769" lon="13.12502">
        <ele>54.39</ele>
      </trkpt>
      <trkpt lat="52.47771" lon="13.12497">
        <ele>55.05</ele>
      </trkpt>
      <trkpt lat="52.47771" lon="13.12491">
        <ele>55.65</ele>
      </trkpt>
      <trkpt lat="52.47771" lon="13.12487">
        <ele>56.05</ele>
      </trkpt>
      <trkpt lat="52.47771" lon="13.12487">
        <ele>56.05</ele>
      </trkpt>
      <trkpt lat="52.47771" lon="13.12487">
        <ele>56.05</ele>
      </trkpt>
      <trkpt lat="52.47725" lon="13.12204">
        <ele>53.18</ele>
      </trkpt>
      <trkpt lat="52.47721" lon="13.12195">
        <ele>52.71</ele>
      </trkpt>
      <trkpt lat="52.47717" lon="13.12188">
        <ele>51.26</ele>
      </trkpt>
      <trkpt lat="52.47712" lon="13.12187">
        <ele>49.99</ele>
      </trkpt>
      <trkpt lat="52.4765" lon="13.12197">
        <ele>46.42</ele>
      </trkpt>
      <trkpt lat="52.4765" lon="13.12197">
        <ele>46.42</ele>
      </trkpt>
      <trkpt lat="52.4765" lon="13.12197">
        <ele>46.42</ele>
      </trkpt>
      <trkpt lat="52.47578" lon="13.12209">
        <ele>43.81</ele>
      </trkpt>
      <trkpt lat="52.47574" lon="13.12215">
        <ele>44.16</ele>
      </trkpt>
      <trkpt lat="52.47565" lon="13.12198">
        <ele>44.36</ele>
      </trkpt>
      <trkpt lat="52.47556" lon="13.12176">
        <ele>43.61</ele>
      </trkpt>
      <trkpt lat="52.4755" lon="13.12156">
        <ele>42.57</ele>
      </trkpt>
      <trkpt lat="52.4754" lon="13.12124">
        <ele>42.17</ele>
      </trkpt>
      <trkpt lat="52.47536" lon="13.12112">
        <ele>42.41</ele>
      </trkpt>
      <trkpt lat="52.47535" lon="13.12103">
        <ele>42.44</ele>
      </trkpt>
      <trkpt lat="52.47534" lon="13.12092">
        <ele>42.45</ele>
      </trkpt>
      <trkpt lat="52.47533" lon="13.12085">
        <ele>42.54</ele>
      </trkpt>
      <trkpt lat="52.47532" lon="13.1208">
        <ele>42.82</ele>
      </trkpt>
      <trkpt lat="52.47532" lon="13.12077">
        <ele>42.85</ele>
      </trkpt>
      <trkpt lat="52.47531" lon="13.12066">
        <ele>43.22</ele>
      </trkpt>
      <trkpt lat="52.47531" lon="13.12066">
        <ele>43.22</ele>
      </trkpt>
      <trkpt lat="52.47531" lon="13.12066">
        <ele>43.22</ele>
      </trkpt>
      <trkpt lat="52.47529" lon="13.12054">
        <ele>43.74</ele>
      </trkpt>
      <trkpt lat="52.47529" lon="13.1205">
        <ele>43.74</ele>
      </trkpt>
      <trkpt lat="52.47528" lon="13.12048">
        <ele>43.95</ele>
      </trkpt>
      <trkpt lat="52.47527" lon="13.12037">
        <ele>44.05</ele>
      </trkpt>
      <trkpt lat="52.47525" lon="13.12022">
        <ele>43.87</ele>
      </trkpt>
      <trkpt lat="52.4752" lon="13.11987">
        <ele>43.54</ele>
      </trkpt>
      <trkpt lat="52.47514" lon="13.11951">
        <ele>41.6</ele>
      </trkpt>
      <trkpt lat="52.47496" lon="13.11845">
        <ele>33.75</ele>
      </trkpt>
      <trkpt lat="52.47495" lon="13.1184">
        <ele>33.59</ele>
      </trkpt>
      <trkpt lat="52.47489" lon="13.11795">
        <ele>33.42</ele>
      </trkpt>
      <trkpt lat="52.47488" lon="13.1179">
        <ele>33.27</ele>
      </trkpt>
      <trkpt lat="52.47484" lon="13.11768">
        <ele>31.91</ele>
      </trkpt>
      <trkpt lat="52.47481" lon="13.11747">
        <ele>31.06</ele>
      </trkpt>
      <trkpt lat="52.4746" lon="13.11621">
        <ele>35.8</ele>
      </trkpt>
      <trkpt lat="52.47447" lon="13.11564">
        <ele>41.25</ele>
      </trkpt>
      <trkpt lat="52.47442" lon="13.11545">
        <ele>43.38</ele>
      </trkpt>
      <trkpt lat="52.47436" lon="13.11524">
        <ele>44.14</ele>
      </trkpt>
      <trkpt lat="52.47423" lon="13.11473">
        <ele>45.0</ele>
      </trkpt>
      <trkpt lat="52.4742" lon="13.11463">
        <ele>46.21</ele>
      </trkpt>
      <trkpt lat="52.47418" lon="13.11456">
        <ele>47.25</ele>
      </trkpt>
      <trkpt lat="52.47403" lon="13.11391">
        <ele>50.42</ele>
      </trkpt>
      <trkpt lat="52.4739" lon="13.11335">
        <ele>50.16</ele>
      </trkpt>
      <trkpt lat="52.47382" lon="13.11303">
        <ele>47.7</ele>
      </trkpt>
      <trkpt lat="52.47382" lon="13.11303">
        <ele>47.7</ele>
      </trkpt>
      <trkpt lat="52.47382" lon="13.11303">
        <ele>47.7</ele>
      </trkpt>
      <trkpt lat="52.47363" lon="13.11221">
        <ele>45.92</ele>
      </trkpt>
      <trkpt lat="52.47352" lon="13.11173">
        <ele>48.23</ele>
      </trkpt>
      <trkpt lat="52.47351" lon="13.1117">
        <ele>48.62</ele>
      </trkpt>
      <trkpt lat="52.47347" lon="13.11151">
        <ele>47.59</ele>
      </trkpt>
      <trkpt lat="52.47347" lon="13.11146">
        <ele>47.15</ele>
      </trkpt>
      <trkpt lat="52.47347" lon="13.11146">
        <ele>47.15</ele>
      </trkpt>
      <trkpt lat="52.47347" lon="13.11146">
        <ele>47.15</ele>
      </trkpt>
      <trkpt lat="52.47347" lon="13.11147">
        <ele>47.24</ele>
      </trkpt>
      <trkpt lat="52.47347" lon="13.11147">
        <ele>47.24</ele>
      </trkpt>
      <trkpt lat="52.47296" lon="13.11103">
        <ele>43.6</ele>
      </trkpt>
      <trkpt lat="52.47296" lon="13.11103">
        <ele>43.6</ele>
      </trkpt>
      <trkpt lat="52.47248" lon="13.1106">
        <ele>38.42</ele>
      </trkpt>
      <trkpt lat="52.47201" lon="13.11018">
        <ele>44.46</ele>
      </trkpt>
      <trkpt lat="52.47153" lon="13.10975">
        <ele>45.17</ele>
      </trkpt>
      <trkpt lat="52.47153" lon="13.10975">
        <ele>45.17</ele>
      </trkpt>
      <trkpt lat="52.47084" lon="13.10925">
        <ele>40.7</ele>
      </trkpt>
      <trkpt lat="52.47084" lon="13.10925">
        <ele>40.7</ele>
      </trkpt>
      <trkpt lat="52.47086" lon="13.10919">
        <ele>40.85</ele>
      </trkpt>
      <trkpt lat="52.47073" lon="13.10916">
        <ele>42.56</ele>
      </trkpt>
      <trkpt lat="52.47047" lon="13.10908">
        <ele>47.0</ele>
      </trkpt>
      <trkpt lat="52.47034" lon="13.10904">
        <ele>47.84</ele>
      </trkpt>
      <trkpt lat="52.47" lon="13.10896">
        <ele>42.23</ele>
      </trkpt>
      <trkpt lat="52.46979" lon="13.10889">
        <ele>40.72</ele>
      </trkpt>
      <trkpt lat="52.46959" lon="13.10882">
        <ele>38.56</ele>
      </trkpt>
      <trkpt lat="52.46933" lon="13.1087">
        <ele>36.74</ele>
      </trkpt>
      <trkpt lat="52.46911" lon="13.10862">
        <ele>37.66</ele>
      </trkpt>
      <trkpt lat="52.46904" lon="13.10859">
        <ele>39.28</ele>
      </trkpt>
      <trkpt lat="52.46896" lon="13.10856">
        <ele>41.08</ele>
      </trkpt>
      <trkpt lat="52.46896" lon="13.10856">
        <ele>41.08</ele>
      </trkpt>
      <trkpt lat="52.46896" lon="13.10856">
        <ele>41.08</ele>
      </trkpt>
      <trkpt lat="52.46868" lon="13.10844">
        <ele>44.81</ele>
      </trkpt>
      <trkpt lat="52.46785" lon="13.10786">
        <ele>36.76</ele>
      </trkpt>
      <trkpt lat="52.46765" lon="13.10775">
        <ele>40.09</ele>
      </trkpt>
      <trkpt lat="52.46677" lon="13.10733">
        <ele>42.63</ele>
      </trkpt>
      <trkpt lat="52.46667" lon="13.10728">
        <ele>45.09</ele>
      </trkpt>
      <trkpt lat="52.46656" lon="13.10723">
        <ele>47.1</ele>
      </trkpt>
      <trkpt lat="52.46656" lon="13.10723">
        <ele>47.1</ele>
      </trkpt>
      <trkpt lat="52.46656" lon="13.10723">
        <ele>47.1</ele>
      </trkpt>
      <trkpt lat="52.46649" lon="13.1072">
        <ele>47.76</ele>
      </trkpt>
      <trkpt lat="52.46645" lon="13.10718">
        <ele>47.98</ele>
      </trkpt>
      <trkpt lat="52.46622" lon="13.10708">
        <ele>45.36</ele>
      </trkpt>
      <trkpt lat="52.46608" lon="13.10702">
        <ele>43.86</ele>
      </trkpt>
      <trkpt lat="52.466" lon="13.10699">
        <ele>43.53</ele>
      </trkpt>
      <trkpt lat="52.46544" lon="13.10674">
        <ele>40.08</ele>
      </trkpt>
      <trkpt lat="52.46506" lon="13.10658">
        <ele>36.74</ele>
      </trkpt>
      <trkpt lat="52.46486" lon="13.10649">
        <ele>35.35</ele>
      </trkpt>
      <trkpt lat="52.46469" lon="13.10645">
        <ele>33.62</ele>
      </trkpt>
      <trkpt lat="52.46469" lon="13.10645">
        <ele>33.62</ele>
      </trkpt>
      <trkpt lat="52.46469" lon="13.10645">
        <ele>33.62</ele>
      </trkpt>
      <trkpt lat="52.46392" lon="13.10628">
        <ele>44.4</ele>
      </trkpt>
      <trkpt lat="52.46331" lon="13.10632">
        <ele>41.04</ele>
      </trkpt>
      <trkpt lat="52.46279" lon="13.10637">
        <ele>37.38</ele>
      </trkpt>
      <trkpt lat="52.46223" lon="13.10641">
        <ele>35.45</ele>
      </trkpt>
      <trkpt lat="52.46223" lon="13.10641">
        <ele>35.45</ele>
      </trkpt>
      <trkpt lat="52.46223" lon="13.10641">
        <ele>35.45</ele>
      </trkpt>
      <trkpt lat="52.46205" lon="13.10642">
        <ele>36.27</ele>
      </trkpt>
      <trkpt lat="52.46192" lon="13.10643">
        <ele>37.5</ele>
      </trkpt>
      <trkpt lat="52.46175" lon="13.10645">
        <ele>42.86</ele>
      </trkpt>
      <trkpt lat="52.46163" lon="13.10645">
        <ele>45.22</ele>
      </trkpt>
      <trkpt lat="52.46125" lon="13.10634">
        <ele>44.0</ele>
      </trkpt>
      <trkpt lat="52.46115" lon="13.1063">
        <ele>44.72</ele>
      </trkpt>
      <trkpt lat="52.46077" lon="13.10618">
        <ele>43.67</ele>
      </trkpt>
      <trkpt lat="52.46077" lon="13.10618">
        <ele>43.67</ele>
      </trkpt>
      <trkpt lat="52.46077" lon="13.10618">
        <ele>43.67</ele>
      </trkpt>
      <trkpt lat="52.46009" lon="13.10595">
        <ele>44.1</ele>
      </trkpt>
      <trkpt lat="52.45943" lon="13.10574">
        <ele>44.07</ele>
      </trkpt>
      <trkpt lat="52.45922" lon="13.10566">
        <ele>45.31</ele>
      </trkpt>
      <trkpt lat="52.45904" lon="13.10561">
        <ele>44.26</ele>
      </trkpt>
      <trkpt lat="52.45852" lon="13.10541">
        <ele>39.83</ele>
      </trkpt>
      <trkpt lat="52.45842" lon="13.10538">
        <ele>39.85</ele>
      </trkpt>
      <trkpt lat="52.45834" lon="13.10538">
        <ele>39.89</ele>
      </trkpt>
      <trkpt lat="52.45834" lon="13.10538">
        <ele>39.89</ele>
      </trkpt>
      <trkpt lat="52.45834" lon="13.10538">
        <ele>39.89</ele>
      </trkpt>
      <trkpt lat="52.45832" lon="13.10538">
        <ele>40.01</ele>
      </trkpt>
      <trkpt lat="52.45823" lon="13.10539">
        <ele>40.68</ele>
      </trkpt>
      <trkpt lat="52.45815" lon="13.10541">
        <ele>41.21</ele>
      </trkpt>
      <trkpt lat="52.45805" lon="13.10547">
        <ele>41.67</ele>
      </trkpt>
      <trkpt lat="52.45796" lon="13.10555">
        <ele>41.42</ele>
      </trkpt>
      <trkpt lat="52.4579" lon="13.10562">
        <ele>40.63</ele>
      </trkpt>
      <trkpt lat="52.45783" lon="13.10574">
        <ele>39.16</ele>
      </trkpt>
      <trkpt lat="52.4577" lon="13.10602">
        <ele>38.69</ele>
      </trkpt>
      <trkpt lat="52.45745" lon="13.10674">
        <ele>41.48</ele>
      </trkpt>
      <trkpt lat="52.45734" lon="13.107">
        <ele>42.76</ele>
      </trkpt>
      <trkpt lat="52.45734" lon="13.107">
        <ele>42.76</ele>
      </trkpt>
      <trkpt lat="52.45733" lon="13.10705">
        <ele>42.28</ele>
      </trkpt>
      <trkpt lat="52.4573" lon="13.1073">
        <ele>39.8</ele>
      </trkpt>
      <trkpt lat="52.45724" lon="13.10775">
        <ele>38.16</ele>
      </trkpt>
      <trkpt lat="52.45721" lon="13.10812">
        <ele>38.01</ele>
      </trkpt>
      <trkpt lat="52.45718" lon="13.10846">
        <ele>38.61</ele>
      </trkpt>
      <trkpt lat="52.4571" lon="13.10902">
        <ele>40.65</ele>
      </trkpt>
      <trkpt lat="52.45701" lon="13.10963">
        <ele>42.52</ele>
      </trkpt>
      <trkpt lat="52.45693" lon="13.11008">
        <ele>42.44</ele>
      </trkpt>
      <trkpt lat="52.45686" lon="13.11056">
        <ele>38.79</ele>
      </trkpt>
      <trkpt lat="52.45682" lon="13.11073">
        <ele>38.22</ele>
      </trkpt>
      <trkpt lat="52.45679" lon="13.11077">
        <ele>38.28</ele>
      </trkpt>
      <trkpt lat="52.45677" lon="13.1108">
        <ele>38.23</ele>
      </trkpt>
      <trkpt lat="52.45677" lon="13.1108">
        <ele>38.23</ele>
      </trkpt>
      <trkpt lat="52.45677" lon="13.11079">
        <ele>38.33</ele>
      </trkpt>
      <trkpt lat="52.45665" lon="13.11092">
        <ele>38.54</ele>
      </trkpt>
      <trkpt lat="52.45651" lon="13.1111">
        <ele>35.03</ele>
      </trkpt>
      <trkpt lat="52.45626" lon="13.11138">
        <ele>33.21</ele>
      </trkpt>
      <trkpt lat="52.4562" lon="13.11138">
        <ele>35.13</ele>
      </trkpt>
      <trkpt lat="52.45611" lon="13.11135">
        <ele>37.86</ele>
      </trkpt>
      <trkpt lat="52.45606" lon="13.11134">
        <ele>37.79</ele>
      </trkpt>
      <trkpt lat="52.45568" lon="13.11124">
        <ele>36.97</ele>
      </trkpt>
      <trkpt lat="52.45551" lon="13.11119">
        <ele>36.04</ele>
      </trkpt>
      <trkpt lat="52.45551" lon="13.11119">
        <ele>36.04</ele>
      </trkpt>
      <trkpt lat="52.45551" lon="13.11119">
        <ele>36.04</ele>
      </trkpt>
      <trkpt lat="52.45457" lon="13.11093">
        <ele>36.02</ele>
      </trkpt>
      <trkpt lat="52.45422" lon="13.11083">
        <ele>42.39</ele>
      </trkpt>
      <trkpt lat="52.45402" lon="13.11079">
        <ele>42.44</ele>
      </trkpt>
      <trkpt lat="52.45391" lon="13.11072">
        <ele>41.05</ele>
      </trkpt>
      <trkpt lat="52.45391" lon="13.11072">
        <ele>41.05</ele>
      </trkpt>
      <trkpt lat="52.45391" lon="13.11072">
        <ele>41.05</ele>
      </trkpt>
      <trkpt lat="52.45354" lon="13.11047">
        <ele>37.49</ele>
      </trkpt>
      <trkpt lat="52.45309" lon="13.11011">
        <ele>37.85</ele>
      </trkpt>
      <trkpt lat="52.45263" lon="13.10975">
        <ele>41.41</ele>
      </trkpt>
      <trkpt lat="52.45218" lon="13.10939">
        <ele>37.41</ele>
      </trkpt>
      <trkpt lat="52.45172" lon="13.10906">
        <ele>41.05</ele>
      </trkpt>
      <trkpt lat="52.45125" lon="13.10873">
        <ele>42.21</ele>
      </trkpt>
      <trkpt lat="52.45073" lon="13.10826">
        <ele>40.21</ele>
      </trkpt>
      <trkpt lat="52.45073" lon="13.10826">
        <ele>40.21</ele>
      </trkpt>
      <trkpt lat="52.45073" lon="13.10826">
        <ele>40.21</ele>
      </trkpt>
      <trkpt lat="52.45034" lon="13.10878">
        <ele>36.92</ele>
      </trkpt>
      <trkpt lat="52.44995" lon="13.10929">
        <ele>31.2</ele>
      </trkpt>
      <trkpt lat="52.44954" lon="13.1098">
        <ele>27.04</ele>
      </trkpt>
      <trkpt lat="52.44914" lon="13.11031">
        <ele>28.9</ele>
      </trkpt>
      <trkpt lat="52.44873" lon="13.11083">
        <ele>28.43</ele>
      </trkpt>
      <trkpt lat="52.44833" lon="13.11134">
        <ele>27.98</ele>
      </trkpt>
      <trkpt lat="52.44792" lon="13.11185">
        <ele>26.99</ele>
      </trkpt>
      <trkpt lat="52.44722" lon="13.11272">
        <ele>24.04</ele>
      </trkpt>
      <trkpt lat="52.44691" lon="13.11307">
        <ele>26.51</ele>
      </trkpt>
      <trkpt lat="52.44649" lon="13.11356">
        <ele>30.53</ele>
      </trkpt>
      <trkpt lat="52.44606" lon="13.11404">
        <ele>34.28</ele>
      </trkpt>
      <trkpt lat="52.44568" lon="13.11449">
        <ele>39.53</ele>
      </trkpt>
      <trkpt lat="52.44548" lon="13.11495">
        <ele>38.95</ele>
      </trkpt>
      <trkpt lat="52.4454" lon="13.11516">
        <ele>42.18</ele>
      </trkpt>
      <trkpt lat="52.44497" lon="13.11624">
        <ele>50.75</ele>
      </trkpt>
      <trkpt lat="52.44466" lon="13.11691">
        <ele>53.57</ele>
      </trkpt>
      <trkpt lat="52.44434" lon="13.11758">
        <ele>52.5</ele>
      </trkpt>
      <trkpt lat="52.44408" lon="13.11804">
        <ele>52.54</ele>
      </trkpt>
      <trkpt lat="52.44396" lon="13.11829">
        <ele>52.9</ele>
      </trkpt>
      <trkpt lat="52.44381" lon="13.11846">
        <ele>54.48</ele>
      </trkpt>
      <trkpt lat="52.44381" lon="13.11846">
        <ele>54.48</ele>
      </trkpt>
      <trkpt lat="52.44381" lon="13.11846">
        <ele>54.48</ele>
      </trkpt>
      <trkpt lat="52.4436" lon="13.11851">
        <ele>55.09</ele>
      </trkpt>
      <trkpt lat="52.44347" lon="13.11851">
        <ele>56.15</ele>
      </trkpt>
      <trkpt lat="52.44298" lon="13.11845">
        <ele>57.08</ele>
      </trkpt>
      <trkpt lat="52.44285" lon="13.11846">
        <ele>58.27</ele>
      </trkpt>
      <trkpt lat="52.44285" lon="13.11846">
        <ele>58.27</ele>
      </trkpt>
      <trkpt lat="52.44285" lon="13.11846">
        <ele>58.27</ele>
      </trkpt>
      <trkpt lat="52.44282" lon="13.11833">
        <ele>57.7</ele>
      </trkpt>
      <trkpt lat="52.44276" lon="13.118">
        <ele>58.26</ele>
      </trkpt>
      <trkpt lat="52.44265" lon="13.11747">
        <ele>59.12</ele>
      </trkpt>
      <trkpt lat="52.44218" lon="13.11588">
        <ele>62.66</ele>
      </trkpt>
      <trkpt lat="52.44218" lon="13.11588">
        <ele>62.66</ele>
      </trkpt>
      <trkpt lat="52.44218" lon="13.11588">
        <ele>62.66</ele>
      </trkpt>
      <trkpt lat="52.44207" lon="13.11551">
        <ele>66.81</ele>
      </trkpt>
      <trkpt lat="52.44198" lon="13.11532">
        <ele>69.09</ele>
      </trkpt>
      <trkpt lat="52.44187" lon="13.11521">
        <ele>70.95</ele>
      </trkpt>
      <trkpt lat="52.44152" lon="13.11491">
        <ele>79.42</ele>
      </trkpt>
      <trkpt lat="52.44103" lon="13.11452">
        <ele>79.82</ele>
      </trkpt>
      <trkpt lat="52.44075" lon="13.11434">
        <ele>71.3</ele>
      </trkpt>
      <trkpt lat="52.44075" lon="13.11434">
        <ele>71.3</ele>
      </trkpt>
      <trkpt lat="52.44075" lon="13.11434">
        <ele>71.3</ele>
      </trkpt>
      <trkpt lat="52.44042" lon="13.11423">
        <ele>64.72</ele>
      </trkpt>
      <trkpt lat="52.4402" lon="13.11418">
        <ele>63.14</ele>
      </trkpt>
      <trkpt lat="52.44001" lon="13.11403">
        <ele>59.16</ele>
      </trkpt>
      <trkpt lat="52.43967" lon="13.11311">
        <ele>51.7</ele>
      </trkpt>
      <trkpt lat="52.43933" lon="13.11218">
        <ele>50.14</ele>
      </trkpt>
      <trkpt lat="52.4391" lon="13.11154">
        <ele>46.45</ele>
      </trkpt>
      <trkpt lat="52.43886" lon="13.11091">
        <ele>47.94</ele>
      </trkpt>
      <trkpt lat="52.43863" lon="13.11027">
        <ele>49.14</ele>
      </trkpt>
      <trkpt lat="52.4383" lon="13.1097">
        <ele>46.65</ele>
      </trkpt>
      <trkpt lat="52.4383" lon="13.1097">
        <ele>46.65</ele>
      </trkpt>
      <trkpt lat="52.4383" lon="13.1097">
        <ele>46.65</ele>
      </trkpt>
      <trkpt lat="52.43784" lon="13.1089">
        <ele>52.15</ele>
      </trkpt>
      <trkpt lat="52.4374" lon="13.10827">
        <ele>53.09</ele>
      </trkpt>
      <trkpt lat="52.43705" lon="13.10775">
        <ele>53.85</ele>
      </trkpt>
      <trkpt lat="52.43669" lon="13.10722">
        <ele>47.87</ele>
      </trkpt>
      <trkpt lat="52.43634" lon="13.1067">
        <ele>50.58</ele>
      </trkpt>
      <trkpt lat="52.43598" lon="13.10617">
        <ele>49.57</ele>
      </trkpt>
      <trkpt lat="52.43563" lon="13.10565">
        <ele>46.66</ele>
      </trkpt>
      <trkpt lat="52.43516" lon="13.10496">
        <ele>47.61</ele>
      </trkpt>
      <trkpt lat="52.43516" lon="13.10496">
        <ele>47.61</ele>
      </trkpt>
      <trkpt lat="52.43516" lon="13.10496">
        <ele>47.61</ele>
      </trkpt>
      <trkpt lat="52.4344" lon="13.10382">
        <ele>48.81</ele>
      </trkpt>
      <trkpt lat="52.43434" lon="13.10374">
        <ele>47.15</ele>
      </trkpt>
      <trkpt lat="52.43433" lon="13.10373">
        <ele>46.86</ele>
      </trkpt>
      <trkpt lat="52.43433" lon="13.10372">
        <ele>46.9</ele>
      </trkpt>
      <trkpt lat="52.43427" lon="13.10363">
        <ele>45.28</ele>
      </trkpt>
      <trkpt lat="52.43418" lon="13.1035">
        <ele>42.79</ele>
      </trkpt>
      <trkpt lat="52.43412" lon="13.10341">
        <ele>42.01</ele>
      </trkpt>
      <trkpt lat="52.43389" lon="13.10307">
        <ele>40.91</ele>
      </trkpt>
      <trkpt lat="52.43386" lon="13.10303">
        <ele>40.91</ele>
      </trkpt>
      <trkpt lat="52.43328" lon="13.10217">
        <ele>43.91</ele>
      </trkpt>
      <trkpt lat="52.43319" lon="13.10204">
        <ele>45.66</ele>
      </trkpt>
      <trkpt lat="52.43303" lon="13.10183">
        <ele>45.1</ele>
      </trkpt>
      <trkpt lat="52.43297" lon="13.10176">
        <ele>43.73</ele>
      </trkpt>
      <trkpt lat="52.43279" lon="13.10154">
        <ele>40.74</ele>
      </trkpt>
      <trkpt lat="52.4326" lon="13.10133">
        <ele>29.75</ele>
      </trkpt>
      <trkpt lat="52.43238" lon="13.10108">
        <ele>29.78</ele>
      </trkpt>
      <trkpt lat="52.43238" lon="13.10108">
        <ele>29.78</ele>
      </trkpt>
      <trkpt lat="52.43238" lon="13.10108">
        <ele>29.78</ele>
      </trkpt>
      <trkpt lat="52.43127" lon="13.09981">
        <ele>36.02</ele>
      </trkpt>
      <trkpt lat="52.4311" lon="13.09966">
        <ele>34.22</ele>
      </trkpt>
      <trkpt lat="52.43089" lon="13.09961">
        <ele>31.72</ele>
      </trkpt>
      <trkpt lat="52.43068" lon="13.09958">
        <ele>30.17</ele>
      </trkpt>
      <trkpt lat="52.43068" lon="13.09958">
        <ele>30.17</ele>
      </trkpt>
      <trkpt lat="52.43068" lon="13.09958">
        <ele>30.17</ele>
      </trkpt>
      <trkpt lat="52.43063" lon="13.09957">
        <ele>29.91</ele>
      </trkpt>
      <trkpt lat="52.4301" lon="13.0995">
        <ele>30.37</ele>
      </trkpt>
      <trkpt lat="52.42996" lon="13.09948">
        <ele>31.25</ele>
      </trkpt>
      <trkpt lat="52.42985" lon="13.09946">
        <ele>31.69</ele>
      </trkpt>
      <trkpt lat="52.42961" lon="13.09943">
        <ele>32.26</ele>
      </trkpt>
      <trkpt lat="52.4295" lon="13.09941">
        <ele>32.62</ele>
      </trkpt>
      <trkpt lat="52.42936" lon="13.09938">
        <ele>33.53</ele>
      </trkpt>
      <trkpt lat="52.42915" lon="13.09929">
        <ele>36.34</ele>
      </trkpt>
      <trkpt lat="52.42908" lon="13.09917">
        <ele>39.23</ele>
      </trkpt>
      <trkpt lat="52.42904" lon="13.09902">
        <ele>41.43</ele>
      </trkpt>
      <trkpt lat="52.42904" lon="13.09902">
        <ele>41.43</ele>
      </trkpt>
      <trkpt lat="52.42904" lon="13.09902">
        <ele>41.43</ele>
      </trkpt>
      <trkpt lat="52.42888" lon="13.09831">
        <ele>50.0</ele>
      </trkpt>
      <trkpt lat="52.42872" lon="13.09759">
        <ele>47.97</ele>
      </trkpt>
      <trkpt lat="52.42854" lon="13.09651">
        <ele>40.7</ele>
      </trkpt>
      <trkpt lat="52.42854" lon="13.09545">
        <ele>37.39</ele>
      </trkpt>
      <trkpt lat="52.42853" lon="13.09438">
        <ele>34.65</ele>
      </trkpt>
      <trkpt lat="52.42854" lon="13.09391">
        <ele>33.37</ele>
      </trkpt>
      <trkpt lat="52.42854" lon="13.09391">
        <ele>33.37</ele>
      </trkpt>
      <trkpt lat="52.42854" lon="13.09391">
        <ele>33.37</ele>
      </trkpt>
      <trkpt lat="52.42847" lon="13.09394">
        <ele>33.88</ele>
      </trkpt>
      <trkpt lat="52.42829" lon="13.09413">
        <ele>36.37</ele>
      </trkpt>
      <trkpt lat="52.42809" lon="13.0943">
        <ele>36.87</ele>
      </trkpt>
      <trkpt lat="52.42799" lon="13.09438">
        <ele>38.47</ele>
      </trkpt>
      <trkpt lat="52.42791" lon="13.09443">
        <ele>39.4</ele>
      </trkpt>
      <trkpt lat="52.42787" lon="13.09445">
        <ele>39.68</ele>
      </trkpt>
      <trkpt lat="52.42787" lon="13.09445">
        <ele>39.68</ele>
      </trkpt>
      <trkpt lat="52.42787" lon="13.09444">
        <ele>39.64</ele>
      </trkpt>
      <trkpt lat="52.42776" lon="13.09449">
        <ele>40.13</ele>
      </trkpt>
      <trkpt lat="52.42772" lon="13.09451">
        <ele>40.42</ele>
      </trkpt>
      <trkpt lat="52.42768" lon="13.0945">
        <ele>40.7</ele>
      </trkpt>
      <trkpt lat="52.42763" lon="13.09457">
        <ele>41.06</ele>
      </trkpt>
      <trkpt lat="52.4275" lon="13.09458">
        <ele>42.0</ele>
      </trkpt>
      <trkpt lat="52.4275" lon="13.09458">
        <ele>42.0</ele>
      </trkpt>
      <trkpt lat="52.4275" lon="13.09458">
        <ele>42.0</ele>
      </trkpt>
      <trkpt lat="52.42751" lon="13.0936">
        <ele>35.89</ele>
      </trkpt>
      <trkpt lat="52.42751" lon="13.0936">
        <ele>35.89</ele>
      </trkpt>
      <trkpt lat="52.42751" lon="13.09317">
        <ele>37.07</ele>
      </trkpt>
      <trkpt lat="52.42751" lon="13.09293">
        <ele>38.41</ele>
      </trkpt>
      <trkpt lat="52.42749" lon="13.09281">
        <ele>39.02</ele>
      </trkpt>
      <trkpt lat="52.42747" lon="13.09273">
        <ele>39.93</ele>
      </trkpt>
      <trkpt lat="52.4274" lon="13.09254">
        <ele>42.7</ele>
      </trkpt>
      <trkpt lat="52.42736" lon="13.09241">
        <ele>43.34</ele>
      </trkpt>
      <trkpt lat="52.42733" lon="13.09229">
        <ele>43.03</ele>
      </trkpt>
      <trkpt lat="52.42733" lon="13.09218">
        <ele>42.78</ele>
      </trkpt>
      <trkpt lat="52.42734" lon="13.09192">
        <ele>42.93</ele>
      </trkpt>
      <trkpt lat="52.42734" lon="13.09171">
        <ele>43.59</ele>
      </trkpt>
      <trkpt lat="52.42729" lon="13.09143">
        <ele>42.36</ele>
      </trkpt>
      <trkpt lat="52.42717" lon="13.09096">
        <ele>38.99</ele>
      </trkpt>
      <trkpt lat="52.42703" lon="13.09064">
        <ele>36.49</ele>
      </trkpt>
      <trkpt lat="52.42685" lon="13.0903">
        <ele>40.38</ele>
      </trkpt>
      <trkpt lat="52.42685" lon="13.0903">
        <ele>40.38</ele>
      </trkpt>
      <trkpt lat="52.42685" lon="13.0903">
        <ele>40.38</ele>
      </trkpt>
      <trkpt lat="52.42682" lon="13.09023">
        <ele>41.95</ele>
      </trkpt>
      <trkpt lat="52.42663" lon="13.08987">
        <ele>47.39</ele>
      </trkpt>
      <trkpt lat="52.42655" lon="13.08959">
        <ele>48.64</ele>
      </trkpt>
      <trkpt lat="52.42651" lon="13.08924">
        <ele>47.72</ele>
      </trkpt>
      <trkpt lat="52.4265" lon="13.08917">
        <ele>47.22</ele>
      </trkpt>
      <trkpt lat="52.42648" lon="13.08878">
        <ele>45.21</ele>
      </trkpt>
      <trkpt lat="52.42644" lon="13.08846">
        <ele>41.04</ele>
      </trkpt>
      <trkpt lat="52.42642" lon="13.08809">
        <ele>38.14</ele>
      </trkpt>
      <trkpt lat="52.42642" lon="13.08809">
        <ele>38.14</ele>
      </trkpt>
      <trkpt lat="52.42642" lon="13.08809">
        <ele>38.14</ele>
      </trkpt>
      <trkpt lat="52.42642" lon="13.08809">
        <ele>38.14</ele>
      </trkpt>
      <trkpt lat="52.42644" lon="13.08781">
        <ele>38.18</ele>
      </trkpt>
      <trkpt lat="52.42645" lon="13.08748">
        <ele>38.91</ele>
      </trkpt>
      <trkpt lat="52.42645" lon="13.08746">
        <ele>38.94</ele>
      </trkpt>
      <trkpt lat="52.42647" lon="13.08709">
        <ele>41.24</ele>
      </trkpt>
      <trkpt lat="52.42638" lon="13.08664">
        <ele>44.47</ele>
      </trkpt>
      <trkpt lat="52.42637" lon="13.08662">
        <ele>43.95</ele>
      </trkpt>
      <trkpt lat="52.42625" lon="13.08641">
        <ele>39.04</ele>
      </trkpt>
      <trkpt lat="52.42623" lon="13.08616">
        <ele>37.83</ele>
      </trkpt>
      <trkpt lat="52.42617" lon="13.086">
        <ele>31.7</ele>
      </trkpt>
      <trkpt lat="52.42605" lon="13.08514">
        <ele>22.0</ele>
      </trkpt>
      <trkpt lat="52.42573" lon="13.0837">
        <ele>34.56</ele>
      </trkpt>
      <trkpt lat="52.42566" lon="13.08349">
        <ele>29.85</ele>
      </trkpt>
      <trkpt lat="52.42552" lon="13.08304">
        <ele>22.0</ele>
      </trkpt>
      <trkpt lat="52.42547" lon="13.08293">
        <ele>22.0</ele>
      </trkpt>
      <trkpt lat="52.42547" lon="13.08293">
        <ele>22.0</ele>
      </trkpt>
      <trkpt lat="52.42547" lon="13.08293">
        <ele>22.0</ele>
      </trkpt>
      <trkpt lat="52.42512" lon="13.08219">
        <ele>32.22</ele>
      </trkpt>
      <trkpt lat="52.42422" lon="13.08082">
        <ele>39.51</ele>
      </trkpt>
      <trkpt lat="52.42403" lon="13.08039">
        <ele>29.52</ele>
      </trkpt>
      <trkpt lat="52.42403" lon="13.08003">
        <ele>27.75</ele>
      </trkpt>
      <trkpt lat="52.42412" lon="13.07965">
        <ele>27.57</ele>
      </trkpt>
      <trkpt lat="52.42457" lon="13.07847">
        <ele>27.33</ele>
      </trkpt>
      <trkpt lat="52.42464" lon="13.07831">
        <ele>28.4</ele>
      </trkpt>
      <trkpt lat="52.42504" lon="13.07716">
        <ele>31.98</ele>
      </trkpt>
      <trkpt lat="52.42522" lon="13.0766">
        <ele>32.01</ele>
      </trkpt>
      <trkpt lat="52.42522" lon="13.0766">
        <ele>32.01</ele>
      </trkpt>
      <trkpt lat="52.42522" lon="13.0766">
        <ele>32.01</ele>
      </trkpt>
      <trkpt lat="52.42534" lon="13.07625">
        <ele>24.02</ele>
      </trkpt>
      <trkpt lat="52.42567" lon="13.07541">
        <ele>30.26</ele>
      </trkpt>
      <trkpt lat="52.42599" lon="13.07479">
        <ele>26.02</ele>
      </trkpt>
      <trkpt lat="52.4264" lon="13.07426">
        <ele>16.54</ele>
      </trkpt>
      <trkpt lat="52.42704" lon="13.07351">
        <ele>18.47</ele>
      </trkpt>
      <trkpt lat="52.42712" lon="13.07342">
        <ele>18.94</ele>
      </trkpt>
      <trkpt lat="52.42731" lon="13.0732">
        <ele>21.29</ele>
      </trkpt>
      <trkpt lat="52.42771" lon="13.073">
        <ele>22.85</ele>
      </trkpt>
      <trkpt lat="52.42779" lon="13.07297">
        <ele>22.82</ele>
      </trkpt>
      <trkpt lat="52.42779" lon="13.07297">
        <ele>22.82</ele>
      </trkpt>
      <trkpt lat="52.42779" lon="13.07297">
        <ele>22.82</ele>
      </trkpt>
      <trkpt lat="52.42807" lon="13.07283">
        <ele>26.8</ele>
      </trkpt>
      <trkpt lat="52.42842" lon="13.07249">
        <ele>31.78</ele>
      </trkpt>
      <trkpt lat="52.42868" lon="13.07237">
        <ele>30.88</ele>
      </trkpt>
      <trkpt lat="52.42875" lon="13.07234">
        <ele>29.77</ele>
      </trkpt>
      <trkpt lat="52.42907" lon="13.07219">
        <ele>28.77</ele>
      </trkpt>
      <trkpt lat="52.42942" lon="13.07214">
        <ele>26.3</ele>
      </trkpt>
      <trkpt lat="52.4295" lon="13.07213">
        <ele>26.47</ele>
      </trkpt>
      <trkpt lat="52.42966" lon="13.07216">
        <ele>28.31</ele>
      </trkpt>
      <trkpt lat="52.42966" lon="13.07216">
        <ele>28.31</ele>
      </trkpt>
      <trkpt lat="52.42966" lon="13.07216">
        <ele>28.31</ele>
      </trkpt>
      <trkpt lat="52.42978" lon="13.07218">
        <ele>29.86</ele>
      </trkpt>
      <trkpt lat="52.43031" lon="13.07236">
        <ele>37.11</ele>
      </trkpt>
      <trkpt lat="52.43062" lon="13.0725">
        <ele>41.93</ele>
      </trkpt>
      <trkpt lat="52.43076" lon="13.07211">
        <ele>33.94</ele>
      </trkpt>
      <trkpt lat="52.43093" lon="13.07173">
        <ele>27.82</ele>
      </trkpt>
      <trkpt lat="52.43112" lon="13.07137">
        <ele>28.04</ele>
      </trkpt>
      <trkpt lat="52.43126" lon="13.07121">
        <ele>31.21</ele>
      </trkpt>
      <trkpt lat="52.43126" lon="13.07121">
        <ele>31.21</ele>
      </trkpt>
      <trkpt lat="52.43126" lon="13.0712">
        <ele>31.03</ele>
      </trkpt>
      <trkpt lat="52.43131" lon="13.07114">
        <ele>32.11</ele>
      </trkpt>
      <trkpt lat="52.43146" lon="13.071">
        <ele>35.86</ele>
      </trkpt>
      <trkpt lat="52.43157" lon="13.07087">
        <ele>37.48</ele>
      </trkpt>
      <trkpt lat="52.43178" lon="13.07063">
        <ele>37.86</ele>
      </trkpt>
      <trkpt lat="52.43234" lon="13.07004">
        <ele>38.21</ele>
      </trkpt>
      <trkpt lat="52.43264" lon="13.06967">
        <ele>34.38</ele>
      </trkpt>
      <trkpt lat="52.43292" lon="13.06931">
        <ele>35.23</ele>
      </trkpt>
      <trkpt lat="52.43328" lon="13.0689">
        <ele>36.9</ele>
      </trkpt>
      <trkpt lat="52.43354" lon="13.06861">
        <ele>34.18</ele>
      </trkpt>
      <trkpt lat="52.43365" lon="13.06857">
        <ele>35.35</ele>
      </trkpt>
      <trkpt lat="52.43391" lon="13.06825">
        <ele>31.24</ele>
      </trkpt>
      <trkpt lat="52.43409" lon="13.06805">
        <ele>35.38</ele>
      </trkpt>
      <trkpt lat="52.43409" lon="13.06805">
        <ele>35.38</ele>
      </trkpt>
      <trkpt lat="52.43409" lon="13.06805">
        <ele>35.38</ele>
      </trkpt>
      <trkpt lat="52.43431" lon="13.06781">
        <ele>36.73</ele>
      </trkpt>
      <trkpt lat="52.43456" lon="13.06711">
        <ele>35.3</ele>
      </trkpt>
      <trkpt lat="52.43484" lon="13.06651">
        <ele>38.33</ele>
      </trkpt>
      <trkpt lat="52.43511" lon="13.06591">
        <ele>37.35</ele>
      </trkpt>
      <trkpt lat="52.43539" lon="13.06531">
        <ele>35.26</ele>
      </trkpt>
      <trkpt lat="52.43539" lon="13.06531">
        <ele>35.26</ele>
      </trkpt>
      <trkpt lat="52.43539" lon="13.06531">
        <ele>35.26</ele>
      </trkpt>
      <trkpt lat="52.43549" lon="13.06509">
        <ele>34.58</ele>
      </trkpt>
      <trkpt lat="52.43579" lon="13.06457">
        <ele>39.55</ele>
      </trkpt>
      <trkpt lat="52.43635" lon="13.06383">
        <ele>40.26</ele>
      </trkpt>
      <trkpt lat="52.43638" lon="13.0638">
        <ele>40.9</ele>
      </trkpt>
      <trkpt lat="52.43638" lon="13.0638">
        <ele>40.9</ele>
      </trkpt>
      <trkpt lat="52.43638" lon="13.0638">
        <ele>40.9</ele>
      </trkpt>
      <trkpt lat="52.43698" lon="13.06321">
        <ele>44.14</ele>
      </trkpt>
      <trkpt lat="52.43717" lon="13.06299">
        <ele>45.73</ele>
      </trkpt>
      <trkpt lat="52.43726" lon="13.06285">
        <ele>45.69</ele>
      </trkpt>
      <trkpt lat="52.43772" lon="13.06265">
        <ele>45.24</ele>
      </trkpt>
      <trkpt lat="52.43798" lon="13.06247">
        <ele>45.94</ele>
      </trkpt>
      <trkpt lat="52.43828" lon="13.06224">
        <ele>45.08</ele>
      </trkpt>
      <trkpt lat="52.43828" lon="13.06224">
        <ele>45.08</ele>
      </trkpt>
      <trkpt lat="52.43828" lon="13.06223">
        <ele>45.03</ele>
      </trkpt>
      <trkpt lat="52.43896" lon="13.06129">
        <ele>52.74</ele>
      </trkpt>
      <trkpt lat="52.43921" lon="13.061">
        <ele>50.41</ele>
      </trkpt>
      <trkpt lat="52.43933" lon="13.06089">
        <ele>49.32</ele>
      </trkpt>
      <trkpt lat="52.43959" lon="13.06083">
        <ele>47.36</ele>
      </trkpt>
      <trkpt lat="52.43983" lon="13.06089">
        <ele>45.6</ele>
      </trkpt>
      <trkpt lat="52.44011" lon="13.06119">
        <ele>45.08</ele>
      </trkpt>
      <trkpt lat="52.44029" lon="13.06172">
        <ele>49.3</ele>
      </trkpt>
      <trkpt lat="52.4404" lon="13.06224">
        <ele>53.98</ele>
      </trkpt>
      <trkpt lat="52.44051" lon="13.06268">
        <ele>57.79</ele>
      </trkpt>
      <trkpt lat="52.44065" lon="13.06305">
        <ele>58.97</ele>
      </trkpt>
      <trkpt lat="52.44072" lon="13.06318">
        <ele>57.59</ele>
      </trkpt>
      <trkpt lat="52.44072" lon="13.06318">
        <ele>57.59</ele>
      </trkpt>
      <trkpt lat="52.44072" lon="13.06318">
        <ele>57.59</ele>
      </trkpt>
      <trkpt lat="52.4408" lon="13.06331">
        <ele>56.33</ele>
      </trkpt>
      <trkpt lat="52.44146" lon="13.06443">
        <ele>54.31</ele>
      </trkpt>
      <trkpt lat="52.44171" lon="13.0646">
        <ele>53.64</ele>
      </trkpt>
      <trkpt lat="52.44189" lon="13.06476">
        <ele>49.15</ele>
      </trkpt>
      <trkpt lat="52.44204" lon="13.06492">
        <ele>44.88</ele>
      </trkpt>
      <trkpt lat="52.44222" lon="13.06587">
        <ele>48.31</ele>
      </trkpt>
      <trkpt lat="52.44253" lon="13.06671">
        <ele>50.64</ele>
      </trkpt>
      <trkpt lat="52.44264" lon="13.06686">
        <ele>48.9</ele>
      </trkpt>
      <trkpt lat="52.44264" lon="13.06686">
        <ele>48.9</ele>
      </trkpt>
      <trkpt lat="52.44264" lon="13.06686">
        <ele>48.9</ele>
      </trkpt>
      <trkpt lat="52.44288" lon="13.06719">
        <ele>46.61</ele>
      </trkpt>
      <trkpt lat="52.44316" lon="13.06744">
        <ele>48.98</ele>
      </trkpt>
      <trkpt lat="52.44371" lon="13.06796">
        <ele>51.91</ele>
      </trkpt>
      <trkpt lat="52.44394" lon="13.06815">
        <ele>52.81</ele>
      </trkpt>
      <trkpt lat="52.44441" lon="13.06844">
        <ele>49.88</ele>
      </trkpt>
      <trkpt lat="52.44471" lon="13.06864">
        <ele>45.31</ele>
      </trkpt>
      <trkpt lat="52.44524" lon="13.06889">
        <ele>35.99</ele>
      </trkpt>
      <trkpt lat="52.44591" lon="13.06898">
        <ele>27.25</ele>
      </trkpt>
      <trkpt lat="52.44601" lon="13.06897">
        <ele>27.67</ele>
      </trkpt>
      <trkpt lat="52.44601" lon="13.06897">
        <ele>27.67</ele>
      </trkpt>
      <trkpt lat="52.44601" lon="13.06897">
        <ele>27.67</ele>
      </trkpt>
      <trkpt lat="52.44624" lon="13.06897">
        <ele>26.51</ele>
      </trkpt>
      <trkpt lat="52.44655" lon="13.0689">
        <ele>17.57</ele>
      </trkpt>
      <trkpt lat="52.44664" lon="13.0689">
        <ele>15.4</ele>
      </trkpt>
      <trkpt lat="52.44682" lon="13.06884">
        <ele>19.2</ele>
      </trkpt>
      <trkpt lat="52.44716" lon="13.06871">
        <ele>24.91</ele>
      </trkpt>
      <trkpt lat="52.44722" lon="13.06869">
        <ele>25.36</ele>
      </trkpt>
      <trkpt lat="52.44743" lon="13.06857">
        <ele>20.85</ele>
      </trkpt>
      <trkpt lat="52.44775" lon="13.0684">
        <ele>14.98</ele>
      </trkpt>
      <trkpt lat="52.44796" lon="13.06828">
        <ele>14.72</ele>
      </trkpt>
      <trkpt lat="52.44862" lon="13.06761">
        <ele>20.15</ele>
      </trkpt>
      <trkpt lat="52.44918" lon="13.06691">
        <ele>21.49</ele>
      </trkpt>
      <trkpt lat="52.44934" lon="13.06676">
        <ele>20.69</ele>
      </trkpt>
      <trkpt lat="52.44934" lon="13.06676">
        <ele>20.69</ele>
      </trkpt>
      <trkpt lat="52.44934" lon="13.06676">
        <ele>20.69</ele>
      </trkpt>
      <trkpt lat="52.44946" lon="13.06664">
        <ele>19.62</ele>
      </trkpt>
      <trkpt lat="52.44948" lon="13.06662">
        <ele>20.45</ele>
      </trkpt>
      <trkpt lat="52.44997" lon="13.06575">
        <ele>29.6</ele>
      </trkpt>
      <trkpt lat="52.45022" lon="13.06535">
        <ele>39.66</ele>
      </trkpt>
      <trkpt lat="52.45031" lon="13.06525">
        <ele>43.38</ele>
      </trkpt>
      <trkpt lat="52.45051" lon="13.06506">
        <ele>51.98</ele>
      </trkpt>
      <trkpt lat="52.45104" lon="13.06469">
        <ele>62.73</ele>
      </trkpt>
      <trkpt lat="52.45144" lon="13.06448">
        <ele>64.06</ele>
      </trkpt>
      <trkpt lat="52.452" lon="13.06421">
        <ele>73.13</ele>
      </trkpt>
      <trkpt lat="52.45228" lon="13.06397">
        <ele>73.03</ele>
      </trkpt>
      <trkpt lat="52.45241" lon="13.06381">
        <ele>70.35</ele>
      </trkpt>
      <trkpt lat="52.45273" lon="13.06338">
        <ele>63.97</ele>
      </trkpt>
      <trkpt lat="52.45285" lon="13.06325">
        <ele>62.99</ele>
      </trkpt>
      <trkpt lat="52.45297" lon="13.06315">
        <ele>61.31</ele>
      </trkpt>
      <trkpt lat="52.45308" lon="13.0631">
        <ele>59.38</ele>
      </trkpt>
      <trkpt lat="52.45319" lon="13.06308">
        <ele>59.57</ele>
      </trkpt>
      <trkpt lat="52.45359" lon="13.06305">
        <ele>56.3</ele>
      </trkpt>
      <trkpt lat="52.45389" lon="13.06307">
        <ele>59.76</ele>
      </trkpt>
      <trkpt lat="52.45413" lon="13.06311">
        <ele>52.08</ele>
      </trkpt>
      <trkpt lat="52.4543" lon="13.06313">
        <ele>48.15</ele>
      </trkpt>
      <trkpt lat="52.4543" lon="13.06313">
        <ele>48.15</ele>
      </trkpt>
      <trkpt lat="52.4543" lon="13.06313">
        <ele>48.15</ele>
      </trkpt>
      <trkpt lat="52.45441" lon="13.06315">
        <ele>46.06</ele>
      </trkpt>
      <trkpt lat="52.45452" lon="13.06311">
        <ele>45.87</ele>
      </trkpt>
      <trkpt lat="52.45461" lon="13.06304">
        <ele>46.21</ele>
      </trkpt>
      <trkpt lat="52.45468" lon="13.06295">
        <ele>45.99</ele>
      </trkpt>
      <trkpt lat="52.45474" lon="13.06283">
        <ele>45.11</ele>
      </trkpt>
      <trkpt lat="52.45474" lon="13.06283">
        <ele>45.11</ele>
      </trkpt>
      <trkpt lat="52.45477" lon="13.06273">
        <ele>44.34</ele>
      </trkpt>
      <trkpt lat="52.45498" lon="13.06184">
        <ele>37.53</ele>
      </trkpt>
      <trkpt lat="52.45522" lon="13.06112">
        <ele>39.97</ele>
      </trkpt>
      <trkpt lat="52.45522" lon="13.0611">
        <ele>39.88</ele>
      </trkpt>
      <trkpt lat="52.45524" lon="13.06106">
        <ele>39.45</ele>
      </trkpt>
      <trkpt lat="52.45532" lon="13.06081">
        <ele>37.03</ele>
      </trkpt>
      <trkpt lat="52.45546" lon="13.0606">
        <ele>35.64</ele>
      </trkpt>
      <trkpt lat="52.45549" lon="13.06055">
        <ele>34.94</ele>
      </trkpt>
      <trkpt lat="52.45558" lon="13.06046">
        <ele>34.34</ele>
      </trkpt>
      <trkpt lat="52.45567" lon="13.0604">
        <ele>34.0</ele>
      </trkpt>
      <trkpt lat="52.45631" lon="13.05988">
        <ele>32.26</ele>
      </trkpt>
      <trkpt lat="52.4567" lon="13.05956">
        <ele>33.55</ele>
      </trkpt>
      <trkpt lat="52.45687" lon="13.05951">
        <ele>36.86</ele>
      </trkpt>
      <trkpt lat="52.45705" lon="13.05952">
        <ele>38.82</ele>
      </trkpt>
      <trkpt lat="52.45717" lon="13.05956">
        <ele>39.31</ele>
      </trkpt>
      <trkpt lat="52.45738" lon="13.05948">
        <ele>40.19</ele>
      </trkpt>
      <trkpt lat="52.4575" lon="13.05944">
        <ele>41.0</ele>
      </trkpt>
      <trkpt lat="52.45753" lon="13.05932">
        <ele>41.28</ele>
      </trkpt>
      <trkpt lat="52.45777" lon="13.0589">
        <ele>42.89</ele>
      </trkpt>
      <trkpt lat="52.4579" lon="13.05858">
        <ele>42.68</ele>
      </trkpt>
      <trkpt lat="52.45816" lon="13.05732">
        <ele>36.96</ele>
      </trkpt>
      <trkpt lat="52.45823" lon="13.05699">
        <ele>36.57</ele>
      </trkpt>
      <trkpt lat="52.45832" lon="13.05656">
        <ele>38.76</ele>
      </trkpt>
      <trkpt lat="52.45833" lon="13.05654">
        <ele>38.94</ele>
      </trkpt>
      <trkpt lat="52.45833" lon="13.05651">
        <ele>38.94</ele>
      </trkpt>
      <trkpt lat="52.45834" lon="13.05649">
        <ele>39.07</ele>
      </trkpt>
      <trkpt lat="52.45841" lon="13.05622">
        <ele>39.93</ele>
      </trkpt>
      <trkpt lat="52.45849" lon="13.0559">
        <ele>37.79</ele>
      </trkpt>
      <trkpt lat="52.4585" lon="13.05587">
        <ele>37.46</ele>
      </trkpt>
      <trkpt lat="52.45856" lon="13.05565">
        <ele>35.28</ele>
      </trkpt>
      <trkpt lat="52.4588" lon="13.05496">
        <ele>29.86</ele>
      </trkpt>
      <trkpt lat="52.45889" lon="13.05478">
        <ele>29.22</ele>
      </trkpt>
      <trkpt lat="52.45896" lon="13.05467">
        <ele>29.63</ele>
      </trkpt>
      <trkpt lat="52.45907" lon="13.0545">
        <ele>30.68</ele>
      </trkpt>
      <trkpt lat="52.45914" lon="13.05443">
        <ele>31.61</ele>
      </trkpt>
      <trkpt lat="52.45923" lon="13.05436">
        <ele>32.3</ele>
      </trkpt>
      <trkpt lat="52.45926" lon="13.05435">
        <ele>32.45</ele>
      </trkpt>
      <trkpt lat="52.45926" lon="13.05435">
        <ele>32.45</ele>
      </trkpt>
      <trkpt lat="52.45926" lon="13.05435">
        <ele>32.45</ele>
      </trkpt>
      <trkpt lat="52.45957" lon="13.05423">
        <ele>34.82</ele>
      </trkpt>
      <trkpt lat="52.45965" lon="13.05415">
        <ele>36.26</ele>
      </trkpt>
      <trkpt lat="52.45917" lon="13.05257">
        <ele>44.22</ele>
      </trkpt>
      <trkpt lat="52.45906" lon="13.05221">
        <ele>42.7</ele>
      </trkpt>
      <trkpt lat="52.45894" lon="13.05197">
        <ele>40.1</ele>
      </trkpt>
      <trkpt lat="52.45888" lon="13.05184">
        <ele>39.11</ele>
      </trkpt>
      <trkpt lat="52.45875" lon="13.05145">
        <ele>36.11</ele>
      </trkpt>
      <trkpt lat="52.45861" lon="13.05078">
        <ele>32.34</ele>
      </trkpt>
      <trkpt lat="52.4585" lon="13.05054">
        <ele>29.2</ele>
      </trkpt>
      <trkpt lat="52.45848" lon="13.05047">
        <ele>28.34</ele>
      </trkpt>
      <trkpt lat="52.45823" lon="13.04974">
        <ele>32.91</ele>
      </trkpt>
      <trkpt lat="52.45797" lon="13.04928">
        <ele>33.89</ele>
      </trkpt>
      <trkpt lat="52.45757" lon="13.04884">
        <ele>37.39</ele>
      </trkpt>
      <trkpt lat="52.4567" lon="13.04794">
        <ele>33.07</ele>
      </trkpt>
      <trkpt lat="52.45646" lon="13.04779">
        <ele>35.12</ele>
      </trkpt>
      <trkpt lat="52.45646" lon="13.04779">
        <ele>35.12</ele>
      </trkpt>
      <trkpt lat="52.45646" lon="13.04779">
        <ele>35.12</ele>
      </trkpt>
      <trkpt lat="52.45592" lon="13.0476">
        <ele>33.02</ele>
      </trkpt>
      <trkpt lat="52.45528" lon="13.04743">
        <ele>30.49</ele>
      </trkpt>
      <trkpt lat="52.45494" lon="13.04731">
        <ele>31.54</ele>
      </trkpt>
      <trkpt lat="52.4543" lon="13.04711">
        <ele>36.94</ele>
      </trkpt>
      <trkpt lat="52.45369" lon="13.04695">
        <ele>33.99</ele>
      </trkpt>
      <trkpt lat="52.45368" lon="13.04701">
        <ele>33.88</ele>
      </trkpt>
      <trkpt lat="52.45368" lon="13.04703">
        <ele>33.85</ele>
      </trkpt>
      <trkpt lat="52.45326" lon="13.04693">
        <ele>36.36</ele>
      </trkpt>
      <trkpt lat="52.45326" lon="13.04693">
        <ele>36.36</ele>
      </trkpt>
      <trkpt lat="52.45326" lon="13.04693">
        <ele>36.36</ele>
      </trkpt>
      <trkpt lat="52.45368" lon="13.04703">
        <ele>33.85</ele>
      </trkpt>
      <trkpt lat="52.45368" lon="13.04701">
        <ele>33.88</ele>
      </trkpt>
      <trkpt lat="52.45369" lon="13.04695">
        <ele>33.99</ele>
      </trkpt>
      <trkpt lat="52.453" lon="13.04682">
        <ele>34.86</ele>
      </trkpt>
      <trkpt lat="52.45248" lon="13.04674">
        <ele>30.66</ele>
      </trkpt>
      <trkpt lat="52.45196" lon="13.04667">
        <ele>33.19</ele>
      </trkpt>
      <trkpt lat="52.45143" lon="13.04659">
        <ele>35.66</ele>
      </trkpt>
      <trkpt lat="52.45091" lon="13.04651">
        <ele>44.07</ele>
      </trkpt>
      <trkpt lat="52.45062" lon="13.04647">
        <ele>45.19</ele>
      </trkpt>
      <trkpt lat="52.45062" lon="13.04647">
        <ele>45.19</ele>
      </trkpt>
      <trkpt lat="52.45062" lon="13.04647">
        <ele>45.19</ele>
      </trkpt>
      <trkpt lat="52.45036" lon="13.04643">
        <ele>42.42</ele>
      </trkpt>
      <trkpt lat="52.45035" lon="13.04653">
        <ele>43.57</ele>
      </trkpt>
      <trkpt lat="52.45033" lon="13.0466">
        <ele>44.13</ele>
      </trkpt>
      <trkpt lat="52.45031" lon="13.04663">
        <ele>44.15</ele>
      </trkpt>
      <trkpt lat="52.45031" lon="13.04663">
        <ele>44.15</ele>
      </trkpt>
      <trkpt lat="52.45031" lon="13.04663">
        <ele>44.15</ele>
      </trkpt>
      <trkpt lat="52.45028" lon="13.04667">
        <ele>44.03</ele>
      </trkpt>
      <trkpt lat="52.45025" lon="13.0467">
        <ele>43.66</ele>
      </trkpt>
      <trkpt lat="52.45021" lon="13.04672">
        <ele>43.23</ele>
      </trkpt>
      <trkpt lat="52.45014" lon="13.04671">
        <ele>42.7</ele>
      </trkpt>
      <trkpt lat="52.45004" lon="13.04667">
        <ele>42.26</ele>
      </trkpt>
      <trkpt lat="52.44996" lon="13.04665">
        <ele>41.75</ele>
      </trkpt>
      <trkpt lat="52.44979" lon="13.0466">
        <ele>40.45</ele>
      </trkpt>
      <trkpt lat="52.44968" lon="13.0466">
        <ele>39.57</ele>
      </trkpt>
      <trkpt lat="52.44953" lon="13.04663">
        <ele>38.7</ele>
      </trkpt>
      <trkpt lat="52.4493" lon="13.04668">
        <ele>36.89</ele>
      </trkpt>
      <trkpt lat="52.44902" lon="13.04672">
        <ele>34.65</ele>
      </trkpt>
      <trkpt lat="52.44902" lon="13.04672">
        <ele>34.65</ele>
      </trkpt>
      <trkpt lat="52.44902" lon="13.04672">
        <ele>34.65</ele>
      </trkpt>
      <trkpt lat="52.44877" lon="13.04676">
        <ele>32.48</ele>
      </trkpt>
      <trkpt lat="52.44858" lon="13.0468">
        <ele>31.71</ele>
      </trkpt>
      <trkpt lat="52.44832" lon="13.04684">
        <ele>33.21</ele>
      </trkpt>
      <trkpt lat="52.44786" lon="13.04682">
        <ele>34.76</ele>
      </trkpt>
      <trkpt lat="52.44774" lon="13.0468">
        <ele>34.75</ele>
      </trkpt>
      <trkpt lat="52.44774" lon="13.0468">
        <ele>34.75</ele>
      </trkpt>
      <trkpt lat="52.44774" lon="13.0468">
        <ele>34.75</ele>
      </trkpt>
      <trkpt lat="52.44759" lon="13.04678">
        <ele>35.76</ele>
      </trkpt>
      <trkpt lat="52.44754" lon="13.04677">
        <ele>36.08</ele>
      </trkpt>
      <trkpt lat="52.44671" lon="13.04673">
        <ele>48.75</ele>
      </trkpt>
      <trkpt lat="52.44647" lon="13.04666">
        <ele>51.22</ele>
      </trkpt>
      <trkpt lat="52.44596" lon="13.04672">
        <ele>50.15</ele>
      </trkpt>
      <trkpt lat="52.44582" lon="13.04666">
        <ele>46.05</ele>
      </trkpt>
      <trkpt lat="52.44552" lon="13.04658">
        <ele>48.36</ele>
      </trkpt>
      <trkpt lat="52.44539" lon="13.04657">
        <ele>49.36</ele>
      </trkpt>
      <trkpt lat="52.44526" lon="13.04662">
        <ele>50.72</ele>
      </trkpt>
      <trkpt lat="52.44504" lon="13.04676">
        <ele>53.54</ele>
      </trkpt>
      <trkpt lat="52.44504" lon="13.04676">
        <ele>53.54</ele>
      </trkpt>
      <trkpt lat="52.44504" lon="13.04676">
        <ele>53.54</ele>
      </trkpt>
      <trkpt lat="52.44484" lon="13.04689">
        <ele>53.94</ele>
      </trkpt>
      <trkpt lat="52.44474" lon="13.04712">
        <ele>55.82</ele>
      </trkpt>
      <trkpt lat="52.4445" lon="13.04722">
        <ele>54.57</ele>
      </trkpt>
      <trkpt lat="52.4441" lon="13.0476">
        <ele>49.66</ele>
      </trkpt>
      <trkpt lat="52.444" lon="13.04755">
        <ele>47.26</ele>
      </trkpt>
      <trkpt lat="52.44338" lon="13.04712">
        <ele>37.41</ele>
      </trkpt>
      <trkpt lat="52.44333" lon="13.04708">
        <ele>36.96</ele>
      </trkpt>
      <trkpt lat="52.44333" lon="13.04708">
        <ele>36.96</ele>
      </trkpt>
      <trkpt lat="52.44331" lon="13.04707">
        <ele>36.79</ele>
      </trkpt>
      <trkpt lat="52.44323" lon="13.04713">
        <ele>36.59</ele>
      </trkpt>
      <trkpt lat="52.44284" lon="13.04742">
        <ele>32.57</ele>
      </trkpt>
      <trkpt lat="52.44174" lon="13.04819">
        <ele>31.14</ele>
      </trkpt>
      <trkpt lat="52.44173" lon="13.0482">
        <ele>31.11</ele>
      </trkpt>
      <trkpt lat="52.44156" lon="13.04832">
        <ele>30.62</ele>
      </trkpt>
      <trkpt lat="52.44114" lon="13.04862">
        <ele>26.08</ele>
      </trkpt>
      <trkpt lat="52.44112" lon="13.04864">
        <ele>25.93</ele>
      </trkpt>
      <trkpt lat="52.43974" lon="13.04956">
        <ele>25.56</ele>
      </trkpt>
      <trkpt lat="52.43969" lon="13.0496">
        <ele>25.96</ele>
      </trkpt>
      <trkpt lat="52.43925" lon="13.04989">
        <ele>29.98</ele>
      </trkpt>
      <trkpt lat="52.43894" lon="13.05009">
        <ele>33.68</ele>
      </trkpt>
      <trkpt lat="52.43893" lon="13.05013">
        <ele>34.36</ele>
      </trkpt>
      <trkpt lat="52.43862" lon="13.05034">
        <ele>39.71</ele>
      </trkpt>
      <trkpt lat="52.43857" lon="13.05033">
        <ele>39.19</ele>
      </trkpt>
      <trkpt lat="52.43832" lon="13.05051">
        <ele>34.09</ele>
      </trkpt>
      <trkpt lat="52.43832" lon="13.05051">
        <ele>34.09</ele>
      </trkpt>
      <trkpt lat="52.43832" lon="13.05051">
        <ele>34.09</ele>
      </trkpt>
      <trkpt lat="52.43827" lon="13.05055">
        <ele>32.9</ele>
      </trkpt>
      <trkpt lat="52.43814" lon="13.05058">
        <ele>30.5</ele>
      </trkpt>
      <trkpt lat="52.43805" lon="13.0506">
        <ele>29.16</ele>
      </trkpt>
      <trkpt lat="52.43797" lon="13.05062">
        <ele>29.16</ele>
      </trkpt>
      <trkpt lat="52.43781" lon="13.05066">
        <ele>29.04</ele>
      </trkpt>
      <trkpt lat="52.43777" lon="13.05068">
        <ele>28.99</ele>
      </trkpt>
      <trkpt lat="52.43772" lon="13.0507">
        <ele>28.89</ele>
      </trkpt>
      <trkpt lat="52.43749" lon="13.05082">
        <ele>28.08</ele>
      </trkpt>
      <trkpt lat="52.43676" lon="13.05123">
        <ele>30.86</ele>
      </trkpt>
      <trkpt lat="52.43664" lon="13.0513">
        <ele>30.73</ele>
      </trkpt>
      <trkpt lat="52.43662" lon="13.05132">
        <ele>30.83</ele>
      </trkpt>
      <trkpt lat="52.43652" lon="13.05138">
        <ele>32.23</ele>
      </trkpt>
      <trkpt lat="52.43639" lon="13.05151">
        <ele>34.97</ele>
      </trkpt>
      <trkpt lat="52.43635" lon="13.05156">
        <ele>35.47</ele>
      </trkpt>
      <trkpt lat="52.43622" lon="13.0517">
        <ele>36.78</ele>
      </trkpt>
      <trkpt lat="52.43616" lon="13.05178">
        <ele>37.4</ele>
      </trkpt>
      <trkpt lat="52.43608" lon="13.05185">
        <ele>37.85</ele>
      </trkpt>
      <trkpt lat="52.43602" lon="13.05189">
        <ele>37.47</ele>
      </trkpt>
      <trkpt lat="52.43602" lon="13.05189">
        <ele>37.47</ele>
      </trkpt>
      <trkpt lat="52.43602" lon="13.05189">
        <ele>37.47</ele>
      </trkpt>
      <trkpt lat="52.43601" lon="13.05197">
        <ele>37.06</ele>
      </trkpt>
      <trkpt lat="52.43587" lon="13.05374">
        <ele>32.81</ele>
      </trkpt>
      <trkpt lat="52.43587" lon="13.05389">
        <ele>32.33</ele>
      </trkpt>
      <trkpt lat="52.43588" lon="13.05405">
        <ele>31.29</ele>
      </trkpt>
      <trkpt lat="52.43587" lon="13.05413">
        <ele>30.95</ele>
      </trkpt>
      <trkpt lat="52.43585" lon="13.05421">
        <ele>30.58</ele>
      </trkpt>
      <trkpt lat="52.43564" lon="13.05472">
        <ele>30.1</ele>
      </trkpt>
      <trkpt lat="52.43542" lon="13.05512">
        <ele>34.09</ele>
      </trkpt>
      <trkpt lat="52.43541" lon="13.05522">
        <ele>34.79</ele>
      </trkpt>
      <trkpt lat="52.43532" lon="13.0554">
        <ele>36.46</ele>
      </trkpt>
      <trkpt lat="52.4353" lon="13.05546">
        <ele>36.73</ele>
      </trkpt>
      <trkpt lat="52.43528" lon="13.05553">
        <ele>36.98</ele>
      </trkpt>
      <trkpt lat="52.43528" lon="13.0556">
        <ele>36.66</ele>
      </trkpt>
      <trkpt lat="52.43528" lon="13.05571">
        <ele>35.88</ele>
      </trkpt>
      <trkpt lat="52.43527" lon="13.05578">
        <ele>35.38</ele>
      </trkpt>
      <trkpt lat="52.43524" lon="13.05586">
        <ele>34.9</ele>
      </trkpt>
      <trkpt lat="52.43524" lon="13.05586">
        <ele>34.9</ele>
      </trkpt>
      <trkpt lat="52.43524" lon="13.05586">
        <ele>34.9</ele>
      </trkpt>
      <trkpt lat="52.43517" lon="13.05598">
        <ele>34.47</ele>
      </trkpt>
      <trkpt lat="52.43511" lon="13.05606">
        <ele>34.18</ele>
      </trkpt>
      <trkpt lat="52.43506" lon="13.05615">
        <ele>34.06</ele>
      </trkpt>
      <trkpt lat="52.435" lon="13.0564">
        <ele>34.08</ele>
      </trkpt>
      <trkpt lat="52.43493" lon="13.0566">
        <ele>35.39</ele>
      </trkpt>
      <trkpt lat="52.43488" lon="13.05672">
        <ele>35.65</ele>
      </trkpt>
      <trkpt lat="52.43468" lon="13.05725">
        <ele>35.58</ele>
      </trkpt>
      <trkpt lat="52.43461" lon="13.05741">
        <ele>34.24</ele>
      </trkpt>
      <trkpt lat="52.43453" lon="13.0575">
        <ele>32.92</ele>
      </trkpt>
      <trkpt lat="52.43446" lon="13.05753">
        <ele>32.37</ele>
      </trkpt>
      <trkpt lat="52.4344" lon="13.05755">
        <ele>31.84</ele>
      </trkpt>
      <trkpt lat="52.43426" lon="13.05764">
        <ele>29.34</ele>
      </trkpt>
      <trkpt lat="52.43413" lon="13.05773">
        <ele>25.95</ele>
      </trkpt>
      <trkpt lat="52.43404" lon="13.05776">
        <ele>25.72</ele>
      </trkpt>
      <trkpt lat="52.43398" lon="13.05782">
        <ele>25.93</ele>
      </trkpt>
      <trkpt lat="52.43392" lon="13.05794">
        <ele>27.38</ele>
      </trkpt>
      <trkpt lat="52.43376" lon="13.05814">
        <ele>31.38</ele>
      </trkpt>
      <trkpt lat="52.43356" lon="13.0585">
        <ele>34.03</ele>
      </trkpt>
      <trkpt lat="52.43347" lon="13.0588">
        <ele>38.24</ele>
      </trkpt>
      <trkpt lat="52.43346" lon="13.0589">
        <ele>39.18</ele>
      </trkpt>
      <trkpt lat="52.43344" lon="13.059">
        <ele>38.9</ele>
      </trkpt>
      <trkpt lat="52.43334" lon="13.05927">
        <ele>39.13</ele>
      </trkpt>
      <trkpt lat="52.43332" lon="13.05936">
        <ele>38.55</ele>
      </trkpt>
      <trkpt lat="52.43319" lon="13.05952">
        <ele>36.55</ele>
      </trkpt>
      <trkpt lat="52.43296" lon="13.05969">
        <ele>33.74</ele>
      </trkpt>
      <trkpt lat="52.43294" lon="13.05971">
        <ele>33.37</ele>
      </trkpt>
      <trkpt lat="52.4329" lon="13.05973">
        <ele>32.7</ele>
      </trkpt>
      <trkpt lat="52.43288" lon="13.05987">
        <ele>31.35</ele>
      </trkpt>
      <trkpt lat="52.43282" lon="13.05997">
        <ele>30.31</ele>
      </trkpt>
      <trkpt lat="52.43274" lon="13.05992">
        <ele>30.38</ele>
      </trkpt>
      <trkpt lat="52.43268" lon="13.05999">
        <ele>30.38</ele>
      </trkpt>
      <trkpt lat="52.43265" lon="13.06005">
        <ele>31.1</ele>
      </trkpt>
      <trkpt lat="52.43255" lon="13.06021">
        <ele>33.22</ele>
      </trkpt>
      <trkpt lat="52.43255" lon="13.06021">
        <ele>33.22</ele>
      </trkpt>
      <trkpt lat="52.43255" lon="13.06021">
        <ele>33.22</ele>
      </trkpt>
      <trkpt lat="52.43252" lon="13.06033">
        <ele>33.64</ele>
      </trkpt>
      <trkpt lat="52.43248" lon="13.06058">
        <ele>31.95</ele>
      </trkpt>
      <trkpt lat="52.43246" lon="13.06063">
        <ele>31.68</ele>
      </trkpt>
      <trkpt lat="52.43243" lon="13.06068">
        <ele>31.24</ele>
      </trkpt>
      <trkpt lat="52.43221" lon="13.06099">
        <ele>25.9</ele>
      </trkpt>
      <trkpt lat="52.43193" lon="13.0612">
        <ele>25.25</ele>
      </trkpt>
      <trkpt lat="52.43184" lon="13.06131">
        <ele>25.79</ele>
      </trkpt>
      <trkpt lat="52.43175" lon="13.06136">
        <ele>27.29</ele>
      </trkpt>
      <trkpt lat="52.43171" lon="13.06141">
        <ele>28.2</ele>
      </trkpt>
      <trkpt lat="52.43156" lon="13.06167">
        <ele>31.79</ele>
      </trkpt>
      <trkpt lat="52.43148" lon="13.0619">
        <ele>34.02</ele>
      </trkpt>
      <trkpt lat="52.43144" lon="13.06199">
        <ele>34.63</ele>
      </trkpt>
      <trkpt lat="52.4314" lon="13.06206">
        <ele>34.92</ele>
      </trkpt>
      <trkpt lat="52.43111" lon="13.06242">
        <ele>36.01</ele>
      </trkpt>
      <trkpt lat="52.43091" lon="13.06273">
        <ele>38.05</ele>
      </trkpt>
      <trkpt lat="52.43084" lon="13.06301">
        <ele>38.93</ele>
      </trkpt>
      <trkpt lat="52.43064" lon="13.06353">
        <ele>40.71</ele>
      </trkpt>
      <trkpt lat="52.4306" lon="13.06366">
        <ele>40.68</ele>
      </trkpt>
      <trkpt lat="52.43058" lon="13.06378">
        <ele>40.82</ele>
      </trkpt>
      <trkpt lat="52.43055" lon="13.06389">
        <ele>41.2</ele>
      </trkpt>
      <trkpt lat="52.43028" lon="13.06469">
        <ele>39.88</ele>
      </trkpt>
      <trkpt lat="52.43024" lon="13.06477">
        <ele>38.37</ele>
      </trkpt>
      <trkpt lat="52.4302" lon="13.06484">
        <ele>37.2</ele>
      </trkpt>
      <trkpt lat="52.43011" lon="13.06494">
        <ele>35.34</ele>
      </trkpt>
      <trkpt lat="52.43003" lon="13.065">
        <ele>34.0</ele>
      </trkpt>
      <trkpt lat="52.42998" lon="13.06502">
        <ele>33.38</ele>
      </trkpt>
      <trkpt lat="52.42992" lon="13.06503">
        <ele>32.1</ele>
      </trkpt>
      <trkpt lat="52.42892" lon="13.06497">
        <ele>28.36</ele>
      </trkpt>
      <trkpt lat="52.42884" lon="13.06497">
        <ele>28.61</ele>
      </trkpt>
      <trkpt lat="52.42884" lon="13.06497">
        <ele>28.61</ele>
      </trkpt>
      <trkpt lat="52.42884" lon="13.06497">
        <ele>28.61</ele>
      </trkpt>
      <trkpt lat="52.42863" lon="13.06497">
        <ele>28.1</ele>
      </trkpt>
      <trkpt lat="52.42856" lon="13.06498">
        <ele>27.68</ele>
      </trkpt>
      <trkpt lat="52.42849" lon="13.06499">
        <ele>27.49</ele>
      </trkpt>
      <trkpt lat="52.42836" lon="13.06504">
        <ele>27.62</ele>
      </trkpt>
      <trkpt lat="52.42824" lon="13.06509">
        <ele>30.03</ele>
      </trkpt>
      <trkpt lat="52.42814" lon="13.06514">
        <ele>32.37</ele>
      </trkpt>
      <trkpt lat="52.42805" lon="13.06518">
        <ele>34.43</ele>
      </trkpt>
      <trkpt lat="52.42788" lon="13.06532">
        <ele>35.14</ele>
      </trkpt>
      <trkpt lat="52.4278" lon="13.06543">
        <ele>35.31</ele>
      </trkpt>
      <trkpt lat="52.42769" lon="13.06564">
        <ele>36.64</ele>
      </trkpt>
      <trkpt lat="52.42751" lon="13.06612">
        <ele>32.83</ele>
      </trkpt>
      <trkpt lat="52.42732" lon="13.06664">
        <ele>30.2</ele>
      </trkpt>
      <trkpt lat="52.42726" lon="13.06684">
        <ele>29.06</ele>
      </trkpt>
      <trkpt lat="52.42724" lon="13.0669">
        <ele>28.5</ele>
      </trkpt>
      <trkpt lat="52.42676" lon="13.06832">
        <ele>24.08</ele>
      </trkpt>
      <trkpt lat="52.42667" lon="13.0684">
        <ele>24.0</ele>
      </trkpt>
      <trkpt lat="52.42651" lon="13.06849">
        <ele>24.49</ele>
      </trkpt>
      <trkpt lat="52.42635" lon="13.06857">
        <ele>25.04</ele>
      </trkpt>
      <trkpt lat="52.42624" lon="13.06861">
        <ele>26.69</ele>
      </trkpt>
      <trkpt lat="52.42619" lon="13.0686">
        <ele>27.72</ele>
      </trkpt>
      <trkpt lat="52.42616" lon="13.06867">
        <ele>27.81</ele>
      </trkpt>
      <trkpt lat="52.42609" lon="13.06883">
        <ele>27.74</ele>
      </trkpt>
      <trkpt lat="52.42606" lon="13.06889">
        <ele>27.72</ele>
      </trkpt>
      <trkpt lat="52.42606" lon="13.06889">
        <ele>27.72</ele>
      </trkpt>
      <trkpt lat="52.42606" lon="13.06889">
        <ele>27.72</ele>
      </trkpt>
      <trkpt lat="52.42603" lon="13.06896">
        <ele>26.99</ele>
      </trkpt>
      <trkpt lat="52.42601" lon="13.06899">
        <ele>26.74</ele>
      </trkpt>
      <trkpt lat="52.42597" lon="13.06908">
        <ele>25.58</ele>
      </trkpt>
      <trkpt lat="52.42593" lon="13.06917">
        <ele>24.28</ele>
      </trkpt>
      <trkpt lat="52.4259" lon="13.06921">
        <ele>24.16</ele>
      </trkpt>
      <trkpt lat="52.42588" lon="13.06923">
        <ele>24.09</ele>
      </trkpt>
      <trkpt lat="52.42586" lon="13.06926">
        <ele>23.9</ele>
      </trkpt>
      <trkpt lat="52.42583" lon="13.06928">
        <ele>23.75</ele>
      </trkpt>
      <trkpt lat="52.42579" lon="13.0693">
        <ele>23.32</ele>
      </trkpt>
      <trkpt lat="52.42576" lon="13.06931">
        <ele>23.07</ele>
      </trkpt>
      <trkpt lat="52.42572" lon="13.0693">
        <ele>22.92</ele>
      </trkpt>
      <trkpt lat="52.42568" lon="13.0693">
        <ele>22.7</ele>
      </trkpt>
      <trkpt lat="52.42554" lon="13.06925">
        <ele>22.0</ele>
      </trkpt>
      <trkpt lat="52.42543" lon="13.06921">
        <ele>22.0</ele>
      </trkpt>
      <trkpt lat="52.4248" lon="13.06901">
        <ele>25.2</ele>
      </trkpt>
      <trkpt lat="52.42409" lon="13.06883">
        <ele>26.72</ele>
      </trkpt>
      <trkpt lat="52.42368" lon="13.06875">
        <ele>31.87</ele>
      </trkpt>
      <trkpt lat="52.42362" lon="13.06874">
        <ele>31.65</ele>
      </trkpt>
      <trkpt lat="52.42362" lon="13.06874">
        <ele>31.65</ele>
      </trkpt>
      <trkpt lat="52.42362" lon="13.06874">
        <ele>31.65</ele>
      </trkpt>
      <trkpt lat="52.42355" lon="13.06873">
        <ele>32.0</ele>
      </trkpt>
      <trkpt lat="52.42343" lon="13.06873">
        <ele>32.56</ele>
      </trkpt>
      <trkpt lat="52.42331" lon="13.06874">
        <ele>32.58</ele>
      </trkpt>
      <trkpt lat="52.42318" lon="13.06878">
        <ele>30.76</ele>
      </trkpt>
      <trkpt lat="52.42305" lon="13.06884">
        <ele>28.91</ele>
      </trkpt>
      <trkpt lat="52.42239" lon="13.06923">
        <ele>31.27</ele>
      </trkpt>
      <trkpt lat="52.42228" lon="13.06929">
        <ele>32.37</ele>
      </trkpt>
      <trkpt lat="52.42202" lon="13.0691">
        <ele>36.07</ele>
      </trkpt>
      <trkpt lat="52.42199" lon="13.06915">
        <ele>35.81</ele>
      </trkpt>
      <trkpt lat="52.42185" lon="13.06937">
        <ele>33.96</ele>
      </trkpt>
      <trkpt lat="52.42173" lon="13.06955">
        <ele>32.89</ele>
      </trkpt>
      <trkpt lat="52.42168" lon="13.06963">
        <ele>32.04</ele>
      </trkpt>
      <trkpt lat="52.42159" lon="13.06975">
        <ele>32.84</ele>
      </trkpt>
      <trkpt lat="52.42116" lon="13.07044">
        <ele>28.85</ele>
      </trkpt>
      <trkpt lat="52.42116" lon="13.07044">
        <ele>28.85</ele>
      </trkpt>
      <trkpt lat="52.42116" lon="13.07044">
        <ele>28.85</ele>
      </trkpt>
      <trkpt lat="52.42092" lon="13.07082">
        <ele>21.01</ele>
      </trkpt>
      <trkpt lat="52.42052" lon="13.07145">
        <ele>22.75</ele>
      </trkpt>
      <trkpt lat="52.42039" lon="13.07174">
        <ele>25.51</ele>
      </trkpt>
      <trkpt lat="52.42035" lon="13.07188">
        <ele>26.77</ele>
      </trkpt>
      <trkpt lat="52.42022" lon="13.07224">
        <ele>25.75</ele>
      </trkpt>
      <trkpt lat="52.42016" lon="13.07248">
        <ele>25.37</ele>
      </trkpt>
      <trkpt lat="52.4201" lon="13.07279">
        <ele>24.62</ele>
      </trkpt>
      <trkpt lat="52.42005" lon="13.07314">
        <ele>24.64</ele>
      </trkpt>
      <trkpt lat="52.42005" lon="13.07323">
        <ele>24.64</ele>
      </trkpt>
      <trkpt lat="52.42009" lon="13.07357">
        <ele>25.2</ele>
      </trkpt>
      <trkpt lat="52.42016" lon="13.07399">
        <ele>27.67</ele>
      </trkpt>
      <trkpt lat="52.42017" lon="13.07401">
        <ele>27.81</ele>
      </trkpt>
      <trkpt lat="52.42017" lon="13.07401">
        <ele>27.81</ele>
      </trkpt>
      <trkpt lat="52.42017" lon="13.07401">
        <ele>27.81</ele>
      </trkpt>
      <trkpt lat="52.42023" lon="13.07448">
        <ele>33.52</ele>
      </trkpt>
      <trkpt lat="52.4203" lon="13.07496">
        <ele>37.19</ele>
      </trkpt>
      <trkpt lat="52.42038" lon="13.07535">
        <ele>35.27</ele>
      </trkpt>
      <trkpt lat="52.42045" lon="13.07571">
        <ele>35.42</ele>
      </trkpt>
      <trkpt lat="52.42054" lon="13.07608">
        <ele>36.0</ele>
      </trkpt>
      <trkpt lat="52.42062" lon="13.0764">
        <ele>40.23</ele>
      </trkpt>
      <trkpt lat="52.42075" lon="13.0769">
        <ele>39.61</ele>
      </trkpt>
      <trkpt lat="52.42086" lon="13.07738">
        <ele>38.42</ele>
      </trkpt>
      <trkpt lat="52.4209" lon="13.07755">
        <ele>37.36</ele>
      </trkpt>
      <trkpt lat="52.42088" lon="13.07771">
        <ele>36.19</ele>
      </trkpt>
      <trkpt lat="52.42084" lon="13.07784">
        <ele>34.63</ele>
      </trkpt>
      <trkpt lat="52.42076" lon="13.07802">
        <ele>28.85</ele>
      </trkpt>
      <trkpt lat="52.42065" lon="13.07816">
        <ele>24.11</ele>
      </trkpt>
      <trkpt lat="52.42053" lon="13.07825">
        <ele>22.27</ele>
      </trkpt>
      <trkpt lat="52.42039" lon="13.07826">
        <ele>22.11</ele>
      </trkpt>
      <trkpt lat="52.42025" lon="13.07821">
        <ele>22.0</ele>
      </trkpt>
      <trkpt lat="52.42009" lon="13.07812">
        <ele>22.0</ele>
      </trkpt>
      <trkpt lat="52.41991" lon="13.07799">
        <ele>22.71</ele>
      </trkpt>
      <trkpt lat="52.41991" lon="13.07799">
        <ele>22.71</ele>
      </trkpt>
      <trkpt lat="52.41991" lon="13.07799">
        <ele>22.71</ele>
      </trkpt>
      <trkpt lat="52.41984" lon="13.07793">
        <ele>23.55</ele>
      </trkpt>
      <trkpt lat="52.41961" lon="13.07779">
        <ele>24.71</ele>
      </trkpt>
      <trkpt lat="52.41917" lon="13.07769">
        <ele>23.33</ele>
      </trkpt>
      <trkpt lat="52.41884" lon="13.07763">
        <ele>23.34</ele>
      </trkpt>
      <trkpt lat="52.41858" lon="13.07759">
        <ele>22.33</ele>
      </trkpt>
      <trkpt lat="52.41821" lon="13.07758">
        <ele>23.5</ele>
      </trkpt>
      <trkpt lat="52.41795" lon="13.07761">
        <ele>26.09</ele>
      </trkpt>
      <trkpt lat="52.41784" lon="13.07765">
        <ele>27.36</ele>
      </trkpt>
      <trkpt lat="52.41768" lon="13.07772">
        <ele>26.99</ele>
      </trkpt>
      <trkpt lat="52.41754" lon="13.0778">
        <ele>25.23</ele>
      </trkpt>
      <trkpt lat="52.41742" lon="13.07789">
        <ele>26.21</ele>
      </trkpt>
      <trkpt lat="52.41732" lon="13.07795">
        <ele>27.01</ele>
      </trkpt>
      <trkpt lat="52.4172" lon="13.07806">
        <ele>27.23</ele>
      </trkpt>
      <trkpt lat="52.41708" lon="13.07814">
        <ele>27.85</ele>
      </trkpt>
      <trkpt lat="52.41693" lon="13.0783">
        <ele>29.51</ele>
      </trkpt>
      <trkpt lat="52.41684" lon="13.07839">
        <ele>30.4</ele>
      </trkpt>
      <trkpt lat="52.41682" lon="13.07841">
        <ele>30.56</ele>
      </trkpt>
      <trkpt lat="52.41671" lon="13.07853">
        <ele>31.21</ele>
      </trkpt>
      <trkpt lat="52.41658" lon="13.07865">
        <ele>32.55</ele>
      </trkpt>
      <trkpt lat="52.41654" lon="13.07897">
        <ele>30.56</ele>
      </trkpt>
      <trkpt lat="52.41652" lon="13.07924">
        <ele>28.44</ele>
      </trkpt>
      <trkpt lat="52.4165" lon="13.07953">
        <ele>26.49</ele>
      </trkpt>
      <trkpt lat="52.41646" lon="13.07977">
        <ele>26.28</ele>
      </trkpt>
      <trkpt lat="52.41646" lon="13.07977">
        <ele>26.28</ele>
      </trkpt>
      <trkpt lat="52.41646" lon="13.07977">
        <ele>26.28</ele>
      </trkpt>
      <trkpt lat="52.41642" lon="13.07989">
        <ele>26.73</ele>
      </trkpt>
      <trkpt lat="52.4164" lon="13.07998">
        <ele>26.92</ele>
      </trkpt>
      <trkpt lat="52.41634" lon="13.08009">
        <ele>28.65</ele>
      </trkpt>
      <trkpt lat="52.4163" lon="13.08014">
        <ele>29.77</ele>
      </trkpt>
      <trkpt lat="52.41625" lon="13.08021">
        <ele>31.13</ele>
      </trkpt>
      <trkpt lat="52.41614" lon="13.08035">
        <ele>33.3</ele>
      </trkpt>
      <trkpt lat="52.41611" lon="13.08042">
        <ele>33.5</ele>
      </trkpt>
      <trkpt lat="52.41608" lon="13.0805">
        <ele>33.42</ele>
      </trkpt>
      <trkpt lat="52.416" lon="13.08079">
        <ele>32.62</ele>
      </trkpt>
      <trkpt lat="52.41562" lon="13.08247">
        <ele>26.45</ele>
      </trkpt>
      <trkpt lat="52.41541" lon="13.08331">
        <ele>28.93</ele>
      </trkpt>
      <trkpt lat="52.41541" lon="13.08331">
        <ele>28.93</ele>
      </trkpt>
      <trkpt lat="52.41541" lon="13.08331">
        <ele>28.93</ele>
      </trkpt>
      <trkpt lat="52.41532" lon="13.08366">
        <ele>29.7</ele>
      </trkpt>
      <trkpt lat="52.41532" lon="13.08366">
        <ele>29.7</ele>
      </trkpt>
      <trkpt lat="52.4154" lon="13.08382">
        <ele>29.14</ele>
      </trkpt>
      <trkpt lat="52.4154" lon="13.08382">
        <ele>29.14</ele>
      </trkpt>
      <trkpt lat="52.41533" lon="13.084">
        <ele>29.32</ele>
      </trkpt>
      <trkpt lat="52.41533" lon="13.084">
        <ele>29.32</ele>
      </trkpt>
      <trkpt lat="52.41533" lon="13.084">
        <ele>29.32</ele>
      </trkpt>
      <trkpt lat="52.41532" lon="13.08403">
        <ele>29.43</ele>
      </trkpt>
      <trkpt lat="52.41525" lon="13.08424">
        <ele>30.23</ele>
      </trkpt>
      <trkpt lat="52.41519" lon="13.08443">
        <ele>30.93</ele>
      </trkpt>
      <trkpt lat="52.41504" lon="13.08488">
        <ele>32.98</ele>
      </trkpt>
      <trkpt lat="52.41489" lon="13.0853">
        <ele>32.71</ele>
      </trkpt>
      <trkpt lat="52.41479" lon="13.08558">
        <ele>32.45</ele>
      </trkpt>
      <trkpt lat="52.41472" lon="13.08573">
        <ele>32.39</ele>
      </trkpt>
      <trkpt lat="52.41462" lon="13.08599">
        <ele>31.82</ele>
      </trkpt>
      <trkpt lat="52.4146" lon="13.08605">
        <ele>31.66</ele>
      </trkpt>
      <trkpt lat="52.4146" lon="13.08605">
        <ele>31.66</ele>
      </trkpt>
      <trkpt lat="52.4146" lon="13.08605">
        <ele>31.66</ele>
      </trkpt>
      <trkpt lat="52.41455" lon="13.08619">
        <ele>31.68</ele>
      </trkpt>
      <trkpt lat="52.41452" lon="13.08632">
        <ele>31.64</ele>
      </trkpt>
      <trkpt lat="52.41451" lon="13.08643">
        <ele>31.41</ele>
      </trkpt>
      <trkpt lat="52.41449" lon="13.08655">
        <ele>31.19</ele>
      </trkpt>
      <trkpt lat="52.41446" lon="13.08665">
        <ele>31.0</ele>
      </trkpt>
      <trkpt lat="52.41443" lon="13.08679">
        <ele>31.37</ele>
      </trkpt>
      <trkpt lat="52.41443" lon="13.0869">
        <ele>31.74</ele>
      </trkpt>
      <trkpt lat="52.4144" lon="13.08703">
        <ele>31.68</ele>
      </trkpt>
      <trkpt lat="52.41436" lon="13.08715">
        <ele>31.39</ele>
      </trkpt>
      <trkpt lat="52.41431" lon="13.08725">
        <ele>31.08</ele>
      </trkpt>
      <trkpt lat="52.41426" lon="13.08731">
        <ele>30.78</ele>
      </trkpt>
      <trkpt lat="52.41422" lon="13.08742">
        <ele>30.52</ele>
      </trkpt>
      <trkpt lat="52.4142" lon="13.08754">
        <ele>30.36</ele>
      </trkpt>
      <trkpt lat="52.4142" lon="13.08761">
        <ele>30.36</ele>
      </trkpt>
      <trkpt lat="52.41421" lon="13.08772">
        <ele>30.47</ele>
      </trkpt>
      <trkpt lat="52.41421" lon="13.08781">
        <ele>30.41</ele>
      </trkpt>
      <trkpt lat="52.41421" lon="13.08789">
        <ele>30.28</ele>
      </trkpt>
      <trkpt lat="52.41418" lon="13.08795">
        <ele>30.05</ele>
      </trkpt>
      <trkpt lat="52.41417" lon="13.08798">
        <ele>30.01</ele>
      </trkpt>
      <trkpt lat="52.41409" lon="13.08812">
        <ele>29.24</ele>
      </trkpt>
      <trkpt lat="52.41404" lon="13.08823">
        <ele>28.92</ele>
      </trkpt>
      <trkpt lat="52.41401" lon="13.08832">
        <ele>28.84</ele>
      </trkpt>
      <trkpt lat="52.41399" lon="13.08842">
        <ele>28.73</ele>
      </trkpt>
      <trkpt lat="52.41398" lon="13.08852">
        <ele>28.66</ele>
      </trkpt>
      <trkpt lat="52.41398" lon="13.08862">
        <ele>28.73</ele>
      </trkpt>
      <trkpt lat="52.414" lon="13.0887">
        <ele>29.5</ele>
      </trkpt>
      <trkpt lat="52.41399" lon="13.0888">
        <ele>30.27</ele>
      </trkpt>
      <trkpt lat="52.41397" lon="13.08887">
        <ele>30.84</ele>
      </trkpt>
      <trkpt lat="52.41392" lon="13.0889">
        <ele>31.05</ele>
      </trkpt>
      <trkpt lat="52.41382" lon="13.08892">
        <ele>30.59</ele>
      </trkpt>
      <trkpt lat="52.41377" lon="13.08899">
        <ele>30.35</ele>
      </trkpt>
      <trkpt lat="52.41372" lon="13.08904">
        <ele>30.0</ele>
      </trkpt>
      <trkpt lat="52.41366" lon="13.08909">
        <ele>29.48</ele>
      </trkpt>
      <trkpt lat="52.41364" lon="13.08914">
        <ele>29.3</ele>
      </trkpt>
      <trkpt lat="52.41364" lon="13.08914">
        <ele>29.3</ele>
      </trkpt>
      <trkpt lat="52.41364" lon="13.08914">
        <ele>29.3</ele>
      </trkpt>
      <trkpt lat="52.4136" lon="13.08918">
        <ele>29.0</ele>
      </trkpt>
      <trkpt lat="52.41333" lon="13.08917">
        <ele>29.01</ele>
      </trkpt>
      <trkpt lat="52.41333" lon="13.08908">
        <ele>29.02</ele>
      </trkpt>
      <trkpt lat="52.41332" lon="13.08907">
        <ele>29.06</ele>
      </trkpt>
      <trkpt lat="52.41331" lon="13.08906">
        <ele>29.12</ele>
      </trkpt>
      <trkpt lat="52.4133" lon="13.08904">
        <ele>29.17</ele>
      </trkpt>
      <trkpt lat="52.41329" lon="13.08901">
        <ele>29.24</ele>
      </trkpt>
      <trkpt lat="52.41329" lon="13.08898">
        <ele>29.26</ele>
      </trkpt>
      <trkpt lat="52.41329" lon="13.08895">
        <ele>29.28</ele>
      </trkpt>
      <trkpt lat="52.41329" lon="13.08891">
        <ele>29.3</ele>
      </trkpt>
      <trkpt lat="52.4133" lon="13.08888">
        <ele>29.24</ele>
      </trkpt>
      <trkpt lat="52.41331" lon="13.08886">
        <ele>29.18</ele>
      </trkpt>
      <trkpt lat="52.41333" lon="13.08884">
        <ele>29.03</ele>
      </trkpt>
      <trkpt lat="52.41334" lon="13.08883">
        <ele>29.0</ele>
      </trkpt>
      <trkpt lat="52.41336" lon="13.08882">
        <ele>29.0</ele>
      </trkpt>
      <trkpt lat="52.4134" lon="13.08882">
        <ele>29.0</ele>
      </trkpt>
      <trkpt lat="52.41341" lon="13.08904">
        <ele>29.0</ele>
      </trkpt>
      <trkpt lat="52.41341" lon="13.08913">
        <ele>29.0</ele>
      </trkpt>
      <trkpt lat="52.41341" lon="13.0894">
        <ele>29.0</ele>
      </trkpt>
      <trkpt lat="52.41341" lon="13.0894">
        <ele>29.0</ele>
      </trkpt>
      <trkpt lat="52.41341" lon="13.0894">
        <ele>29.0</ele>
      </trkpt>
      <trkpt lat="52.4134" lon="13.09133">
        <ele>36.89</ele>
      </trkpt>
      <trkpt lat="52.4134" lon="13.09161">
        <ele>34.67</ele>
      </trkpt>
      <trkpt lat="52.4134" lon="13.09175">
        <ele>34.02</ele>
      </trkpt>
      <trkpt lat="52.41337" lon="13.09184">
        <ele>33.02</ele>
      </trkpt>
      <trkpt lat="52.41337" lon="13.09193">
        <ele>32.94</ele>
      </trkpt>
      <trkpt lat="52.41338" lon="13.092">
        <ele>33.31</ele>
      </trkpt>
      <trkpt lat="52.41341" lon="13.09209">
        <ele>34.17</ele>
      </trkpt>
      <trkpt lat="52.41342" lon="13.09219">
        <ele>34.52</ele>
      </trkpt>
      <trkpt lat="52.41342" lon="13.09238">
        <ele>34.77</ele>
      </trkpt>
      <trkpt lat="52.41342" lon="13.09265">
        <ele>35.1</ele>
      </trkpt>
      <trkpt lat="52.41337" lon="13.09361">
        <ele>35.4</ele>
      </trkpt>
      <trkpt lat="52.41332" lon="13.09431">
        <ele>32.39</ele>
      </trkpt>
      <trkpt lat="52.41328" lon="13.09472">
        <ele>30.62</ele>
      </trkpt>
      <trkpt lat="52.41326" lon="13.09482">
        <ele>30.73</ele>
      </trkpt>
      <trkpt lat="52.41326" lon="13.09482">
        <ele>30.73</ele>
      </trkpt>
      <trkpt lat="52.41326" lon="13.09482">
        <ele>30.73</ele>
      </trkpt>
      <trkpt lat="52.4132" lon="13.09532">
        <ele>32.02</ele>
      </trkpt>
      <trkpt lat="52.41315" lon="13.09578">
        <ele>35.65</ele>
      </trkpt>
      <trkpt lat="52.41312" lon="13.09605">
        <ele>36.77</ele>
      </trkpt>
      <trkpt lat="52.41312" lon="13.0963">
        <ele>38.68</ele>
      </trkpt>
      <trkpt lat="52.41313" lon="13.09654">
        <ele>40.7</ele>
      </trkpt>
      <trkpt lat="52.41307" lon="13.09656">
        <ele>39.54</ele>
      </trkpt>
      <trkpt lat="52.41298" lon="13.09665">
        <ele>39.03</ele>
      </trkpt>
      <trkpt lat="52.41289" lon="13.09675">
        <ele>38.87</ele>
      </trkpt>
      <trkpt lat="52.4124" lon="13.09717">
        <ele>33.78</ele>
      </trkpt>
      <trkpt lat="52.41233" lon="13.09723">
        <ele>33.84</ele>
      </trkpt>
      <trkpt lat="52.41233" lon="13.09723">
        <ele>33.84</ele>
      </trkpt>
      <trkpt lat="52.41233" lon="13.09723">
        <ele>33.84</ele>
      </trkpt>
      <trkpt lat="52.41211" lon="13.09742">
        <ele>35.23</ele>
      </trkpt>
      <trkpt lat="52.41175" lon="13.09771">
        <ele>38.81</ele>
      </trkpt>
      <trkpt lat="52.41167" lon="13.0978">
        <ele>40.14</ele>
      </trkpt>
      <trkpt lat="52.41161" lon="13.0979">
        <ele>40.59</ele>
      </trkpt>
      <trkpt lat="52.41119" lon="13.09881">
        <ele>43.51</ele>
      </trkpt>
      <trkpt lat="52.41115" lon="13.09891">
        <ele>44.11</ele>
      </trkpt>
      <trkpt lat="52.41099" lon="13.09906">
        <ele>42.26</ele>
      </trkpt>
      <trkpt lat="52.4109" lon="13.09907">
        <ele>40.96</ele>
      </trkpt>
      <trkpt lat="52.41081" lon="13.09906">
        <ele>39.71</ele>
      </trkpt>
      <trkpt lat="52.41044" lon="13.09871">
        <ele>39.12</ele>
      </trkpt>
      <trkpt lat="52.41044" lon="13.09871">
        <ele>39.12</ele>
      </trkpt>
      <trkpt lat="52.41044" lon="13.09871">
        <ele>39.12</ele>
      </trkpt>
      <trkpt lat="52.41081" lon="13.09906">
        <ele>39.71</ele>
      </trkpt>
      <trkpt lat="52.4109" lon="13.09907">
        <ele>40.96</ele>
      </trkpt>
      <trkpt lat="52.41099" lon="13.09906">
        <ele>42.26</ele>
      </trkpt>
      <trkpt lat="52.41115" lon="13.09891">
        <ele>44.11</ele>
      </trkpt>
      <trkpt lat="52.41098" lon="13.0993">
        <ele>41.83</ele>
      </trkpt>
      <trkpt lat="52.41092" lon="13.09936">
        <ele>41.29</ele>
      </trkpt>
      <trkpt lat="52.41087" lon="13.09939">
        <ele>41.01</ele>
      </trkpt>
      <trkpt lat="52.4108" lon="13.09941">
        <ele>40.17</ele>
      </trkpt>
      <trkpt lat="52.41073" lon="13.0994">
        <ele>38.67</ele>
      </trkpt>
      <trkpt lat="52.41062" lon="13.09939">
        <ele>36.35</ele>
      </trkpt>
      <trkpt lat="52.41037" lon="13.0993">
        <ele>34.01</ele>
      </trkpt>
      <trkpt lat="52.41024" lon="13.09951">
        <ele>33.2</ele>
      </trkpt>
      <trkpt lat="52.40987" lon="13.1005">
        <ele>33.79</ele>
      </trkpt>
      <trkpt lat="52.40979" lon="13.10064">
        <ele>33.07</ele>
      </trkpt>
      <trkpt lat="52.40977" lon="13.10068">
        <ele>32.93</ele>
      </trkpt>
      <trkpt lat="52.40976" lon="13.10078">
        <ele>33.43</ele>
      </trkpt>
      <trkpt lat="52.4095" lon="13.10144">
        <ele>33.13</ele>
      </trkpt>
      <trkpt lat="52.40947" lon="13.10147">
        <ele>33.04</ele>
      </trkpt>
      <trkpt lat="52.40944" lon="13.1015">
        <ele>33.06</ele>
      </trkpt>
      <trkpt lat="52.40935" lon="13.10151">
        <ele>34.32</ele>
      </trkpt>
      <trkpt lat="52.40932" lon="13.10148">
        <ele>34.64</ele>
      </trkpt>
      <trkpt lat="52.40928" lon="13.10143">
        <ele>34.95</ele>
      </trkpt>
      <trkpt lat="52.40905" lon="13.1012">
        <ele>34.4</ele>
      </trkpt>
      <trkpt lat="52.409" lon="13.10117">
        <ele>34.45</ele>
      </trkpt>
      <trkpt lat="52.40896" lon="13.10115">
        <ele>34.6</ele>
      </trkpt>
      <trkpt lat="52.40892" lon="13.10113">
        <ele>34.8</ele>
      </trkpt>
      <trkpt lat="52.40887" lon="13.10112">
        <ele>34.66</ele>
      </trkpt>
      <trkpt lat="52.40879" lon="13.10113">
        <ele>33.24</ele>
      </trkpt>
      <trkpt lat="52.40875" lon="13.10113">
        <ele>32.53</ele>
      </trkpt>
      <trkpt lat="52.40871" lon="13.10113">
        <ele>31.82</ele>
      </trkpt>
      <trkpt lat="52.40868" lon="13.10112">
        <ele>31.26</ele>
      </trkpt>
      <trkpt lat="52.40865" lon="13.10111">
        <ele>30.69</ele>
      </trkpt>
      <trkpt lat="52.40832" lon="13.10094">
        <ele>30.96</ele>
      </trkpt>
      <trkpt lat="52.40826" lon="13.10091">
        <ele>32.69</ele>
      </trkpt>
      <trkpt lat="52.40826" lon="13.10091">
        <ele>32.69</ele>
      </trkpt>
      <trkpt lat="52.40826" lon="13.10091">
        <ele>32.69</ele>
      </trkpt>
      <trkpt lat="52.40821" lon="13.10089">
        <ele>34.17</ele>
      </trkpt>
      <trkpt lat="52.40818" lon="13.10089">
        <ele>34.99</ele>
      </trkpt>
      <trkpt lat="52.40814" lon="13.10091">
        <ele>35.91</ele>
      </trkpt>
      <trkpt lat="52.4081" lon="13.10083">
        <ele>37.75</ele>
      </trkpt>
      <trkpt lat="52.4081" lon="13.10079">
        <ele>38.11</ele>
      </trkpt>
      <trkpt lat="52.40781" lon="13.10086">
        <ele>48.78</ele>
      </trkpt>
      <trkpt lat="52.40766" lon="13.10085">
        <ele>52.13</ele>
      </trkpt>
      <trkpt lat="52.40745" lon="13.10079">
        <ele>55.98</ele>
      </trkpt>
      <trkpt lat="52.40725" lon="13.10041">
        <ele>61.74</ele>
      </trkpt>
      <trkpt lat="52.40722" lon="13.10043">
        <ele>61.9</ele>
      </trkpt>
      <trkpt lat="52.40706" lon="13.10057">
        <ele>60.3</ele>
      </trkpt>
      <trkpt lat="52.407" lon="13.10068">
        <ele>59.48</ele>
      </trkpt>
      <trkpt lat="52.40697" lon="13.10074">
        <ele>59.24</ele>
      </trkpt>
      <trkpt lat="52.40697" lon="13.10074">
        <ele>59.24</ele>
      </trkpt>
      <trkpt lat="52.40697" lon="13.10074">
        <ele>59.24</ele>
      </trkpt>
      <trkpt lat="52.40686" lon="13.10108">
        <ele>57.91</ele>
      </trkpt>
      <trkpt lat="52.40692" lon="13.10114">
        <ele>57.64</ele>
      </trkpt>
      <trkpt lat="52.40682" lon="13.10213">
        <ele>54.4</ele>
      </trkpt>
      <trkpt lat="52.40679" lon="13.10243">
        <ele>55.28</ele>
      </trkpt>
      <trkpt lat="52.40667" lon="13.10361">
        <ele>47.91</ele>
      </trkpt>
      <trkpt lat="52.40666" lon="13.10368">
        <ele>47.57</ele>
      </trkpt>
      <trkpt lat="52.40665" lon="13.10378">
        <ele>46.96</ele>
      </trkpt>
      <trkpt lat="52.4066" lon="13.10423">
        <ele>46.96</ele>
      </trkpt>
      <trkpt lat="52.40657" lon="13.10448">
        <ele>47.35</ele>
      </trkpt>
      <trkpt lat="52.40653" lon="13.10472">
        <ele>47.93</ele>
      </trkpt>
      <trkpt lat="52.40649" lon="13.10496">
        <ele>48.27</ele>
      </trkpt>
      <trkpt lat="52.40645" lon="13.1052">
        <ele>47.48</ele>
      </trkpt>
      <trkpt lat="52.40639" lon="13.10546">
        <ele>47.66</ele>
      </trkpt>
      <trkpt lat="52.40627" lon="13.10587">
        <ele>46.24</ele>
      </trkpt>
      <trkpt lat="52.40614" lon="13.10626">
        <ele>44.41</ele>
      </trkpt>
      <trkpt lat="52.40608" lon="13.1064">
        <ele>44.82</ele>
      </trkpt>
      <trkpt lat="52.40599" lon="13.10664">
        <ele>45.68</ele>
      </trkpt>
      <trkpt lat="52.40597" lon="13.10668">
        <ele>46.04</ele>
      </trkpt>
      <trkpt lat="52.40582" lon="13.10699">
        <ele>47.76</ele>
      </trkpt>
      <trkpt lat="52.40578" lon="13.10705">
        <ele>47.97</ele>
      </trkpt>
      <trkpt lat="52.40574" lon="13.10713">
        <ele>48.12</ele>
      </trkpt>
      <trkpt lat="52.40563" lon="13.10732">
        <ele>48.27</ele>
      </trkpt>
      <trkpt lat="52.40551" lon="13.10751">
        <ele>49.33</ele>
      </trkpt>
      <trkpt lat="52.40551" lon="13.10751">
        <ele>49.33</ele>
      </trkpt>
      <trkpt lat="52.40551" lon="13.10751">
        <ele>49.33</ele>
      </trkpt>
      <trkpt lat="52.40545" lon="13.10759">
        <ele>51.36</ele>
      </trkpt>
      <trkpt lat="52.40536" lon="13.1077">
        <ele>53.88</ele>
      </trkpt>
      <trkpt lat="52.40521" lon="13.1079">
        <ele>57.31</ele>
      </trkpt>
      <trkpt lat="52.40513" lon="13.10799">
        <ele>57.82</ele>
      </trkpt>
      <trkpt lat="52.40498" lon="13.10815">
        <ele>56.1</ele>
      </trkpt>
      <trkpt lat="52.40491" lon="13.10821">
        <ele>55.31</ele>
      </trkpt>
      <trkpt lat="52.4047" lon="13.10839">
        <ele>52.6</ele>
      </trkpt>
      <trkpt lat="52.40465" lon="13.10842">
        <ele>51.67</ele>
      </trkpt>
      <trkpt lat="52.40448" lon="13.10854">
        <ele>49.52</ele>
      </trkpt>
      <trkpt lat="52.40437" lon="13.10861">
        <ele>49.55</ele>
      </trkpt>
      <trkpt lat="52.40426" lon="13.10867">
        <ele>48.84</ele>
      </trkpt>
      <trkpt lat="52.40417" lon="13.10872">
        <ele>48.23</ele>
      </trkpt>
      <trkpt lat="52.4041" lon="13.10878">
        <ele>46.5</ele>
      </trkpt>
      <trkpt lat="52.40407" lon="13.1088">
        <ele>45.89</ele>
      </trkpt>
      <trkpt lat="52.40378" lon="13.10903">
        <ele>43.13</ele>
      </trkpt>
      <trkpt lat="52.40361" lon="13.10918">
        <ele>44.83</ele>
      </trkpt>
      <trkpt lat="52.40353" lon="13.10925">
        <ele>45.55</ele>
      </trkpt>
      <trkpt lat="52.40332" lon="13.10947">
        <ele>46.74</ele>
      </trkpt>
      <trkpt lat="52.40329" lon="13.1095">
        <ele>46.53</ele>
      </trkpt>
      <trkpt lat="52.40318" lon="13.10961">
        <ele>44.15</ele>
      </trkpt>
      <trkpt lat="52.4031" lon="13.10971">
        <ele>40.0</ele>
      </trkpt>
      <trkpt lat="52.40305" lon="13.10977">
        <ele>39.55</ele>
      </trkpt>
      <trkpt lat="52.40301" lon="13.10982">
        <ele>40.27</ele>
      </trkpt>
      <trkpt lat="52.40293" lon="13.10994">
        <ele>41.55</ele>
      </trkpt>
      <trkpt lat="52.40289" lon="13.11001">
        <ele>42.02</ele>
      </trkpt>
      <trkpt lat="52.40278" lon="13.1102">
        <ele>41.3</ele>
      </trkpt>
      <trkpt lat="52.40271" lon="13.11031">
        <ele>41.62</ele>
      </trkpt>
      <trkpt lat="52.40262" lon="13.11048">
        <ele>41.98</ele>
      </trkpt>
      <trkpt lat="52.40258" lon="13.11057">
        <ele>42.2</ele>
      </trkpt>
      <trkpt lat="52.40249" lon="13.11072">
        <ele>43.17</ele>
      </trkpt>
      <trkpt lat="52.40248" lon="13.11074">
        <ele>43.36</ele>
      </trkpt>
      <trkpt lat="52.40244" lon="13.11082">
        <ele>44.26</ele>
      </trkpt>
      <trkpt lat="52.40225" lon="13.11115">
        <ele>46.1</ele>
      </trkpt>
      <trkpt lat="52.40217" lon="13.11129">
        <ele>44.04</ele>
      </trkpt>
      <trkpt lat="52.40212" lon="13.11136">
        <ele>42.93</ele>
      </trkpt>
      <trkpt lat="52.402" lon="13.11158">
        <ele>42.75</ele>
      </trkpt>
      <trkpt lat="52.40198" lon="13.1116">
        <ele>42.79</ele>
      </trkpt>
      <trkpt lat="52.40194" lon="13.11168">
        <ele>43.16</ele>
      </trkpt>
      <trkpt lat="52.40181" lon="13.11191">
        <ele>44.57</ele>
      </trkpt>
      <trkpt lat="52.40168" lon="13.11214">
        <ele>46.16</ele>
      </trkpt>
      <trkpt lat="52.40166" lon="13.11217">
        <ele>46.47</ele>
      </trkpt>
      <trkpt lat="52.40163" lon="13.11221">
        <ele>47.02</ele>
      </trkpt>
      <trkpt lat="52.40148" lon="13.11248">
        <ele>47.69</ele>
      </trkpt>
      <trkpt lat="52.40148" lon="13.11248">
        <ele>47.69</ele>
      </trkpt>
      <trkpt lat="52.40148" lon="13.11248">
        <ele>47.69</ele>
      </trkpt>
      <trkpt lat="52.40144" lon="13.11254">
        <ele>47.91</ele>
      </trkpt>
      <trkpt lat="52.40149" lon="13.11266">
        <ele>46.44</ele>
      </trkpt>
      <trkpt lat="52.40153" lon="13.11275">
        <ele>45.64</ele>
      </trkpt>
      <trkpt lat="52.40157" lon="13.11285">
        <ele>44.75</ele>
      </trkpt>
      <trkpt lat="52.40162" lon="13.113">
        <ele>43.04</ele>
      </trkpt>
      <trkpt lat="52.40164" lon="13.11317">
        <ele>42.17</ele>
      </trkpt>
      <trkpt lat="52.40167" lon="13.11345">
        <ele>41.97</ele>
      </trkpt>
      <trkpt lat="52.40169" lon="13.11367">
        <ele>41.77</ele>
      </trkpt>
      <trkpt lat="52.40169" lon="13.11374">
        <ele>41.79</ele>
      </trkpt>
      <trkpt lat="52.40169" lon="13.11389">
        <ele>41.83</ele>
      </trkpt>
      <trkpt lat="52.40169" lon="13.11394">
        <ele>41.82</ele>
      </trkpt>
      <trkpt lat="52.40168" lon="13.11405">
        <ele>41.88</ele>
      </trkpt>
      <trkpt lat="52.40166" lon="13.11419">
        <ele>41.9</ele>
      </trkpt>
      <trkpt lat="52.40164" lon="13.11431">
        <ele>41.54</ele>
      </trkpt>
      <trkpt lat="52.40157" lon="13.11463">
        <ele>41.06</ele>
      </trkpt>
      <trkpt lat="52.40154" lon="13.11475">
        <ele>41.23</ele>
      </trkpt>
      <trkpt lat="52.40151" lon="13.11484">
        <ele>41.64</ele>
      </trkpt>
      <trkpt lat="52.40147" lon="13.11495">
        <ele>42.3</ele>
      </trkpt>
      <trkpt lat="52.40143" lon="13.11504">
        <ele>42.8</ele>
      </trkpt>
      <trkpt lat="52.40135" lon="13.11522">
        <ele>42.42</ele>
      </trkpt>
      <trkpt lat="52.40131" lon="13.11531">
        <ele>41.95</ele>
      </trkpt>
      <trkpt lat="52.4013" lon="13.11532">
        <ele>41.95</ele>
      </trkpt>
      <trkpt lat="52.40118" lon="13.11556">
        <ele>42.48</ele>
      </trkpt>
      <trkpt lat="52.40115" lon="13.1156">
        <ele>42.44</ele>
      </trkpt>
      <trkpt lat="52.40098" lon="13.11586">
        <ele>40.15</ele>
      </trkpt>
      <trkpt lat="52.40091" lon="13.11594">
        <ele>40.11</ele>
      </trkpt>
      <trkpt lat="52.40079" lon="13.11608">
        <ele>40.97</ele>
      </trkpt>
      <trkpt lat="52.40066" lon="13.11622">
        <ele>41.38</ele>
      </trkpt>
      <trkpt lat="52.40053" lon="13.11638">
        <ele>41.03</ele>
      </trkpt>
      <trkpt lat="52.4005" lon="13.11643">
        <ele>40.88</ele>
      </trkpt>
      <trkpt lat="52.40046" lon="13.1165">
        <ele>40.74</ele>
      </trkpt>
      <trkpt lat="52.40035" lon="13.11669">
        <ele>40.95</ele>
      </trkpt>
      <trkpt lat="52.40028" lon="13.11682">
        <ele>42.64</ele>
      </trkpt>
      <trkpt lat="52.40022" lon="13.11693">
        <ele>43.45</ele>
      </trkpt>
      <trkpt lat="52.40014" lon="13.11708">
        <ele>42.27</ele>
      </trkpt>
      <trkpt lat="52.39997" lon="13.11737">
        <ele>40.7</ele>
      </trkpt>
      <trkpt lat="52.39987" lon="13.11756">
        <ele>40.66</ele>
      </trkpt>
      <trkpt lat="52.39987" lon="13.11756">
        <ele>40.66</ele>
      </trkpt>
      <trkpt lat="52.39987" lon="13.11756">
        <ele>40.66</ele>
      </trkpt>
      <trkpt lat="52.39985" lon="13.1176">
        <ele>40.5</ele>
      </trkpt>
      <trkpt lat="52.39975" lon="13.11778">
        <ele>40.68</ele>
      </trkpt>
      <trkpt lat="52.39971" lon="13.11785">
        <ele>40.46</ele>
      </trkpt>
      <trkpt lat="52.3996" lon="13.11805">
        <ele>39.46</ele>
      </trkpt>
      <trkpt lat="52.39948" lon="13.11827">
        <ele>38.13</ele>
      </trkpt>
      <trkpt lat="52.39942" lon="13.11837">
        <ele>37.85</ele>
      </trkpt>
      <trkpt lat="52.39939" lon="13.11842">
        <ele>37.66</ele>
      </trkpt>
      <trkpt lat="52.39934" lon="13.11848">
        <ele>37.79</ele>
      </trkpt>
      <trkpt lat="52.39931" lon="13.11852">
        <ele>37.9</ele>
      </trkpt>
      <trkpt lat="52.39909" lon="13.11877">
        <ele>38.72</ele>
      </trkpt>
      <trkpt lat="52.39898" lon="13.11889">
        <ele>38.33</ele>
      </trkpt>
      <trkpt lat="52.39893" lon="13.11895">
        <ele>37.64</ele>
      </trkpt>
      <trkpt lat="52.3989" lon="13.11898">
        <ele>37.29</ele>
      </trkpt>
      <trkpt lat="52.39879" lon="13.11911">
        <ele>35.8</ele>
      </trkpt>
      <trkpt lat="52.39876" lon="13.11916">
        <ele>35.47</ele>
      </trkpt>
      <trkpt lat="52.39859" lon="13.11935">
        <ele>32.6</ele>
      </trkpt>
      <trkpt lat="52.39851" lon="13.11945">
        <ele>31.69</ele>
      </trkpt>
      <trkpt lat="52.39849" lon="13.11947">
        <ele>31.55</ele>
      </trkpt>
      <trkpt lat="52.39833" lon="13.11965">
        <ele>29.15</ele>
      </trkpt>
      <trkpt lat="52.39797" lon="13.12007">
        <ele>32.02</ele>
      </trkpt>
      <trkpt lat="52.39785" lon="13.1202">
        <ele>32.51</ele>
      </trkpt>
      <trkpt lat="52.39779" lon="13.12025">
        <ele>32.8</ele>
      </trkpt>
      <trkpt lat="52.39763" lon="13.1204">
        <ele>35.72</ele>
      </trkpt>
      <trkpt lat="52.39755" lon="13.12047">
        <ele>37.99</ele>
      </trkpt>
      <trkpt lat="52.39722" lon="13.1207">
        <ele>40.0</ele>
      </trkpt>
      <trkpt lat="52.39715" lon="13.12074">
        <ele>40.0</ele>
      </trkpt>
      <trkpt lat="52.39674" lon="13.12095">
        <ele>40.11</ele>
      </trkpt>
      <trkpt lat="52.39672" lon="13.12094">
        <ele>40.07</ele>
      </trkpt>
      <trkpt lat="52.39667" lon="13.12103">
        <ele>40.01</ele>
      </trkpt>
      <trkpt lat="52.3966" lon="13.12114">
        <ele>39.86</ele>
      </trkpt>
      <trkpt lat="52.3966" lon="13.12114">
        <ele>39.86</ele>
      </trkpt>
      <trkpt lat="52.3966" lon="13.12114">
        <ele>39.86</ele>
      </trkpt>
      <trkpt lat="52.39656" lon="13.12122">
        <ele>40.22</ele>
      </trkpt>
      <trkpt lat="52.39646" lon="13.12139">
        <ele>42.23</ele>
      </trkpt>
      <trkpt lat="52.39625" lon="13.12177">
        <ele>43.81</ele>
      </trkpt>
      <trkpt lat="52.39622" lon="13.12182">
        <ele>44.0</ele>
      </trkpt>
      <trkpt lat="52.39613" lon="13.12197">
        <ele>44.52</ele>
      </trkpt>
      <trkpt lat="52.39601" lon="13.12217">
        <ele>43.45</ele>
      </trkpt>
      <trkpt lat="52.39576" lon="13.12261">
        <ele>42.68</ele>
      </trkpt>
      <trkpt lat="52.39544" lon="13.12316">
        <ele>38.93</ele>
      </trkpt>
      <trkpt lat="52.39541" lon="13.12321">
        <ele>38.68</ele>
      </trkpt>
      <trkpt lat="52.39519" lon="13.12361">
        <ele>38.95</ele>
      </trkpt>
      <trkpt lat="52.39519" lon="13.1237">
        <ele>38.63</ele>
      </trkpt>
      <trkpt lat="52.39519" lon="13.1237">
        <ele>38.63</ele>
      </trkpt>
      <trkpt lat="52.39519" lon="13.1237">
        <ele>38.63</ele>
      </trkpt>
      <trkpt lat="52.39523" lon="13.1251">
        <ele>35.94</ele>
      </trkpt>
      <trkpt lat="52.39524" lon="13.12567">
        <ele>39.75</ele>
      </trkpt>
      <trkpt lat="52.39527" lon="13.12674">
        <ele>38.4</ele>
      </trkpt>
      <trkpt lat="52.3953" lon="13.12791">
        <ele>44.61</ele>
      </trkpt>
      <trkpt lat="52.3953" lon="13.12801">
        <ele>43.91</ele>
      </trkpt>
      <trkpt lat="52.39528" lon="13.12801">
        <ele>44.29</ele>
      </trkpt>
      <trkpt lat="52.39525" lon="13.12801">
        <ele>44.6</ele>
      </trkpt>
      <trkpt lat="52.39526" lon="13.1282">
        <ele>42.28</ele>
      </trkpt>
      <trkpt lat="52.39529" lon="13.1284">
        <ele>39.43</ele>
      </trkpt>
      <trkpt lat="52.39529" lon="13.12843">
        <ele>39.22</ele>
      </trkpt>
      <trkpt lat="52.39532" lon="13.12864">
        <ele>37.78</ele>
      </trkpt>
      <trkpt lat="52.39538" lon="13.12916">
        <ele>40.21</ele>
      </trkpt>
      <trkpt lat="52.39541" lon="13.12941">
        <ele>42.26</ele>
      </trkpt>
      <trkpt lat="52.39543" lon="13.12961">
        <ele>42.03</ele>
      </trkpt>
      <trkpt lat="52.39544" lon="13.12966">
        <ele>41.79</ele>
      </trkpt>
      <trkpt lat="52.39549" lon="13.13011">
        <ele>43.5</ele>
      </trkpt>
      <trkpt lat="52.3956" lon="13.13103">
        <ele>47.33</ele>
      </trkpt>
      <trkpt lat="52.3956" lon="13.13103">
        <ele>47.33</ele>
      </trkpt>
      <trkpt lat="52.3956" lon="13.13103">
        <ele>47.33</ele>
      </trkpt>
      <trkpt lat="52.39562" lon="13.13124">
        <ele>46.3</ele>
      </trkpt>
      <trkpt lat="52.39568" lon="13.13122">
        <ele>46.16</ele>
      </trkpt>
      <trkpt lat="52.39573" lon="13.13124">
        <ele>45.91</ele>
      </trkpt>
      <trkpt lat="52.39577" lon="13.13127">
        <ele>45.66</ele>
      </trkpt>
      <trkpt lat="52.39584" lon="13.13136">
        <ele>44.98</ele>
      </trkpt>
      <trkpt lat="52.39595" lon="13.13154">
        <ele>42.81</ele>
      </trkpt>
      <trkpt lat="52.39777" lon="13.13588">
        <ele>47.96</ele>
      </trkpt>
      <trkpt lat="52.39793" lon="13.13626">
        <ele>46.4</ele>
      </trkpt>
      <trkpt lat="52.39804" lon="13.13651">
        <ele>46.06</ele>
      </trkpt>
      <trkpt lat="52.39804" lon="13.13651">
        <ele>46.06</ele>
      </trkpt>
      <trkpt lat="52.39804" lon="13.13651">
        <ele>46.06</ele>
      </trkpt>
      <trkpt lat="52.39807" lon="13.1366">
        <ele>46.21</ele>
      </trkpt>
      <trkpt lat="52.39812" lon="13.13652">
        <ele>46.67</ele>
      </trkpt>
      <trkpt lat="52.39817" lon="13.13637">
        <ele>46.25</ele>
      </trkpt>
      <trkpt lat="52.39824" lon="13.13613">
        <ele>44.18</ele>
      </trkpt>
      <trkpt lat="52.39828" lon="13.13592">
        <ele>41.09</ele>
      </trkpt>
      <trkpt lat="52.39831" lon="13.13578">
        <ele>39.08</ele>
      </trkpt>
      <trkpt lat="52.39835" lon="13.13566">
        <ele>38.38</ele>
      </trkpt>
      <trkpt lat="52.39843" lon="13.13545">
        <ele>37.75</ele>
      </trkpt>
      <trkpt lat="52.39848" lon="13.13531">
        <ele>37.58</ele>
      </trkpt>
      <trkpt lat="52.3985" lon="13.13523">
        <ele>37.67</ele>
      </trkpt>
      <trkpt lat="52.3985" lon="13.13519">
        <ele>37.73</ele>
      </trkpt>
      <trkpt lat="52.3985" lon="13.13514">
        <ele>37.8</ele>
      </trkpt>
      <trkpt lat="52.3985" lon="13.13514">
        <ele>37.8</ele>
      </trkpt>
      <trkpt lat="52.3985" lon="13.13514">
        <ele>37.8</ele>
      </trkpt>
      <trkpt lat="52.3985" lon="13.13519">
        <ele>37.73</ele>
      </trkpt>
      <trkpt lat="52.3985" lon="13.13523">
        <ele>37.67</ele>
      </trkpt>
      <trkpt lat="52.39848" lon="13.13531">
        <ele>37.58</ele>
      </trkpt>
      <trkpt lat="52.39843" lon="13.13545">
        <ele>37.75</ele>
      </trkpt>
      <trkpt lat="52.39835" lon="13.13566">
        <ele>38.38</ele>
      </trkpt>
      <trkpt lat="52.39831" lon="13.13578">
        <ele>39.08</ele>
      </trkpt>
      <trkpt lat="52.39828" lon="13.13592">
        <ele>41.09</ele>
      </trkpt>
      <trkpt lat="52.39824" lon="13.13613">
        <ele>44.18</ele>
      </trkpt>
      <trkpt lat="52.39817" lon="13.13637">
        <ele>46.25</ele>
      </trkpt>
      <trkpt lat="52.39812" lon="13.13652">
        <ele>46.67</ele>
      </trkpt>
      <trkpt lat="52.39807" lon="13.1366">
        <ele>46.21</ele>
      </trkpt>
      <trkpt lat="52.3981" lon="13.13667">
        <ele>46.79</ele>
      </trkpt>
      <trkpt lat="52.39811" lon="13.13676">
        <ele>46.78</ele>
      </trkpt>
      <trkpt lat="52.39809" lon="13.13686">
        <ele>46.36</ele>
      </trkpt>
      <trkpt lat="52.39786" lon="13.13809">
        <ele>44.77</ele>
      </trkpt>
      <trkpt lat="52.39786" lon="13.13809">
        <ele>44.77</ele>
      </trkpt>
      <trkpt lat="52.39786" lon="13.13809">
        <ele>44.77</ele>
      </trkpt>
      <trkpt lat="52.39782" lon="13.1383">
        <ele>44.78</ele>
      </trkpt>
      <trkpt lat="52.39775" lon="13.13854">
        <ele>47.09</ele>
      </trkpt>
      <trkpt lat="52.39786" lon="13.1387">
        <ele>47.59</ele>
      </trkpt>
      <trkpt lat="52.3985" lon="13.13968">
        <ele>42.53</ele>
      </trkpt>
      <trkpt lat="52.3986" lon="13.13984">
        <ele>40.52</ele>
      </trkpt>
      <trkpt lat="52.39869" lon="13.13998">
        <ele>41.26</ele>
      </trkpt>
      <trkpt lat="52.39876" lon="13.14009">
        <ele>41.73</ele>
      </trkpt>
      <trkpt lat="52.39889" lon="13.14031">
        <ele>42.09</ele>
      </trkpt>
      <trkpt lat="52.39898" lon="13.14047">
        <ele>41.4</ele>
      </trkpt>
      <trkpt lat="52.39925" lon="13.141">
        <ele>40.44</ele>
      </trkpt>
      <trkpt lat="52.39929" lon="13.14108">
        <ele>40.07</ele>
      </trkpt>
      <trkpt lat="52.39932" lon="13.14115">
        <ele>39.83</ele>
      </trkpt>
      <trkpt lat="52.3994" lon="13.1413">
        <ele>39.21</ele>
      </trkpt>
      <trkpt lat="52.39937" lon="13.14138">
        <ele>39.28</ele>
      </trkpt>
      <trkpt lat="52.39937" lon="13.14138">
        <ele>39.28</ele>
      </trkpt>
      <trkpt lat="52.39937" lon="13.14138">
        <ele>39.28</ele>
      </trkpt>
      <trkpt lat="52.39928" lon="13.1416">
        <ele>38.38</ele>
      </trkpt>
      <trkpt lat="52.39919" lon="13.14181">
        <ele>38.95</ele>
      </trkpt>
      <trkpt lat="52.39916" lon="13.14196">
        <ele>39.96</ele>
      </trkpt>
      <trkpt lat="52.39916" lon="13.14217">
        <ele>40.72</ele>
      </trkpt>
      <trkpt lat="52.39916" lon="13.14241">
        <ele>38.99</ele>
      </trkpt>
      <trkpt lat="52.39916" lon="13.14264">
        <ele>35.54</ele>
      </trkpt>
      <trkpt lat="52.39914" lon="13.14279">
        <ele>33.12</ele>
      </trkpt>
      <trkpt lat="52.3991" lon="13.14293">
        <ele>32.78</ele>
      </trkpt>
      <trkpt lat="52.39903" lon="13.14304">
        <ele>33.49</ele>
      </trkpt>
      <trkpt lat="52.39897" lon="13.1431">
        <ele>34.72</ele>
      </trkpt>
      <trkpt lat="52.39891" lon="13.14314">
        <ele>36.16</ele>
      </trkpt>
      <trkpt lat="52.39891" lon="13.14314">
        <ele>36.16</ele>
      </trkpt>
      <trkpt lat="52.39886" lon="13.14315">
        <ele>36.95</ele>
      </trkpt>
      <trkpt lat="52.39879" lon="13.14316">
        <ele>37.64</ele>
      </trkpt>
      <trkpt lat="52.39874" lon="13.14317">
        <ele>38.08</ele>
      </trkpt>
      <trkpt lat="52.39853" lon="13.14316">
        <ele>40.82</ele>
      </trkpt>
      <trkpt lat="52.39849" lon="13.14316">
        <ele>41.59</ele>
      </trkpt>
      <trkpt lat="52.39843" lon="13.14318">
        <ele>42.66</ele>
      </trkpt>
      <trkpt lat="52.39838" lon="13.14321">
        <ele>43.51</ele>
      </trkpt>
      <trkpt lat="52.39807" lon="13.14339">
        <ele>37.32</ele>
      </trkpt>
      <trkpt lat="52.39805" lon="13.14339">
        <ele>37.02</ele>
      </trkpt>
      <trkpt lat="52.3976" lon="13.14365">
        <ele>37.74</ele>
      </trkpt>
      <trkpt lat="52.3977" lon="13.14377">
        <ele>38.1</ele>
      </trkpt>
      <trkpt lat="52.39774" lon="13.14383">
        <ele>38.5</ele>
      </trkpt>
      <trkpt lat="52.39774" lon="13.14383">
        <ele>38.5</ele>
      </trkpt>
      <trkpt lat="52.39774" lon="13.14382">
        <ele>38.44</ele>
      </trkpt>
      <trkpt lat="52.39822" lon="13.14439">
        <ele>36.62</ele>
      </trkpt>
      <trkpt lat="52.39831" lon="13.14451">
        <ele>34.58</ele>
      </trkpt>
      <trkpt lat="52.39859" lon="13.14487">
        <ele>30.11</ele>
      </trkpt>
      <trkpt lat="52.39862" lon="13.1449">
        <ele>29.99</ele>
      </trkpt>
      <trkpt lat="52.39876" lon="13.14508">
        <ele>29.73</ele>
      </trkpt>
      <trkpt lat="52.39886" lon="13.1452">
        <ele>29.85</ele>
      </trkpt>
      <trkpt lat="52.39888" lon="13.14523">
        <ele>29.95</ele>
      </trkpt>
      <trkpt lat="52.39905" lon="13.14544">
        <ele>32.27</ele>
      </trkpt>
      <trkpt lat="52.39898" lon="13.1456">
        <ele>32.45</ele>
      </trkpt>
      <trkpt lat="52.39894" lon="13.14612">
        <ele>35.54</ele>
      </trkpt>
      <trkpt lat="52.3989" lon="13.14663">
        <ele>38.82</ele>
      </trkpt>
      <trkpt lat="52.39889" lon="13.14676">
        <ele>40.36</ele>
      </trkpt>
      <trkpt lat="52.39885" lon="13.14709">
        <ele>43.67</ele>
      </trkpt>
      <trkpt lat="52.39883" lon="13.14724">
        <ele>44.75</ele>
      </trkpt>
      <trkpt lat="52.39885" lon="13.14733">
        <ele>45.1</ele>
      </trkpt>
      <trkpt lat="52.39885" lon="13.14733">
        <ele>45.1</ele>
      </trkpt>
      <trkpt lat="52.39885" lon="13.14733">
        <ele>45.1</ele>
      </trkpt>
      <trkpt lat="52.39912" lon="13.14786">
        <ele>50.08</ele>
      </trkpt>
      <trkpt lat="52.3994" lon="13.14884">
        <ele>52.27</ele>
      </trkpt>
      <trkpt lat="52.39968" lon="13.14981">
        <ele>54.62</ele>
      </trkpt>
      <trkpt lat="52.39995" lon="13.15057">
        <ele>54.63</ele>
      </trkpt>
      <trkpt lat="52.40021" lon="13.15133">
        <ele>61.88</ele>
      </trkpt>
      <trkpt lat="52.40048" lon="13.15209">
        <ele>62.3</ele>
      </trkpt>
      <trkpt lat="52.40086" lon="13.15333">
        <ele>59.01</ele>
      </trkpt>
      <trkpt lat="52.4012" lon="13.15451">
        <ele>62.03</ele>
      </trkpt>
      <trkpt lat="52.40144" lon="13.15523">
        <ele>59.51</ele>
      </trkpt>
      <trkpt lat="52.40144" lon="13.15523">
        <ele>59.51</ele>
      </trkpt>
      <trkpt lat="52.40144" lon="13.15523">
        <ele>59.51</ele>
      </trkpt>
      <trkpt lat="52.40172" lon="13.15605">
        <ele>64.22</ele>
      </trkpt>
      <trkpt lat="52.402" lon="13.15687">
        <ele>63.58</ele>
      </trkpt>
      <trkpt lat="52.40231" lon="13.15768">
        <ele>61.85</ele>
      </trkpt>
      <trkpt lat="52.40261" lon="13.15854">
        <ele>61.33</ele>
      </trkpt>
      <trkpt lat="52.40291" lon="13.15939">
        <ele>64.63</ele>
      </trkpt>
      <trkpt lat="52.40314" lon="13.1601">
        <ele>60.17</ele>
      </trkpt>
      <trkpt lat="52.40337" lon="13.1608">
        <ele>58.57</ele>
      </trkpt>
      <trkpt lat="52.40365" lon="13.16166">
        <ele>62.23</ele>
      </trkpt>
      <trkpt lat="52.40394" lon="13.16252">
        <ele>66.87</ele>
      </trkpt>
      <trkpt lat="52.40422" lon="13.16338">
        <ele>57.1</ele>
      </trkpt>
      <trkpt lat="52.40422" lon="13.16338">
        <ele>57.1</ele>
      </trkpt>
      <trkpt lat="52.40422" lon="13.16338">
        <ele>57.1</ele>
      </trkpt>
      <trkpt lat="52.40426" lon="13.16351">
        <ele>56.69</ele>
      </trkpt>
      <trkpt lat="52.40454" lon="13.16431">
        <ele>58.26</ele>
      </trkpt>
      <trkpt lat="52.40481" lon="13.1651">
        <ele>61.44</ele>
      </trkpt>
      <trkpt lat="52.40509" lon="13.1659">
        <ele>64.63</ele>
      </trkpt>
      <trkpt lat="52.4051" lon="13.16593">
        <ele>64.35</ele>
      </trkpt>
      <trkpt lat="52.40538" lon="13.16678">
        <ele>57.11</ele>
      </trkpt>
      <trkpt lat="52.40567" lon="13.16764">
        <ele>57.71</ele>
      </trkpt>
      <trkpt lat="52.40595" lon="13.16849">
        <ele>55.17</ele>
      </trkpt>
      <trkpt lat="52.40637" lon="13.16976">
        <ele>55.86</ele>
      </trkpt>
      <trkpt lat="52.40659" lon="13.17044">
        <ele>58.7</ele>
      </trkpt>
      <trkpt lat="52.40659" lon="13.17044">
        <ele>58.7</ele>
      </trkpt>
      <trkpt lat="52.40659" lon="13.17044">
        <ele>58.7</ele>
      </trkpt>
      <trkpt lat="52.40676" lon="13.17095">
        <ele>58.71</ele>
      </trkpt>
      <trkpt lat="52.4068" lon="13.17107">
        <ele>59.74</ele>
      </trkpt>
      <trkpt lat="52.40721" lon="13.17225">
        <ele>65.71</ele>
      </trkpt>
      <trkpt lat="52.40752" lon="13.17319">
        <ele>54.14</ele>
      </trkpt>
      <trkpt lat="52.40783" lon="13.17413">
        <ele>52.89</ele>
      </trkpt>
      <trkpt lat="52.40803" lon="13.17473">
        <ele>56.04</ele>
      </trkpt>
      <trkpt lat="52.40814" lon="13.17505">
        <ele>61.75</ele>
      </trkpt>
      <trkpt lat="52.40836" lon="13.17572">
        <ele>64.66</ele>
      </trkpt>
      <trkpt lat="52.40858" lon="13.17639">
        <ele>63.34</ele>
      </trkpt>
      <trkpt lat="52.40881" lon="13.17705">
        <ele>63.32</ele>
      </trkpt>
      <trkpt lat="52.40903" lon="13.17772">
        <ele>66.2</ele>
      </trkpt>
      <trkpt lat="52.40925" lon="13.17839">
        <ele>63.87</ele>
      </trkpt>
      <trkpt lat="52.40947" lon="13.17904">
        <ele>65.33</ele>
      </trkpt>
      <trkpt lat="52.40968" lon="13.17968">
        <ele>63.93</ele>
      </trkpt>
      <trkpt lat="52.4099" lon="13.18033">
        <ele>64.91</ele>
      </trkpt>
      <trkpt lat="52.41011" lon="13.18098">
        <ele>65.59</ele>
      </trkpt>
      <trkpt lat="52.41033" lon="13.18163">
        <ele>65.49</ele>
      </trkpt>
      <trkpt lat="52.41055" lon="13.18227">
        <ele>68.03</ele>
      </trkpt>
      <trkpt lat="52.41076" lon="13.18292">
        <ele>66.24</ele>
      </trkpt>
      <trkpt lat="52.41098" lon="13.18357">
        <ele>66.37</ele>
      </trkpt>
      <trkpt lat="52.41119" lon="13.18421">
        <ele>65.86</ele>
      </trkpt>
      <trkpt lat="52.41141" lon="13.18486">
        <ele>60.17</ele>
      </trkpt>
      <trkpt lat="52.41141" lon="13.18486">
        <ele>60.17</ele>
      </trkpt>
      <trkpt lat="52.41141" lon="13.18486">
        <ele>60.17</ele>
      </trkpt>
      <trkpt lat="52.41149" lon="13.18511">
        <ele>56.25</ele>
      </trkpt>
      <trkpt lat="52.4118" lon="13.18604">
        <ele>57.89</ele>
      </trkpt>
      <trkpt lat="52.41205" lon="13.18682">
        <ele>65.47</ele>
      </trkpt>
      <trkpt lat="52.41231" lon="13.18759">
        <ele>58.04</ele>
      </trkpt>
      <trkpt lat="52.41253" lon="13.18825">
        <ele>57.99</ele>
      </trkpt>
      <trkpt lat="52.41275" lon="13.18891">
        <ele>65.23</ele>
      </trkpt>
      <trkpt lat="52.41297" lon="13.18957">
        <ele>65.16</ele>
      </trkpt>
      <trkpt lat="52.41319" lon="13.19023">
        <ele>62.6</ele>
      </trkpt>
      <trkpt lat="52.41341" lon="13.19089">
        <ele>61.44</ele>
      </trkpt>
      <trkpt lat="52.41383" lon="13.19214">
        <ele>57.87</ele>
      </trkpt>
      <trkpt lat="52.41407" lon="13.19287">
        <ele>57.25</ele>
      </trkpt>
      <trkpt lat="52.41431" lon="13.19359">
        <ele>57.82</ele>
      </trkpt>
      <trkpt lat="52.41455" lon="13.1943">
        <ele>62.58</ele>
      </trkpt>
      <trkpt lat="52.41481" lon="13.19506">
        <ele>62.84</ele>
      </trkpt>
      <trkpt lat="52.41506" lon="13.19583">
        <ele>60.81</ele>
      </trkpt>
      <trkpt lat="52.41532" lon="13.19659">
        <ele>51.45</ele>
      </trkpt>
      <trkpt lat="52.41537" lon="13.19677">
        <ele>48.31</ele>
      </trkpt>
      <trkpt lat="52.41539" lon="13.19683">
        <ele>47.39</ele>
      </trkpt>
      <trkpt lat="52.41539" lon="13.19683">
        <ele>47.39</ele>
      </trkpt>
      <trkpt lat="52.41537" lon="13.19677">
        <ele>48.31</ele>
      </trkpt>
      <trkpt lat="52.41563" lon="13.19754">
        <ele>45.07</ele>
      </trkpt>
      <trkpt lat="52.4157" lon="13.19775">
        <ele>46.08</ele>
      </trkpt>
      <trkpt lat="52.41584" lon="13.19815">
        <ele>50.38</ele>
      </trkpt>
      <trkpt lat="52.4162" lon="13.19927">
        <ele>56.17</ele>
      </trkpt>
      <trkpt lat="52.41667" lon="13.20069">
        <ele>62.02</ele>
      </trkpt>
      <trkpt lat="52.41717" lon="13.20215">
        <ele>61.85</ele>
      </trkpt>
      <trkpt lat="52.41726" lon="13.20238">
        <ele>58.49</ele>
      </trkpt>
      <trkpt lat="52.41732" lon="13.20256">
        <ele>57.28</ele>
      </trkpt>
      <trkpt lat="52.41735" lon="13.20267">
        <ele>57.66</ele>
      </trkpt>
      <trkpt lat="52.41754" lon="13.20324">
        <ele>57.81</ele>
      </trkpt>
      <trkpt lat="52.41803" lon="13.20476">
        <ele>54.58</ele>
      </trkpt>
      <trkpt lat="52.41809" lon="13.20493">
        <ele>54.44</ele>
      </trkpt>
      <trkpt lat="52.41809" lon="13.20493">
        <ele>54.44</ele>
      </trkpt>
      <trkpt lat="52.41809" lon="13.20493">
        <ele>54.44</ele>
      </trkpt>
      <trkpt lat="52.41833" lon="13.20568">
        <ele>53.49</ele>
      </trkpt>
      <trkpt lat="52.41855" lon="13.20636">
        <ele>54.47</ele>
      </trkpt>
      <trkpt lat="52.41862" lon="13.20657">
        <ele>54.21</ele>
      </trkpt>
      <trkpt lat="52.41906" lon="13.20793">
        <ele>55.84</ele>
      </trkpt>
      <trkpt lat="52.41916" lon="13.20821">
        <ele>56.11</ele>
      </trkpt>
      <trkpt lat="52.41933" lon="13.20875">
        <ele>52.5</ele>
      </trkpt>
      <trkpt lat="52.41938" lon="13.20891">
        <ele>52.06</ele>
      </trkpt>
      <trkpt lat="52.41947" lon="13.20919">
        <ele>53.09</ele>
      </trkpt>
      <trkpt lat="52.41948" lon="13.20921">
        <ele>53.18</ele>
      </trkpt>
      <trkpt lat="52.4195" lon="13.20929">
        <ele>53.53</ele>
      </trkpt>
      <trkpt lat="52.41955" lon="13.20944">
        <ele>54.36</ele>
      </trkpt>
      <trkpt lat="52.41957" lon="13.20951">
        <ele>54.58</ele>
      </trkpt>
      <trkpt lat="52.41962" lon="13.20967">
        <ele>54.93</ele>
      </trkpt>
      <trkpt lat="52.42027" lon="13.21164">
        <ele>56.12</ele>
      </trkpt>
      <trkpt lat="52.42038" lon="13.21199">
        <ele>60.12</ele>
      </trkpt>
      <trkpt lat="52.42038" lon="13.21199">
        <ele>60.12</ele>
      </trkpt>
      <trkpt lat="52.42038" lon="13.21199">
        <ele>60.12</ele>
      </trkpt>
      <trkpt lat="52.42099" lon="13.21385">
        <ele>53.37</ele>
      </trkpt>
      <trkpt lat="52.42166" lon="13.21591">
        <ele>50.51</ele>
      </trkpt>
      <trkpt lat="52.42174" lon="13.21615">
        <ele>48.14</ele>
      </trkpt>
      <trkpt lat="52.4218" lon="13.21636">
        <ele>44.51</ele>
      </trkpt>
      <trkpt lat="52.42197" lon="13.21687">
        <ele>38.81</ele>
      </trkpt>
      <trkpt lat="52.42203" lon="13.21705">
        <ele>39.35</ele>
      </trkpt>
      <trkpt lat="52.4223" lon="13.21788">
        <ele>39.09</ele>
      </trkpt>
      <trkpt lat="52.42233" lon="13.21798">
        <ele>40.57</ele>
      </trkpt>
      <trkpt lat="52.42247" lon="13.21841">
        <ele>41.72</ele>
      </trkpt>
      <trkpt lat="52.42277" lon="13.21933">
        <ele>43.84</ele>
      </trkpt>
      <trkpt lat="52.4229" lon="13.21971">
        <ele>41.24</ele>
      </trkpt>
      <trkpt lat="52.42307" lon="13.22025">
        <ele>39.11</ele>
      </trkpt>
      <trkpt lat="52.42338" lon="13.22124">
        <ele>45.39</ele>
      </trkpt>
      <trkpt lat="52.42348" lon="13.22151">
        <ele>48.05</ele>
      </trkpt>
      <trkpt lat="52.42358" lon="13.22182">
        <ele>50.71</ele>
      </trkpt>
      <trkpt lat="52.42358" lon="13.22182">
        <ele>50.71</ele>
      </trkpt>
      <trkpt lat="52.42358" lon="13.22182">
        <ele>50.71</ele>
      </trkpt>
      <trkpt lat="52.42388" lon="13.22273">
        <ele>52.96</ele>
      </trkpt>
      <trkpt lat="52.42393" lon="13.2229">
        <ele>53.16</ele>
      </trkpt>
      <trkpt lat="52.42426" lon="13.22392">
        <ele>51.14</ele>
      </trkpt>
      <trkpt lat="52.42449" lon="13.22461">
        <ele>51.44</ele>
      </trkpt>
      <trkpt lat="52.42452" lon="13.22472">
        <ele>51.09</ele>
      </trkpt>
      <trkpt lat="52.42452" lon="13.22472">
        <ele>51.09</ele>
      </trkpt>
      <trkpt lat="52.42452" lon="13.22472">
        <ele>51.09</ele>
      </trkpt>
      <trkpt lat="52.42369" lon="13.22478">
        <ele>54.08</ele>
      </trkpt>
      <trkpt lat="52.42358" lon="13.2248">
        <ele>51.89</ele>
      </trkpt>
      <trkpt lat="52.42353" lon="13.22485">
        <ele>49.78</ele>
      </trkpt>
      <trkpt lat="52.4235" lon="13.22476">
        <ele>49.67</ele>
      </trkpt>
      <trkpt lat="52.42328" lon="13.22478">
        <ele>43.23</ele>
      </trkpt>
      <trkpt lat="52.42315" lon="13.22479">
        <ele>41.36</ele>
      </trkpt>
      <trkpt lat="52.42265" lon="13.22485">
        <ele>40.75</ele>
      </trkpt>
      <trkpt lat="52.42265" lon="13.22485">
        <ele>40.75</ele>
      </trkpt>
      <trkpt lat="52.42265" lon="13.22485">
        <ele>40.75</ele>
      </trkpt>
      <trkpt lat="52.42243" lon="13.22487">
        <ele>41.35</ele>
      </trkpt>
      <trkpt lat="52.42115" lon="13.22504">
        <ele>45.08</ele>
      </trkpt>
      <trkpt lat="52.4211" lon="13.22505">
        <ele>45.78</ele>
      </trkpt>
      <trkpt lat="52.42102" lon="13.22508">
        <ele>45.38</ele>
      </trkpt>
      <trkpt lat="52.42086" lon="13.22512">
        <ele>44.66</ele>
      </trkpt>
      <trkpt lat="52.4209" lon="13.2252">
        <ele>44.52</ele>
      </trkpt>
      <trkpt lat="52.4209" lon="13.2252">
        <ele>44.52</ele>
      </trkpt>
      <trkpt lat="52.4209" lon="13.2252">
        <ele>44.52</ele>
      </trkpt>
      <trkpt lat="52.4209" lon="13.22535">
        <ele>44.38</ele>
      </trkpt>
      <trkpt lat="52.42092" lon="13.22548">
        <ele>44.59</ele>
      </trkpt>
      <trkpt lat="52.42097" lon="13.22571">
        <ele>45.63</ele>
      </trkpt>
      <trkpt lat="52.42104" lon="13.22597">
        <ele>46.25</ele>
      </trkpt>
      <trkpt lat="52.42104" lon="13.22597">
        <ele>46.25</ele>
      </trkpt>
      <trkpt lat="52.42104" lon="13.22597">
        <ele>46.25</ele>
      </trkpt>
      <trkpt lat="52.42108" lon="13.22613">
        <ele>46.89</ele>
      </trkpt>
      <trkpt lat="52.42102" lon="13.22619">
        <ele>46.67</ele>
      </trkpt>
      <trkpt lat="52.42099" lon="13.22621">
        <ele>46.56</ele>
      </trkpt>
      <trkpt lat="52.42097" lon="13.22624">
        <ele>46.49</ele>
      </trkpt>
      <trkpt lat="52.42095" lon="13.22627">
        <ele>46.42</ele>
      </trkpt>
      <trkpt lat="52.42094" lon="13.22632">
        <ele>46.38</ele>
      </trkpt>
      <trkpt lat="52.42094" lon="13.22638">
        <ele>46.38</ele>
      </trkpt>
      <trkpt lat="52.42094" lon="13.22643">
        <ele>46.29</ele>
      </trkpt>
      <trkpt lat="52.42095" lon="13.22645">
        <ele>46.29</ele>
      </trkpt>
      <trkpt lat="52.42095" lon="13.22645">
        <ele>46.29</ele>
      </trkpt>
      <trkpt lat="52.42098" lon="13.22656">
        <ele>46.24</ele>
      </trkpt>
      <trkpt lat="52.42098" lon="13.22656">
        <ele>46.24</ele>
      </trkpt>
      <trkpt lat="52.42106" lon="13.22677">
        <ele>46.87</ele>
      </trkpt>
      <trkpt lat="52.42106" lon="13.22677">
        <ele>46.87</ele>
      </trkpt>
      <trkpt lat="52.42098" lon="13.22739">
        <ele>41.77</ele>
      </trkpt>
      <trkpt lat="52.42098" lon="13.22739">
        <ele>41.77</ele>
      </trkpt>
      <trkpt lat="52.42098" lon="13.22739">
        <ele>41.77</ele>
      </trkpt>
      <trkpt lat="52.42093" lon="13.22783">
        <ele>39.16</ele>
      </trkpt>
      <trkpt lat="52.4209" lon="13.22807">
        <ele>38.2</ele>
      </trkpt>
      <trkpt lat="52.42089" lon="13.22817">
        <ele>37.88</ele>
      </trkpt>
      <trkpt lat="52.42087" lon="13.2284">
        <ele>37.57</ele>
      </trkpt>
      <trkpt lat="52.42086" lon="13.22846">
        <ele>37.74</ele>
      </trkpt>
      <trkpt lat="52.42083" lon="13.2289">
        <ele>42.03</ele>
      </trkpt>
      <trkpt lat="52.42077" lon="13.22997">
        <ele>45.92</ele>
      </trkpt>
      <trkpt lat="52.42071" lon="13.23104">
        <ele>44.53</ele>
      </trkpt>
      <trkpt lat="52.42065" lon="13.23213">
        <ele>43.79</ele>
      </trkpt>
      <trkpt lat="52.42065" lon="13.23249">
        <ele>43.35</ele>
      </trkpt>
      <trkpt lat="52.42066" lon="13.23279">
        <ele>42.8</ele>
      </trkpt>
      <trkpt lat="52.42071" lon="13.23321">
        <ele>44.42</ele>
      </trkpt>
      <trkpt lat="52.42087" lon="13.23409">
        <ele>45.26</ele>
      </trkpt>
      <trkpt lat="52.42091" lon="13.23429">
        <ele>46.12</ele>
      </trkpt>
      <trkpt lat="52.421" lon="13.23476">
        <ele>49.51</ele>
      </trkpt>
      <trkpt lat="52.42107" lon="13.23507">
        <ele>50.38</ele>
      </trkpt>
      <trkpt lat="52.42111" lon="13.23539">
        <ele>49.18</ele>
      </trkpt>
      <trkpt lat="52.42112" lon="13.23557">
        <ele>48.1</ele>
      </trkpt>
      <trkpt lat="52.42113" lon="13.23575">
        <ele>47.5</ele>
      </trkpt>
      <trkpt lat="52.42114" lon="13.23632">
        <ele>45.77</ele>
      </trkpt>
      <trkpt lat="52.42114" lon="13.23671">
        <ele>46.0</ele>
      </trkpt>
      <trkpt lat="52.42114" lon="13.23769">
        <ele>46.58</ele>
      </trkpt>
      <trkpt lat="52.42115" lon="13.23884">
        <ele>41.49</ele>
      </trkpt>
      <trkpt lat="52.42116" lon="13.2394">
        <ele>40.94</ele>
      </trkpt>
      <trkpt lat="52.42119" lon="13.23998">
        <ele>41.79</ele>
      </trkpt>
      <trkpt lat="52.42124" lon="13.24111">
        <ele>40.0</ele>
      </trkpt>
      <trkpt lat="52.42128" lon="13.24111">
        <ele>40.0</ele>
      </trkpt>
      <trkpt lat="52.42129" lon="13.24129">
        <ele>39.36</ele>
      </trkpt>
      <trkpt lat="52.4213" lon="13.24168">
        <ele>41.09</ele>
      </trkpt>
      <trkpt lat="52.42131" lon="13.24186">
        <ele>41.84</ele>
      </trkpt>
      <trkpt lat="52.42135" lon="13.24271">
        <ele>43.55</ele>
      </trkpt>
      <trkpt lat="52.42135" lon="13.24287">
        <ele>43.29</ele>
      </trkpt>
      <trkpt lat="52.42137" lon="13.2433">
        <ele>41.92</ele>
      </trkpt>
      <trkpt lat="52.42139" lon="13.2437">
        <ele>42.04</ele>
      </trkpt>
      <trkpt lat="52.4214" lon="13.24383">
        <ele>40.73</ele>
      </trkpt>
      <trkpt lat="52.42141" lon="13.24417">
        <ele>39.31</ele>
      </trkpt>
      <trkpt lat="52.42142" lon="13.24429">
        <ele>39.79</ele>
      </trkpt>
      <trkpt lat="52.42144" lon="13.24488">
        <ele>40.16</ele>
      </trkpt>
      <trkpt lat="52.42145" lon="13.2449">
        <ele>40.16</ele>
      </trkpt>
      <trkpt lat="52.42145" lon="13.24498">
        <ele>40.03</ele>
      </trkpt>
      <trkpt lat="52.42146" lon="13.24505">
        <ele>39.64</ele>
      </trkpt>
      <trkpt lat="52.42146" lon="13.24505">
        <ele>39.64</ele>
      </trkpt>
      <trkpt lat="52.42145" lon="13.24505">
        <ele>39.64</ele>
      </trkpt>
      <trkpt lat="52.42146" lon="13.24509">
        <ele>39.35</ele>
      </trkpt>
      <trkpt lat="52.42148" lon="13.2452">
        <ele>38.56</ele>
      </trkpt>
      <trkpt lat="52.42149" lon="13.24527">
        <ele>38.06</ele>
      </trkpt>
      <trkpt lat="52.4215" lon="13.24531">
        <ele>37.98</ele>
      </trkpt>
      <trkpt lat="52.42154" lon="13.24542">
        <ele>38.05</ele>
      </trkpt>
      <trkpt lat="52.42156" lon="13.24547">
        <ele>38.16</ele>
      </trkpt>
      <trkpt lat="52.42151" lon="13.24555">
        <ele>37.87</ele>
      </trkpt>
      <trkpt lat="52.42146" lon="13.24564">
        <ele>37.82</ele>
      </trkpt>
      <trkpt lat="52.42138" lon="13.24575">
        <ele>37.68</ele>
      </trkpt>
      <trkpt lat="52.42132" lon="13.24582">
        <ele>37.72</ele>
      </trkpt>
      <trkpt lat="52.42125" lon="13.24591">
        <ele>37.91</ele>
      </trkpt>
      <trkpt lat="52.42122" lon="13.24595">
        <ele>37.98</ele>
      </trkpt>
      <trkpt lat="52.42088" lon="13.24635">
        <ele>34.79</ele>
      </trkpt>
      <trkpt lat="52.42071" lon="13.24657">
        <ele>30.32</ele>
      </trkpt>
      <trkpt lat="52.42062" lon="13.24673">
        <ele>29.0</ele>
      </trkpt>
      <trkpt lat="52.42035" lon="13.24722">
        <ele>32.52</ele>
      </trkpt>
      <trkpt lat="52.42019" lon="13.24751">
        <ele>41.99</ele>
      </trkpt>
      <trkpt lat="52.42019" lon="13.24751">
        <ele>41.99</ele>
      </trkpt>
      <trkpt lat="52.41979" lon="13.24821">
        <ele>45.52</ele>
      </trkpt>
      <trkpt lat="52.41939" lon="13.2489">
        <ele>45.06</ele>
      </trkpt>
      <trkpt lat="52.41939" lon="13.2489">
        <ele>45.06</ele>
      </trkpt>
      <trkpt lat="52.41923" lon="13.24919">
        <ele>43.47</ele>
      </trkpt>
      <trkpt lat="52.41923" lon="13.24919">
        <ele>43.47</ele>
      </trkpt>
      <trkpt lat="52.41922" lon="13.24922">
        <ele>43.42</ele>
      </trkpt>
      <trkpt lat="52.41918" lon="13.2492">
        <ele>43.69</ele>
      </trkpt>
      <trkpt lat="52.41916" lon="13.24918">
        <ele>43.88</ele>
      </trkpt>
      <trkpt lat="52.41916" lon="13.24913">
        <ele>44.77</ele>
      </trkpt>
      <trkpt lat="52.41904" lon="13.24907">
        <ele>45.63</ele>
      </trkpt>
      <trkpt lat="52.41883" lon="13.24896">
        <ele>47.73</ele>
      </trkpt>
      <trkpt lat="52.41854" lon="13.2487">
        <ele>51.8</ele>
      </trkpt>
      <trkpt lat="52.41808" lon="13.24829">
        <ele>48.11</ele>
      </trkpt>
      <trkpt lat="52.41808" lon="13.24829">
        <ele>48.11</ele>
      </trkpt>
      <trkpt lat="52.41808" lon="13.24829">
        <ele>48.11</ele>
      </trkpt>
      <trkpt lat="52.41768" lon="13.24794">
        <ele>33.8</ele>
      </trkpt>
      <trkpt lat="52.41767" lon="13.24797">
        <ele>34.15</ele>
      </trkpt>
      <trkpt lat="52.41744" lon="13.24803">
        <ele>33.63</ele>
      </trkpt>
      <trkpt lat="52.41744" lon="13.24803">
        <ele>33.63</ele>
      </trkpt>
      <trkpt lat="52.41744" lon="13.24803">
        <ele>33.63</ele>
      </trkpt>
      <trkpt lat="52.41698" lon="13.24816">
        <ele>33.86</ele>
      </trkpt>
      <trkpt lat="52.4166" lon="13.24825">
        <ele>33.2</ele>
      </trkpt>
      <trkpt lat="52.41635" lon="13.24814">
        <ele>34.16</ele>
      </trkpt>
      <trkpt lat="52.41588" lon="13.24803">
        <ele>36.08</ele>
      </trkpt>
      <trkpt lat="52.41526" lon="13.2482">
        <ele>31.96</ele>
      </trkpt>
      <trkpt lat="52.41526" lon="13.2482">
        <ele>31.96</ele>
      </trkpt>
      <trkpt lat="52.41526" lon="13.2482">
        <ele>31.96</ele>
      </trkpt>
      <trkpt lat="52.41444" lon="13.24842">
        <ele>33.33</ele>
      </trkpt>
      <trkpt lat="52.41427" lon="13.24848">
        <ele>31.39</ele>
      </trkpt>
      <trkpt lat="52.4142" lon="13.24854">
        <ele>30.53</ele>
      </trkpt>
      <trkpt lat="52.41417" lon="13.24857">
        <ele>30.17</ele>
      </trkpt>
      <trkpt lat="52.41405" lon="13.24874">
        <ele>30.9</ele>
      </trkpt>
      <trkpt lat="52.414" lon="13.24878">
        <ele>31.35</ele>
      </trkpt>
      <trkpt lat="52.41389" lon="13.24885">
        <ele>32.44</ele>
      </trkpt>
      <trkpt lat="52.41355" lon="13.24899">
        <ele>29.64</ele>
      </trkpt>
      <trkpt lat="52.41352" lon="13.249">
        <ele>29.55</ele>
      </trkpt>
      <trkpt lat="52.41352" lon="13.249">
        <ele>29.55</ele>
      </trkpt>
      <trkpt lat="52.41352" lon="13.249">
        <ele>29.55</ele>
      </trkpt>
      <trkpt lat="52.41311" lon="13.24911">
        <ele>33.24</ele>
      </trkpt>
      <trkpt lat="52.41262" lon="13.24922">
        <ele>30.84</ele>
      </trkpt>
      <trkpt lat="52.41213" lon="13.24927">
        <ele>29.37</ele>
      </trkpt>
      <trkpt lat="52.41148" lon="13.24933">
        <ele>30.81</ele>
      </trkpt>
      <trkpt lat="52.41078" lon="13.24938">
        <ele>33.29</ele>
      </trkpt>
      <trkpt lat="52.41033" lon="13.24936">
        <ele>34.76</ele>
      </trkpt>
      <trkpt lat="52.40987" lon="13.24934">
        <ele>28.54</ele>
      </trkpt>
      <trkpt lat="52.40942" lon="13.24932">
        <ele>32.95</ele>
      </trkpt>
      <trkpt lat="52.40908" lon="13.24929">
        <ele>35.45</ele>
      </trkpt>
      <trkpt lat="52.40876" lon="13.24919">
        <ele>36.21</ele>
      </trkpt>
      <trkpt lat="52.40876" lon="13.24919">
        <ele>36.21</ele>
      </trkpt>
      <trkpt lat="52.40876" lon="13.24919">
        <ele>36.21</ele>
      </trkpt>
      <trkpt lat="52.40861" lon="13.24915">
        <ele>37.18</ele>
      </trkpt>
      <trkpt lat="52.40823" lon="13.24921">
        <ele>34.65</ele>
      </trkpt>
      <trkpt lat="52.40816" lon="13.24923">
        <ele>34.01</ele>
      </trkpt>
      <trkpt lat="52.40779" lon="13.24932">
        <ele>39.52</ele>
      </trkpt>
      <trkpt lat="52.40756" lon="13.24935">
        <ele>42.72</ele>
      </trkpt>
      <trkpt lat="52.40752" lon="13.24943">
        <ele>44.32</ele>
      </trkpt>
      <trkpt lat="52.40751" lon="13.24951">
        <ele>44.31</ele>
      </trkpt>
      <trkpt lat="52.40755" lon="13.25002">
        <ele>40.35</ele>
      </trkpt>
      <trkpt lat="52.40755" lon="13.25002">
        <ele>40.35</ele>
      </trkpt>
      <trkpt lat="52.40755" lon="13.25002">
        <ele>40.35</ele>
      </trkpt>
      <trkpt lat="52.40758" lon="13.25043">
        <ele>40.68</ele>
      </trkpt>
      <trkpt lat="52.40768" lon="13.25164">
        <ele>39.64</ele>
      </trkpt>
      <trkpt lat="52.40768" lon="13.25168">
        <ele>39.69</ele>
      </trkpt>
      <trkpt lat="52.40708" lon="13.25182">
        <ele>39.26</ele>
      </trkpt>
      <trkpt lat="52.40676" lon="13.25192">
        <ele>38.8</ele>
      </trkpt>
      <trkpt lat="52.40661" lon="13.25197">
        <ele>38.89</ele>
      </trkpt>
      <trkpt lat="52.40657" lon="13.25202">
        <ele>38.92</ele>
      </trkpt>
      <trkpt lat="52.40657" lon="13.25202">
        <ele>38.92</ele>
      </trkpt>
      <trkpt lat="52.40657" lon="13.25203">
        <ele>38.96</ele>
      </trkpt>
      <trkpt lat="52.40643" lon="13.25224">
        <ele>39.1</ele>
      </trkpt>
      <trkpt lat="52.40632" lon="13.25262">
        <ele>37.1</ele>
      </trkpt>
      <trkpt lat="52.40629" lon="13.25274">
        <ele>36.53</ele>
      </trkpt>
      <trkpt lat="52.40627" lon="13.25285">
        <ele>36.32</ele>
      </trkpt>
      <trkpt lat="52.40625" lon="13.25296">
        <ele>36.17</ele>
      </trkpt>
      <trkpt lat="52.40625" lon="13.25307">
        <ele>35.95</ele>
      </trkpt>
      <trkpt lat="52.40626" lon="13.25318">
        <ele>35.55</ele>
      </trkpt>
      <trkpt lat="52.40628" lon="13.25332">
        <ele>35.05</ele>
      </trkpt>
      <trkpt lat="52.40634" lon="13.25367">
        <ele>35.0</ele>
      </trkpt>
      <trkpt lat="52.40634" lon="13.25367">
        <ele>35.0</ele>
      </trkpt>
      <trkpt lat="52.40634" lon="13.25367">
        <ele>35.0</ele>
      </trkpt>
      <trkpt lat="52.40643" lon="13.25429">
        <ele>35.44</ele>
      </trkpt>
      <trkpt lat="52.40648" lon="13.25471">
        <ele>34.71</ele>
      </trkpt>
      <trkpt lat="52.40655" lon="13.25533">
        <ele>35.71</ele>
      </trkpt>
      <trkpt lat="52.40669" lon="13.25692">
        <ele>33.1</ele>
      </trkpt>
      <trkpt lat="52.40671" lon="13.2571">
        <ele>32.27</ele>
      </trkpt>
      <trkpt lat="52.40672" lon="13.25726">
        <ele>31.67</ele>
      </trkpt>
      <trkpt lat="52.40674" lon="13.2576">
        <ele>31.58</ele>
      </trkpt>
      <trkpt lat="52.40676" lon="13.25801">
        <ele>29.87</ele>
      </trkpt>
      <trkpt lat="52.40677" lon="13.2585">
        <ele>28.76</ele>
      </trkpt>
      <trkpt lat="52.40678" lon="13.25878">
        <ele>28.01</ele>
      </trkpt>
      <trkpt lat="52.40678" lon="13.25904">
        <ele>27.45</ele>
      </trkpt>
      <trkpt lat="52.40677" lon="13.25922">
        <ele>27.06</ele>
      </trkpt>
      <trkpt lat="52.40676" lon="13.25939">
        <ele>26.52</ele>
      </trkpt>
      <trkpt lat="52.40674" lon="13.25965">
        <ele>25.93</ele>
      </trkpt>
      <trkpt lat="52.40666" lon="13.26021">
        <ele>25.83</ele>
      </trkpt>
      <trkpt lat="52.40666" lon="13.26021">
        <ele>25.83</ele>
      </trkpt>
      <trkpt lat="52.40666" lon="13.26021">
        <ele>25.83</ele>
      </trkpt>
      <trkpt lat="52.40664" lon="13.2603">
        <ele>26.35</ele>
      </trkpt>
      <trkpt lat="52.40655" lon="13.26084">
        <ele>26.41</ele>
      </trkpt>
      <trkpt lat="52.40648" lon="13.26122">
        <ele>25.95</ele>
      </trkpt>
      <trkpt lat="52.40644" lon="13.26139">
        <ele>25.63</ele>
      </trkpt>
      <trkpt lat="52.40639" lon="13.26153">
        <ele>25.48</ele>
      </trkpt>
      <trkpt lat="52.40629" lon="13.26176">
        <ele>24.23</ele>
      </trkpt>
      <trkpt lat="52.40539" lon="13.26361">
        <ele>24.99</ele>
      </trkpt>
      <trkpt lat="52.40531" lon="13.2638">
        <ele>24.62</ele>
      </trkpt>
      <trkpt lat="52.40519" lon="13.26411">
        <ele>24.78</ele>
      </trkpt>
      <trkpt lat="52.40505" lon="13.26459">
        <ele>26.12</ele>
      </trkpt>
      <trkpt lat="52.40492" lon="13.26522">
        <ele>25.16</ele>
      </trkpt>
      <trkpt lat="52.40487" lon="13.26554">
        <ele>26.34</ele>
      </trkpt>
      <trkpt lat="52.40471" lon="13.26655">
        <ele>30.16</ele>
      </trkpt>
      <trkpt lat="52.40457" lon="13.26746">
        <ele>29.5</ele>
      </trkpt>
      <trkpt lat="52.40453" lon="13.26788">
        <ele>30.76</ele>
      </trkpt>
      <trkpt lat="52.40449" lon="13.26845">
        <ele>31.29</ele>
      </trkpt>
      <trkpt lat="52.4045" lon="13.26864">
        <ele>31.02</ele>
      </trkpt>
      <trkpt lat="52.40452" lon="13.2687">
        <ele>31.09</ele>
      </trkpt>
      <trkpt lat="52.40455" lon="13.2688">
        <ele>31.26</ele>
      </trkpt>
      <trkpt lat="52.40455" lon="13.2688">
        <ele>31.26</ele>
      </trkpt>
      <trkpt lat="52.40455" lon="13.2688">
        <ele>31.26</ele>
      </trkpt>
      <trkpt lat="52.40448" lon="13.26881">
        <ele>31.09</ele>
      </trkpt>
      <trkpt lat="52.4044" lon="13.26883">
        <ele>31.03</ele>
      </trkpt>
      <trkpt lat="52.40404" lon="13.26891">
        <ele>30.47</ele>
      </trkpt>
      <trkpt lat="52.40398" lon="13.26893">
        <ele>30.18</ele>
      </trkpt>
      <trkpt lat="52.40385" lon="13.26893">
        <ele>30.13</ele>
      </trkpt>
      <trkpt lat="52.4037" lon="13.26893">
        <ele>31.21</ele>
      </trkpt>
      <trkpt lat="52.40359" lon="13.26892">
        <ele>31.96</ele>
      </trkpt>
      <trkpt lat="52.4036" lon="13.26879">
        <ele>32.37</ele>
      </trkpt>
      <trkpt lat="52.40374" lon="13.26719">
        <ele>29.4</ele>
      </trkpt>
      <trkpt lat="52.40375" lon="13.26702">
        <ele>29.14</ele>
      </trkpt>
      <trkpt lat="52.40375" lon="13.26702">
        <ele>29.14</ele>
      </trkpt>
      <trkpt lat="52.40375" lon="13.26702">
        <ele>29.14</ele>
      </trkpt>
      <trkpt lat="52.40389" lon="13.26554">
        <ele>30.93</ele>
      </trkpt>
      <trkpt lat="52.40394" lon="13.26522">
        <ele>29.68</ele>
      </trkpt>
      <trkpt lat="52.40401" lon="13.2649">
        <ele>29.59</ele>
      </trkpt>
      <trkpt lat="52.40415" lon="13.26436">
        <ele>31.24</ele>
      </trkpt>
      <trkpt lat="52.40414" lon="13.26423">
        <ele>31.68</ele>
      </trkpt>
      <trkpt lat="52.40411" lon="13.26413">
        <ele>31.72</ele>
      </trkpt>
      <trkpt lat="52.40407" lon="13.26409">
        <ele>31.57</ele>
      </trkpt>
      <trkpt lat="52.40406" lon="13.26408">
        <ele>31.54</ele>
      </trkpt>
      <trkpt lat="52.40399" lon="13.26404">
        <ele>31.49</ele>
      </trkpt>
      <trkpt lat="52.40394" lon="13.26402">
        <ele>31.52</ele>
      </trkpt>
      <trkpt lat="52.40396" lon="13.26385">
        <ele>31.78</ele>
      </trkpt>
      <trkpt lat="52.40401" lon="13.26356">
        <ele>31.44</ele>
      </trkpt>
      <trkpt lat="52.40401" lon="13.26356">
        <ele>31.44</ele>
      </trkpt>
      <trkpt lat="52.40401" lon="13.26356">
        <ele>31.44</ele>
      </trkpt>
      <trkpt lat="52.40404" lon="13.26341">
        <ele>31.55</ele>
      </trkpt>
      <trkpt lat="52.40405" lon="13.26338">
        <ele>31.51</ele>
      </trkpt>
      <trkpt lat="52.40422" lon="13.2624">
        <ele>31.33</ele>
      </trkpt>
      <trkpt lat="52.40444" lon="13.26111">
        <ele>36.0</ele>
      </trkpt>
      <trkpt lat="52.40457" lon="13.26038">
        <ele>37.34</ele>
      </trkpt>
      <trkpt lat="52.40462" lon="13.26006">
        <ele>38.12</ele>
      </trkpt>
      <trkpt lat="52.40465" lon="13.25987">
        <ele>38.85</ele>
      </trkpt>
      <trkpt lat="52.40468" lon="13.25971">
        <ele>39.49</ele>
      </trkpt>
      <trkpt lat="52.4047" lon="13.2595">
        <ele>39.91</ele>
      </trkpt>
      <trkpt lat="52.40401" lon="13.25924">
        <ele>34.66</ele>
      </trkpt>
      <trkpt lat="52.40401" lon="13.25924">
        <ele>34.66</ele>
      </trkpt>
      <trkpt lat="52.40392" lon="13.25918">
        <ele>32.73</ele>
      </trkpt>
      <trkpt lat="52.40392" lon="13.25918">
        <ele>32.73</ele>
      </trkpt>
      <trkpt lat="52.40392" lon="13.25897">
        <ele>31.22</ele>
      </trkpt>
      <trkpt lat="52.40392" lon="13.25897">
        <ele>31.22</ele>
      </trkpt>
      <trkpt lat="52.40387" lon="13.25894">
        <ele>30.45</ele>
      </trkpt>
      <trkpt lat="52.40387" lon="13.25894">
        <ele>30.45</ele>
      </trkpt>
      <trkpt lat="52.40383" lon="13.25908">
        <ele>31.73</ele>
      </trkpt>
      <trkpt lat="52.40383" lon="13.25908">
        <ele>31.73</ele>
      </trkpt>
      <trkpt lat="52.40384" lon="13.25917">
        <ele>32.4</ele>
      </trkpt>
      <trkpt lat="52.40384" lon="13.25917">
        <ele>32.4</ele>
      </trkpt>
      <trkpt lat="52.40385" lon="13.25918">
        <ele>32.49</ele>
      </trkpt>
      <trkpt lat="52.40333" lon="13.25898">
        <ele>35.31</ele>
      </trkpt>
      <trkpt lat="52.40311" lon="13.25891">
        <ele>34.96</ele>
      </trkpt>
      <trkpt lat="52.40302" lon="13.25887">
        <ele>35.3</ele>
      </trkpt>
      <trkpt lat="52.40302" lon="13.25887">
        <ele>35.3</ele>
      </trkpt>
      <trkpt lat="52.40302" lon="13.25887">
        <ele>35.3</ele>
      </trkpt>
      <trkpt lat="52.4024" lon="13.25866">
        <ele>35.76</ele>
      </trkpt>
      <trkpt lat="52.4024" lon="13.25876">
        <ele>36.43</ele>
      </trkpt>
      <trkpt lat="52.40244" lon="13.25906">
        <ele>38.67</ele>
      </trkpt>
      <trkpt lat="52.40244" lon="13.25906">
        <ele>38.67</ele>
      </trkpt>
      <trkpt lat="52.40244" lon="13.25906">
        <ele>38.67</ele>
      </trkpt>
      <trkpt lat="52.40245" lon="13.25913">
        <ele>39.22</ele>
      </trkpt>
      <trkpt lat="52.40245" lon="13.2594">
        <ele>41.14</ele>
      </trkpt>
      <trkpt lat="52.40242" lon="13.2597">
        <ele>41.4</ele>
      </trkpt>
      <trkpt lat="52.40211" lon="13.2614">
        <ele>39.42</ele>
      </trkpt>
      <trkpt lat="52.40211" lon="13.2614">
        <ele>39.42</ele>
      </trkpt>
      <trkpt lat="52.40211" lon="13.2614">
        <ele>39.42</ele>
      </trkpt>
      <trkpt lat="52.40209" lon="13.2615">
        <ele>39.67</ele>
      </trkpt>
      <trkpt lat="52.40263" lon="13.26178">
        <ele>39.36</ele>
      </trkpt>
      <trkpt lat="52.40263" lon="13.26178">
        <ele>39.36</ele>
      </trkpt>
      <trkpt lat="52.40263" lon="13.26178">
        <ele>39.36</ele>
      </trkpt>
      <trkpt lat="52.40249" lon="13.26265">
        <ele>39.79</ele>
      </trkpt>
      <trkpt lat="52.40234" lon="13.26351">
        <ele>41.64</ele>
      </trkpt>
      <trkpt lat="52.40234" lon="13.26351">
        <ele>41.64</ele>
      </trkpt>
      <trkpt lat="52.40234" lon="13.26351">
        <ele>41.64</ele>
      </trkpt>
      <trkpt lat="52.40289" lon="13.26374">
        <ele>37.73</ele>
      </trkpt>
      <trkpt lat="52.40289" lon="13.26367">
        <ele>38.84</ele>
      </trkpt>
      <trkpt lat="52.40289" lon="13.26367">
        <ele>38.84</ele>
      </trkpt>
      <trkpt lat="52.40289" lon="13.26367">
        <ele>38.84</ele>
      </trkpt>
      <trkpt lat="52.4035" lon="13.26388">
        <ele>34.77</ele>
      </trkpt>
      <trkpt lat="52.40366" lon="13.26393">
        <ele>33.5</ele>
      </trkpt>
      <trkpt lat="52.40381" lon="13.26398">
        <ele>32.24</ele>
      </trkpt>
      <trkpt lat="52.40394" lon="13.26402">
        <ele>31.52</ele>
      </trkpt>
      <trkpt lat="52.40394" lon="13.26402">
        <ele>31.52</ele>
      </trkpt>
      <trkpt lat="52.40394" lon="13.26402">
        <ele>31.52</ele>
      </trkpt>
      <trkpt lat="52.40386" lon="13.26444">
        <ele>30.22</ele>
      </trkpt>
      <trkpt lat="52.40378" lon="13.26486">
        <ele>29.59</ele>
      </trkpt>
      <trkpt lat="52.40364" lon="13.2656">
        <ele>30.98</ele>
      </trkpt>
      <trkpt lat="52.40354" lon="13.26612">
        <ele>30.74</ele>
      </trkpt>
      <trkpt lat="52.40346" lon="13.26649">
        <ele>31.06</ele>
      </trkpt>
      <trkpt lat="52.40342" lon="13.26672">
        <ele>31.08</ele>
      </trkpt>
      <trkpt lat="52.4034" lon="13.26682">
        <ele>31.44</ele>
      </trkpt>
      <trkpt lat="52.4034" lon="13.26682">
        <ele>31.44</ele>
      </trkpt>
      <trkpt lat="52.4034" lon="13.26682">
        <ele>31.44</ele>
      </trkpt>
      <trkpt lat="52.40336" lon="13.267">
        <ele>32.9</ele>
      </trkpt>
      <trkpt lat="52.40329" lon="13.26738">
        <ele>34.52</ele>
      </trkpt>
      <trkpt lat="52.40327" lon="13.26748">
        <ele>34.28</ele>
      </trkpt>
      <trkpt lat="52.40321" lon="13.26764">
        <ele>34.16</ele>
      </trkpt>
      <trkpt lat="52.40316" lon="13.26785">
        <ele>33.92</ele>
      </trkpt>
      <trkpt lat="52.40312" lon="13.26801">
        <ele>33.25</ele>
      </trkpt>
      <trkpt lat="52.4031" lon="13.26815">
        <ele>33.29</ele>
      </trkpt>
      <trkpt lat="52.40306" lon="13.2684">
        <ele>33.51</ele>
      </trkpt>
      <trkpt lat="52.40302" lon="13.26862">
        <ele>32.14</ele>
      </trkpt>
      <trkpt lat="52.40299" lon="13.26868">
        <ele>32.47</ele>
      </trkpt>
      <trkpt lat="52.40295" lon="13.26873">
        <ele>33.03</ele>
      </trkpt>
      <trkpt lat="52.40293" lon="13.26875">
        <ele>33.36</ele>
      </trkpt>
      <trkpt lat="52.4029" lon="13.26878">
        <ele>33.92</ele>
      </trkpt>
      <trkpt lat="52.4029" lon="13.26878">
        <ele>33.92</ele>
      </trkpt>
      <trkpt lat="52.4029" lon="13.26878">
        <ele>33.92</ele>
      </trkpt>
      <trkpt lat="52.40288" lon="13.26883">
        <ele>34.62</ele>
      </trkpt>
      <trkpt lat="52.40287" lon="13.26892">
        <ele>35.41</ele>
      </trkpt>
      <trkpt lat="52.40286" lon="13.26901">
        <ele>35.83</ele>
      </trkpt>
      <trkpt lat="52.40294" lon="13.26919">
        <ele>34.51</ele>
      </trkpt>
      <trkpt lat="52.40294" lon="13.26921">
        <ele>34.52</ele>
      </trkpt>
      <trkpt lat="52.40294" lon="13.26921">
        <ele>34.52</ele>
      </trkpt>
      <trkpt lat="52.40294" lon="13.26921">
        <ele>34.52</ele>
      </trkpt>
      <trkpt lat="52.40298" lon="13.26923">
        <ele>33.74</ele>
      </trkpt>
      <trkpt lat="52.40304" lon="13.26925">
        <ele>32.6</ele>
      </trkpt>
      <trkpt lat="52.40309" lon="13.26928">
        <ele>32.36</ele>
      </trkpt>
      <trkpt lat="52.40311" lon="13.26922">
        <ele>32.15</ele>
      </trkpt>
      <trkpt lat="52.40322" lon="13.26911">
        <ele>32.12</ele>
      </trkpt>
      <trkpt lat="52.40325" lon="13.2691">
        <ele>32.17</ele>
      </trkpt>
      <trkpt lat="52.4034" lon="13.2691">
        <ele>32.0</ele>
      </trkpt>
      <trkpt lat="52.40347" lon="13.26908">
        <ele>31.82</ele>
      </trkpt>
      <trkpt lat="52.40358" lon="13.26909">
        <ele>31.39</ele>
      </trkpt>
      <trkpt lat="52.40358" lon="13.26909">
        <ele>31.39</ele>
      </trkpt>
      <trkpt lat="52.40358" lon="13.26909">
        <ele>31.39</ele>
      </trkpt>
      <trkpt lat="52.40358" lon="13.26913">
        <ele>31.24</ele>
      </trkpt>
      <trkpt lat="52.40358" lon="13.26917">
        <ele>31.11</ele>
      </trkpt>
      <trkpt lat="52.40355" lon="13.26994">
        <ele>30.62</ele>
      </trkpt>
      <trkpt lat="52.40356" lon="13.2704">
        <ele>30.83</ele>
      </trkpt>
      <trkpt lat="52.4036" lon="13.27109">
        <ele>32.89</ele>
      </trkpt>
      <trkpt lat="52.4037" lon="13.27196">
        <ele>34.85</ele>
      </trkpt>
      <trkpt lat="52.40377" lon="13.27238">
        <ele>34.59</ele>
      </trkpt>
      <trkpt lat="52.40377" lon="13.27238">
        <ele>34.59</ele>
      </trkpt>
      <trkpt lat="52.40377" lon="13.27238">
        <ele>34.59</ele>
      </trkpt>
      <trkpt lat="52.40378" lon="13.27247">
        <ele>34.52</ele>
      </trkpt>
      <trkpt lat="52.40393" lon="13.27329">
        <ele>36.41</ele>
      </trkpt>
      <trkpt lat="52.40408" lon="13.2741">
        <ele>32.67</ele>
      </trkpt>
      <trkpt lat="52.40424" lon="13.27492">
        <ele>33.92</ele>
      </trkpt>
      <trkpt lat="52.40439" lon="13.27573">
        <ele>36.21</ele>
      </trkpt>
      <trkpt lat="52.40445" lon="13.27596">
        <ele>38.33</ele>
      </trkpt>
      <trkpt lat="52.40445" lon="13.27596">
        <ele>38.33</ele>
      </trkpt>
      <trkpt lat="52.40445" lon="13.27596">
        <ele>38.33</ele>
      </trkpt>
      <trkpt lat="52.40463" lon="13.27662">
        <ele>39.34</ele>
      </trkpt>
      <trkpt lat="52.40473" lon="13.27687">
        <ele>38.79</ele>
      </trkpt>
      <trkpt lat="52.40488" lon="13.27721">
        <ele>36.63</ele>
      </trkpt>
      <trkpt lat="52.40537" lon="13.27801">
        <ele>35.27</ele>
      </trkpt>
      <trkpt lat="52.40582" lon="13.2788">
        <ele>33.83</ele>
      </trkpt>
      <trkpt lat="52.40623" lon="13.27961">
        <ele>34.03</ele>
      </trkpt>
      <trkpt lat="52.40655" lon="13.28017">
        <ele>35.61</ele>
      </trkpt>
      <trkpt lat="52.40686" lon="13.28072">
        <ele>34.85</ele>
      </trkpt>
      <trkpt lat="52.40718" lon="13.28128">
        <ele>31.55</ele>
      </trkpt>
      <trkpt lat="52.40749" lon="13.28183">
        <ele>26.56</ele>
      </trkpt>
      <trkpt lat="52.40781" lon="13.28239">
        <ele>23.93</ele>
      </trkpt>
      <trkpt lat="52.40809" lon="13.28303">
        <ele>25.71</ele>
      </trkpt>
      <trkpt lat="52.40827" lon="13.2834">
        <ele>29.18</ele>
      </trkpt>
      <trkpt lat="52.40838" lon="13.2836">
        <ele>31.69</ele>
      </trkpt>
      <trkpt lat="52.40857" lon="13.28392">
        <ele>31.68</ele>
      </trkpt>
      <trkpt lat="52.4089" lon="13.28453">
        <ele>31.65</ele>
      </trkpt>
      <trkpt lat="52.40924" lon="13.28515">
        <ele>26.36</ele>
      </trkpt>
      <trkpt lat="52.40957" lon="13.28576">
        <ele>22.62</ele>
      </trkpt>
      <trkpt lat="52.40976" lon="13.28611">
        <ele>26.66</ele>
      </trkpt>
      <trkpt lat="52.41007" lon="13.28667">
        <ele>29.26</ele>
      </trkpt>
      <trkpt lat="52.41038" lon="13.28722">
        <ele>29.87</ele>
      </trkpt>
      <trkpt lat="52.41088" lon="13.2881">
        <ele>27.8</ele>
      </trkpt>
      <trkpt lat="52.41088" lon="13.2881">
        <ele>27.8</ele>
      </trkpt>
      <trkpt lat="52.41088" lon="13.28811">
        <ele>27.83</ele>
      </trkpt>
      <trkpt lat="52.41122" lon="13.28872">
        <ele>25.59</ele>
      </trkpt>
      <trkpt lat="52.41206" lon="13.29021">
        <ele>29.99</ele>
      </trkpt>
      <trkpt lat="52.41229" lon="13.29063">
        <ele>30.76</ele>
      </trkpt>
      <trkpt lat="52.41249" lon="13.29085">
        <ele>29.98</ele>
      </trkpt>
      <trkpt lat="52.41263" lon="13.29102">
        <ele>28.39</ele>
      </trkpt>
      <trkpt lat="52.4132" lon="13.29215">
        <ele>37.15</ele>
      </trkpt>
      <trkpt lat="52.4134" lon="13.2926">
        <ele>34.09</ele>
      </trkpt>
      <trkpt lat="52.41355" lon="13.2931">
        <ele>32.93</ele>
      </trkpt>
      <trkpt lat="52.41355" lon="13.2931">
        <ele>32.93</ele>
      </trkpt>
      <trkpt lat="52.41355" lon="13.2931">
        <ele>32.93</ele>
      </trkpt>
      <trkpt lat="52.41416" lon="13.29515">
        <ele>37.56</ele>
      </trkpt>
      <trkpt lat="52.41422" lon="13.29532">
        <ele>38.15</ele>
      </trkpt>
      <trkpt lat="52.41371" lon="13.29584">
        <ele>36.08</ele>
      </trkpt>
      <trkpt lat="52.41305" lon="13.2965">
        <ele>37.9</ele>
      </trkpt>
      <trkpt lat="52.41244" lon="13.29713">
        <ele>35.86</ele>
      </trkpt>
      <trkpt lat="52.41195" lon="13.29764">
        <ele>35.92</ele>
      </trkpt>
      <trkpt lat="52.41185" lon="13.29774">
        <ele>37.07</ele>
      </trkpt>
      <trkpt lat="52.4118" lon="13.29779">
        <ele>37.47</ele>
      </trkpt>
      <trkpt lat="52.4118" lon="13.29779">
        <ele>37.47</ele>
      </trkpt>
      <trkpt lat="52.4115" lon="13.29817">
        <ele>36.53</ele>
      </trkpt>
      <trkpt lat="52.4115" lon="13.29817">
        <ele>36.53</ele>
      </trkpt>
      <trkpt lat="52.41094" lon="13.29901">
        <ele>34.51</ele>
      </trkpt>
      <trkpt lat="52.41094" lon="13.29901">
        <ele>34.51</ele>
      </trkpt>
      <trkpt lat="52.41056" lon="13.2995">
        <ele>37.74</ele>
      </trkpt>
      <trkpt lat="52.41017" lon="13.29998">
        <ele>37.66</ele>
      </trkpt>
      <trkpt lat="52.40979" lon="13.30047">
        <ele>37.27</ele>
      </trkpt>
      <trkpt lat="52.40941" lon="13.30095">
        <ele>38.3</ele>
      </trkpt>
      <trkpt lat="52.40941" lon="13.30095">
        <ele>38.3</ele>
      </trkpt>
      <trkpt lat="52.40904" lon="13.3014">
        <ele>36.09</ele>
      </trkpt>
      <trkpt lat="52.40867" lon="13.30186">
        <ele>36.41</ele>
      </trkpt>
      <trkpt lat="52.4083" lon="13.30231">
        <ele>37.64</ele>
      </trkpt>
      <trkpt lat="52.40793" lon="13.30276">
        <ele>39.2</ele>
      </trkpt>
      <trkpt lat="52.40793" lon="13.30276">
        <ele>39.2</ele>
      </trkpt>
      <trkpt lat="52.40749" lon="13.30319">
        <ele>34.49</ele>
      </trkpt>
      <trkpt lat="52.40704" lon="13.30362">
        <ele>35.67</ele>
      </trkpt>
      <trkpt lat="52.4066" lon="13.30405">
        <ele>35.02</ele>
      </trkpt>
      <trkpt lat="52.4066" lon="13.30405">
        <ele>35.02</ele>
      </trkpt>
      <trkpt lat="52.4059" lon="13.30473">
        <ele>33.26</ele>
      </trkpt>
      <trkpt lat="52.4059" lon="13.30473">
        <ele>33.26</ele>
      </trkpt>
      <trkpt lat="52.40585" lon="13.30535">
        <ele>34.87</ele>
      </trkpt>
      <trkpt lat="52.40585" lon="13.30535">
        <ele>34.87</ele>
      </trkpt>
      <trkpt lat="52.40581" lon="13.30535">
        <ele>34.84</ele>
      </trkpt>
      <trkpt lat="52.40577" lon="13.30547">
        <ele>36.15</ele>
      </trkpt>
      <trkpt lat="52.40553" lon="13.3058">
        <ele>37.79</ele>
      </trkpt>
      <trkpt lat="52.40519" lon="13.30617">
        <ele>37.21</ele>
      </trkpt>
      <trkpt lat="52.40516" lon="13.30619">
        <ele>37.28</ele>
      </trkpt>
      <trkpt lat="52.40453" lon="13.30678">
        <ele>40.63</ele>
      </trkpt>
      <trkpt lat="52.4045" lon="13.30681">
        <ele>40.94</ele>
      </trkpt>
      <trkpt lat="52.40434" lon="13.30696">
        <ele>42.41</ele>
      </trkpt>
      <trkpt lat="52.40434" lon="13.30696">
        <ele>42.41</ele>
      </trkpt>
      <trkpt lat="52.4043" lon="13.307">
        <ele>42.62</ele>
      </trkpt>
      <trkpt lat="52.4041" lon="13.3069">
        <ele>42.72</ele>
      </trkpt>
      <trkpt lat="52.40377" lon="13.30679">
        <ele>42.87</ele>
      </trkpt>
      <trkpt lat="52.40361" lon="13.30682">
        <ele>42.45</ele>
      </trkpt>
      <trkpt lat="52.40357" lon="13.30683">
        <ele>42.53</ele>
      </trkpt>
      <trkpt lat="52.40342" lon="13.30693">
        <ele>42.12</ele>
      </trkpt>
      <trkpt lat="52.40317" lon="13.30721">
        <ele>40.06</ele>
      </trkpt>
      <trkpt lat="52.40317" lon="13.30721">
        <ele>40.06</ele>
      </trkpt>
      <trkpt lat="52.40317" lon="13.30721">
        <ele>40.06</ele>
      </trkpt>
      <trkpt lat="52.40301" lon="13.30738">
        <ele>39.51</ele>
      </trkpt>
      <trkpt lat="52.40311" lon="13.30763">
        <ele>39.99</ele>
      </trkpt>
      <trkpt lat="52.40245" lon="13.30835">
        <ele>33.33</ele>
      </trkpt>
      <trkpt lat="52.40176" lon="13.30909">
        <ele>38.14</ele>
      </trkpt>
      <trkpt lat="52.40131" lon="13.30957">
        <ele>38.74</ele>
      </trkpt>
      <trkpt lat="52.40086" lon="13.31004">
        <ele>39.29</ele>
      </trkpt>
      <trkpt lat="52.40039" lon="13.31054">
        <ele>37.23</ele>
      </trkpt>
      <trkpt lat="52.39992" lon="13.31103">
        <ele>33.66</ele>
      </trkpt>
      <trkpt lat="52.39945" lon="13.31153">
        <ele>35.05</ele>
      </trkpt>
      <trkpt lat="52.39869" lon="13.31227">
        <ele>43.37</ele>
      </trkpt>
      <trkpt lat="52.39881" lon="13.31244">
        <ele>46.5</ele>
      </trkpt>
      <trkpt lat="52.39881" lon="13.31244">
        <ele>46.5</ele>
      </trkpt>
      <trkpt lat="52.39881" lon="13.31244">
        <ele>46.5</ele>
      </trkpt>
      <trkpt lat="52.39913" lon="13.31297">
        <ele>46.21</ele>
      </trkpt>
      <trkpt lat="52.39945" lon="13.31349">
        <ele>44.89</ele>
      </trkpt>
      <trkpt lat="52.39978" lon="13.31403">
        <ele>45.84</ele>
      </trkpt>
      <trkpt lat="52.40012" lon="13.31456">
        <ele>45.22</ele>
      </trkpt>
      <trkpt lat="52.40045" lon="13.3151">
        <ele>47.91</ele>
      </trkpt>
      <trkpt lat="52.40072" lon="13.31564">
        <ele>49.23</ele>
      </trkpt>
      <trkpt lat="52.40101" lon="13.31643">
        <ele>44.84</ele>
      </trkpt>
      <trkpt lat="52.40116" lon="13.31682">
        <ele>45.72</ele>
      </trkpt>
      <trkpt lat="52.40116" lon="13.31682">
        <ele>45.72</ele>
      </trkpt>
      <trkpt lat="52.40116" lon="13.31682">
        <ele>45.72</ele>
      </trkpt>
      <trkpt lat="52.40147" lon="13.31766">
        <ele>47.29</ele>
      </trkpt>
      <trkpt lat="52.40178" lon="13.3185">
        <ele>47.45</ele>
      </trkpt>
      <trkpt lat="52.40219" lon="13.31961">
        <ele>41.02</ele>
      </trkpt>
      <trkpt lat="52.40245" lon="13.32029">
        <ele>45.2</ele>
      </trkpt>
      <trkpt lat="52.40271" lon="13.32097">
        <ele>47.27</ele>
      </trkpt>
      <trkpt lat="52.40298" lon="13.32165">
        <ele>47.36</ele>
      </trkpt>
      <trkpt lat="52.40324" lon="13.32233">
        <ele>45.99</ele>
      </trkpt>
      <trkpt lat="52.4035" lon="13.32301">
        <ele>47.8</ele>
      </trkpt>
      <trkpt lat="52.40376" lon="13.32369">
        <ele>51.18</ele>
      </trkpt>
      <trkpt lat="52.40402" lon="13.32437">
        <ele>50.11</ele>
      </trkpt>
      <trkpt lat="52.40429" lon="13.32505">
        <ele>48.44</ele>
      </trkpt>
      <trkpt lat="52.40455" lon="13.32573">
        <ele>48.14</ele>
      </trkpt>
      <trkpt lat="52.40481" lon="13.32641">
        <ele>43.46</ele>
      </trkpt>
      <trkpt lat="52.40496" lon="13.32681">
        <ele>41.64</ele>
      </trkpt>
      <trkpt lat="52.40513" lon="13.3272">
        <ele>46.23</ele>
      </trkpt>
      <trkpt lat="52.40519" lon="13.32735">
        <ele>48.0</ele>
      </trkpt>
      <trkpt lat="52.40519" lon="13.32735">
        <ele>48.0</ele>
      </trkpt>
      <trkpt lat="52.40551" lon="13.32816">
        <ele>51.61</ele>
      </trkpt>
      <trkpt lat="52.40582" lon="13.32897">
        <ele>49.9</ele>
      </trkpt>
      <trkpt lat="52.40582" lon="13.32897">
        <ele>49.9</ele>
      </trkpt>
      <trkpt lat="52.4058" lon="13.32899">
        <ele>49.76</ele>
      </trkpt>
      <trkpt lat="52.40608" lon="13.32974">
        <ele>52.78</ele>
      </trkpt>
      <trkpt lat="52.40636" lon="13.33048">
        <ele>50.22</ele>
      </trkpt>
      <trkpt lat="52.40664" lon="13.33123">
        <ele>46.15</ele>
      </trkpt>
      <trkpt lat="52.40691" lon="13.33197">
        <ele>45.58</ele>
      </trkpt>
      <trkpt lat="52.40716" lon="13.33265">
        <ele>46.5</ele>
      </trkpt>
      <trkpt lat="52.40741" lon="13.33333">
        <ele>44.7</ele>
      </trkpt>
      <trkpt lat="52.4075" lon="13.33357">
        <ele>45.0</ele>
      </trkpt>
      <trkpt lat="52.40779" lon="13.33434">
        <ele>41.49</ele>
      </trkpt>
      <trkpt lat="52.40807" lon="13.3351">
        <ele>47.05</ele>
      </trkpt>
      <trkpt lat="52.40836" lon="13.33587">
        <ele>47.7</ele>
      </trkpt>
      <trkpt lat="52.40836" lon="13.33587">
        <ele>47.7</ele>
      </trkpt>
      <trkpt lat="52.40836" lon="13.33587">
        <ele>47.7</ele>
      </trkpt>
      <trkpt lat="52.40843" lon="13.33605">
        <ele>47.07</ele>
      </trkpt>
      <trkpt lat="52.40896" lon="13.3375">
        <ele>44.74</ele>
      </trkpt>
      <trkpt lat="52.40949" lon="13.33885">
        <ele>45.29</ele>
      </trkpt>
      <trkpt lat="52.40954" lon="13.33899">
        <ele>45.73</ele>
      </trkpt>
      <trkpt lat="52.40973" lon="13.33942">
        <ele>52.78</ele>
      </trkpt>
      <trkpt lat="52.40972" lon="13.33971">
        <ele>51.99</ele>
      </trkpt>
      <trkpt lat="52.40963" lon="13.33984">
        <ele>49.87</ele>
      </trkpt>
      <trkpt lat="52.40933" lon="13.34016">
        <ele>49.41</ele>
      </trkpt>
      <trkpt lat="52.40925" lon="13.34024">
        <ele>50.11</ele>
      </trkpt>
      <trkpt lat="52.40925" lon="13.34024">
        <ele>50.11</ele>
      </trkpt>
      <trkpt lat="52.40925" lon="13.34024">
        <ele>50.11</ele>
      </trkpt>
      <trkpt lat="52.40906" lon="13.34044">
        <ele>49.21</ele>
      </trkpt>
      <trkpt lat="52.40878" lon="13.34072">
        <ele>47.36</ele>
      </trkpt>
      <trkpt lat="52.40843" lon="13.34108">
        <ele>41.46</ele>
      </trkpt>
      <trkpt lat="52.40838" lon="13.34114">
        <ele>40.32</ele>
      </trkpt>
      <trkpt lat="52.40719" lon="13.34303">
        <ele>36.98</ele>
      </trkpt>
      <trkpt lat="52.40711" lon="13.34316">
        <ele>37.82</ele>
      </trkpt>
      <trkpt lat="52.40677" lon="13.34369">
        <ele>38.3</ele>
      </trkpt>
      <trkpt lat="52.40677" lon="13.34369">
        <ele>38.3</ele>
      </trkpt>
      <trkpt lat="52.40677" lon="13.34369">
        <ele>38.3</ele>
      </trkpt>
      <trkpt lat="52.40631" lon="13.34441">
        <ele>36.44</ele>
      </trkpt>
      <trkpt lat="52.40585" lon="13.34512">
        <ele>33.08</ele>
      </trkpt>
      <trkpt lat="52.40555" lon="13.3456">
        <ele>32.37</ele>
      </trkpt>
      <trkpt lat="52.40511" lon="13.3463">
        <ele>33.4</ele>
      </trkpt>
      <trkpt lat="52.40466" lon="13.34699">
        <ele>30.77</ele>
      </trkpt>
      <trkpt lat="52.4043" lon="13.34756">
        <ele>30.49</ele>
      </trkpt>
      <trkpt lat="52.40394" lon="13.34813">
        <ele>29.69</ele>
      </trkpt>
      <trkpt lat="52.40358" lon="13.3487">
        <ele>29.5</ele>
      </trkpt>
      <trkpt lat="52.40321" lon="13.34928">
        <ele>31.27</ele>
      </trkpt>
      <trkpt lat="52.40285" lon="13.34985">
        <ele>31.34</ele>
      </trkpt>
      <trkpt lat="52.40249" lon="13.35042">
        <ele>33.54</ele>
      </trkpt>
      <trkpt lat="52.40213" lon="13.35099">
        <ele>32.1</ele>
      </trkpt>
      <trkpt lat="52.40213" lon="13.35099">
        <ele>32.1</ele>
      </trkpt>
      <trkpt lat="52.40213" lon="13.35099">
        <ele>32.1</ele>
      </trkpt>
      <trkpt lat="52.40189" lon="13.35136">
        <ele>35.03</ele>
      </trkpt>
      <trkpt lat="52.40183" lon="13.35145">
        <ele>35.72</ele>
      </trkpt>
      <trkpt lat="52.40163" lon="13.35177">
        <ele>39.75</ele>
      </trkpt>
      <trkpt lat="52.40215" lon="13.35237">
        <ele>44.88</ele>
      </trkpt>
      <trkpt lat="52.40218" lon="13.35241">
        <ele>44.95</ele>
      </trkpt>
      <trkpt lat="52.40218" lon="13.35248">
        <ele>44.99</ele>
      </trkpt>
      <trkpt lat="52.40218" lon="13.35255">
        <ele>45.15</ele>
      </trkpt>
      <trkpt lat="52.40218" lon="13.35259">
        <ele>45.27</ele>
      </trkpt>
      <trkpt lat="52.40217" lon="13.35263">
        <ele>45.38</ele>
      </trkpt>
      <trkpt lat="52.40215" lon="13.35269">
        <ele>45.51</ele>
      </trkpt>
      <trkpt lat="52.40214" lon="13.35273">
        <ele>45.58</ele>
      </trkpt>
      <trkpt lat="52.40212" lon="13.35278">
        <ele>45.64</ele>
      </trkpt>
      <trkpt lat="52.4021" lon="13.35282">
        <ele>45.65</ele>
      </trkpt>
      <trkpt lat="52.40209" lon="13.35286">
        <ele>45.68</ele>
      </trkpt>
      <trkpt lat="52.40207" lon="13.3529">
        <ele>45.65</ele>
      </trkpt>
      <trkpt lat="52.40206" lon="13.35294">
        <ele>45.66</ele>
      </trkpt>
      <trkpt lat="52.40199" lon="13.35287">
        <ele>45.22</ele>
      </trkpt>
      <trkpt lat="52.40194" lon="13.35283">
        <ele>44.98</ele>
      </trkpt>
      <trkpt lat="52.40192" lon="13.35284">
        <ele>44.88</ele>
      </trkpt>
      <trkpt lat="52.40182" lon="13.35288">
        <ele>44.6</ele>
      </trkpt>
      <trkpt lat="52.40172" lon="13.35289">
        <ele>44.36</ele>
      </trkpt>
      <trkpt lat="52.40172" lon="13.35289">
        <ele>44.36</ele>
      </trkpt>
      <trkpt lat="52.40172" lon="13.35289">
        <ele>44.36</ele>
      </trkpt>
      <trkpt lat="52.4013" lon="13.35244">
        <ele>45.95</ele>
      </trkpt>
      <trkpt lat="52.40124" lon="13.35241">
        <ele>46.72</ele>
      </trkpt>
      <trkpt lat="52.40119" lon="13.35244">
        <ele>47.02</ele>
      </trkpt>
      <trkpt lat="52.40106" lon="13.35263">
        <ele>44.69</ele>
      </trkpt>
      <trkpt lat="52.40062" lon="13.3533">
        <ele>41.07</ele>
      </trkpt>
      <trkpt lat="52.40037" lon="13.35368">
        <ele>38.42</ele>
      </trkpt>
      <trkpt lat="52.40037" lon="13.35368">
        <ele>38.42</ele>
      </trkpt>
      <trkpt lat="52.40037" lon="13.35368">
        <ele>38.42</ele>
      </trkpt>
      <trkpt lat="52.40027" lon="13.35383">
        <ele>37.2</ele>
      </trkpt>
      <trkpt lat="52.39997" lon="13.35431">
        <ele>35.78</ele>
      </trkpt>
      <trkpt lat="52.39929" lon="13.35534">
        <ele>38.78</ele>
      </trkpt>
      <trkpt lat="52.39884" lon="13.35602">
        <ele>40.73</ele>
      </trkpt>
      <trkpt lat="52.39878" lon="13.35611">
        <ele>41.0</ele>
      </trkpt>
      <trkpt lat="52.3981" lon="13.35716">
        <ele>40.81</ele>
      </trkpt>
      <trkpt lat="52.39753" lon="13.35803">
        <ele>36.27</ele>
      </trkpt>
      <trkpt lat="52.39737" lon="13.35828">
        <ele>39.04</ele>
      </trkpt>
      <trkpt lat="52.39708" lon="13.3587">
        <ele>43.44</ele>
      </trkpt>
      <trkpt lat="52.39693" lon="13.35896">
        <ele>44.11</ele>
      </trkpt>
      <trkpt lat="52.39657" lon="13.35972">
        <ele>42.24</ele>
      </trkpt>
      <trkpt lat="52.39621" lon="13.36047">
        <ele>43.05</ele>
      </trkpt>
      <trkpt lat="52.39603" lon="13.36087">
        <ele>43.16</ele>
      </trkpt>
      <trkpt lat="52.39579" lon="13.36137">
        <ele>42.13</ele>
      </trkpt>
      <trkpt lat="52.39524" lon="13.36252">
        <ele>41.12</ele>
      </trkpt>
      <trkpt lat="52.39498" lon="13.36309">
        <ele>40.93</ele>
      </trkpt>
      <trkpt lat="52.39463" lon="13.36404">
        <ele>40.91</ele>
      </trkpt>
      <trkpt lat="52.39454" lon="13.3643">
        <ele>42.27</ele>
      </trkpt>
      <trkpt lat="52.39417" lon="13.36535">
        <ele>42.76</ele>
      </trkpt>
      <trkpt lat="52.39371" lon="13.36665">
        <ele>40.98</ele>
      </trkpt>
      <trkpt lat="52.39336" lon="13.36765">
        <ele>40.73</ele>
      </trkpt>
      <trkpt lat="52.39326" lon="13.36794">
        <ele>40.26</ele>
      </trkpt>
      <trkpt lat="52.39289" lon="13.36902">
        <ele>40.6</ele>
      </trkpt>
      <trkpt lat="52.3928" lon="13.36926">
        <ele>41.57</ele>
      </trkpt>
      <trkpt lat="52.39272" lon="13.3695">
        <ele>42.69</ele>
      </trkpt>
      <trkpt lat="52.39246" lon="13.37025">
        <ele>37.96</ele>
      </trkpt>
      <trkpt lat="52.39234" lon="13.37033">
        <ele>34.58</ele>
      </trkpt>
      <trkpt lat="52.39222" lon="13.37029">
        <ele>31.08</ele>
      </trkpt>
      <trkpt lat="52.39222" lon="13.37029">
        <ele>31.08</ele>
      </trkpt>
      <trkpt lat="52.39222" lon="13.37029">
        <ele>31.08</ele>
      </trkpt>
      <trkpt lat="52.39174" lon="13.37015">
        <ele>35.91</ele>
      </trkpt>
      <trkpt lat="52.39126" lon="13.37001">
        <ele>38.27</ele>
      </trkpt>
      <trkpt lat="52.39078" lon="13.36987">
        <ele>40.33</ele>
      </trkpt>
      <trkpt lat="52.3901" lon="13.36969">
        <ele>44.08</ele>
      </trkpt>
      <trkpt lat="52.38965" lon="13.36958">
        <ele>41.62</ele>
      </trkpt>
      <trkpt lat="52.38911" lon="13.36944">
        <ele>37.83</ele>
      </trkpt>
      <trkpt lat="52.38864" lon="13.36931">
        <ele>34.21</ele>
      </trkpt>
      <trkpt lat="52.38815" lon="13.36918">
        <ele>35.26</ele>
      </trkpt>
      <trkpt lat="52.3879" lon="13.36913">
        <ele>37.19</ele>
      </trkpt>
      <trkpt lat="52.38785" lon="13.36912">
        <ele>37.6</ele>
      </trkpt>
      <trkpt lat="52.38778" lon="13.37008">
        <ele>40.71</ele>
      </trkpt>
      <trkpt lat="52.38771" lon="13.37103">
        <ele>43.76</ele>
      </trkpt>
      <trkpt lat="52.38764" lon="13.37199">
        <ele>44.34</ele>
      </trkpt>
      <trkpt lat="52.38764" lon="13.37199">
        <ele>44.34</ele>
      </trkpt>
      <trkpt lat="52.38764" lon="13.37199">
        <ele>44.34</ele>
      </trkpt>
      <trkpt lat="52.38758" lon="13.37283">
        <ele>43.13</ele>
      </trkpt>
      <trkpt lat="52.38752" lon="13.37367">
        <ele>42.98</ele>
      </trkpt>
      <trkpt lat="52.38746" lon="13.37451">
        <ele>43.37</ele>
      </trkpt>
      <trkpt lat="52.3874" lon="13.37535">
        <ele>44.29</ele>
      </trkpt>
      <trkpt lat="52.38734" lon="13.37619">
        <ele>43.89</ele>
      </trkpt>
      <trkpt lat="52.38729" lon="13.37705">
        <ele>44.22</ele>
      </trkpt>
      <trkpt lat="52.38732" lon="13.37787">
        <ele>43.67</ele>
      </trkpt>
      <trkpt lat="52.38734" lon="13.37861">
        <ele>43.0</ele>
      </trkpt>
      <trkpt lat="52.38737" lon="13.37935">
        <ele>41.76</ele>
      </trkpt>
      <trkpt lat="52.38739" lon="13.38009">
        <ele>41.74</ele>
      </trkpt>
      <trkpt lat="52.3874" lon="13.38052">
        <ele>43.07</ele>
      </trkpt>
      <trkpt lat="52.38743" lon="13.38135">
        <ele>42.75</ele>
      </trkpt>
      <trkpt lat="52.38745" lon="13.38219">
        <ele>42.82</ele>
      </trkpt>
      <trkpt lat="52.38748" lon="13.38302">
        <ele>42.85</ele>
      </trkpt>
      <trkpt lat="52.3875" lon="13.38385">
        <ele>39.14</ele>
      </trkpt>
      <trkpt lat="52.38753" lon="13.38511">
        <ele>38.93</ele>
      </trkpt>
      <trkpt lat="52.38755" lon="13.38576">
        <ele>36.67</ele>
      </trkpt>
      <trkpt lat="52.38753" lon="13.38581">
        <ele>36.31</ele>
      </trkpt>
      <trkpt lat="52.38753" lon="13.38581">
        <ele>36.31</ele>
      </trkpt>
      <trkpt lat="52.38753" lon="13.38581">
        <ele>36.31</ele>
      </trkpt>
      <trkpt lat="52.38749" lon="13.38592">
        <ele>35.27</ele>
      </trkpt>
      <trkpt lat="52.38739" lon="13.38604">
        <ele>34.59</ele>
      </trkpt>
      <trkpt lat="52.3872" lon="13.38609">
        <ele>35.25</ele>
      </trkpt>
      <trkpt lat="52.38676" lon="13.38616">
        <ele>30.41</ele>
      </trkpt>
      <trkpt lat="52.38625" lon="13.38626">
        <ele>35.96</ele>
      </trkpt>
      <trkpt lat="52.38574" lon="13.38636">
        <ele>38.95</ele>
      </trkpt>
      <trkpt lat="52.38523" lon="13.38647">
        <ele>40.64</ele>
      </trkpt>
      <trkpt lat="52.38472" lon="13.38657">
        <ele>43.01</ele>
      </trkpt>
      <trkpt lat="52.38421" lon="13.38667">
        <ele>37.06</ele>
      </trkpt>
      <trkpt lat="52.38374" lon="13.38674">
        <ele>38.16</ele>
      </trkpt>
      <trkpt lat="52.38327" lon="13.38681">
        <ele>46.74</ele>
      </trkpt>
      <trkpt lat="52.3828" lon="13.38687">
        <ele>44.4</ele>
      </trkpt>
      <trkpt lat="52.38233" lon="13.38694">
        <ele>39.46</ele>
      </trkpt>
      <trkpt lat="52.38185" lon="13.38703">
        <ele>42.07</ele>
      </trkpt>
      <trkpt lat="52.38136" lon="13.38711">
        <ele>39.04</ele>
      </trkpt>
      <trkpt lat="52.38088" lon="13.3872">
        <ele>41.18</ele>
      </trkpt>
      <trkpt lat="52.38063" lon="13.38724">
        <ele>40.58</ele>
      </trkpt>
      <trkpt lat="52.38063" lon="13.38724">
        <ele>40.58</ele>
      </trkpt>
      <trkpt lat="52.38063" lon="13.38724">
        <ele>40.58</ele>
      </trkpt>
      <trkpt lat="52.38018" lon="13.38732">
        <ele>38.9</ele>
      </trkpt>
      <trkpt lat="52.37972" lon="13.38739">
        <ele>40.99</ele>
      </trkpt>
      <trkpt lat="52.37927" lon="13.38747">
        <ele>40.04</ele>
      </trkpt>
      <trkpt lat="52.37881" lon="13.38754">
        <ele>41.95</ele>
      </trkpt>
      <trkpt lat="52.37836" lon="13.38762">
        <ele>44.01</ele>
      </trkpt>
      <trkpt lat="52.37753" lon="13.38776">
        <ele>38.32</ele>
      </trkpt>
      <trkpt lat="52.37753" lon="13.38784">
        <ele>38.55</ele>
      </trkpt>
      <trkpt lat="52.37753" lon="13.38784">
        <ele>38.55</ele>
      </trkpt>
      <trkpt lat="52.37753" lon="13.38784">
        <ele>38.55</ele>
      </trkpt>
      <trkpt lat="52.37754" lon="13.38816">
        <ele>39.86</ele>
      </trkpt>
      <trkpt lat="52.37754" lon="13.38858">
        <ele>42.1</ele>
      </trkpt>
      <trkpt lat="52.37742" lon="13.39153">
        <ele>42.28</ele>
      </trkpt>
      <trkpt lat="52.37742" lon="13.39183">
        <ele>43.09</ele>
      </trkpt>
      <trkpt lat="52.37735" lon="13.39333">
        <ele>44.47</ele>
      </trkpt>
      <trkpt lat="52.37734" lon="13.39409">
        <ele>44.12</ele>
      </trkpt>
      <trkpt lat="52.37733" lon="13.39452">
        <ele>43.01</ele>
      </trkpt>
      <trkpt lat="52.37736" lon="13.39507">
        <ele>42.62</ele>
      </trkpt>
      <trkpt lat="52.37728" lon="13.39663">
        <ele>42.65</ele>
      </trkpt>
      <trkpt lat="52.37719" lon="13.39805">
        <ele>46.65</ele>
      </trkpt>
      <trkpt lat="52.37719" lon="13.39808">
        <ele>46.64</ele>
      </trkpt>
      <trkpt lat="52.37719" lon="13.39815">
        <ele>46.61</ele>
      </trkpt>
      <trkpt lat="52.37718" lon="13.39822">
        <ele>46.45</ele>
      </trkpt>
      <trkpt lat="52.37718" lon="13.39825">
        <ele>46.44</ele>
      </trkpt>
      <trkpt lat="52.37715" lon="13.39883">
        <ele>45.54</ele>
      </trkpt>
      <trkpt lat="52.37712" lon="13.39939">
        <ele>46.02</ele>
      </trkpt>
      <trkpt lat="52.37708" lon="13.40006">
        <ele>44.46</ele>
      </trkpt>
      <trkpt lat="52.37706" lon="13.40039">
        <ele>44.18</ele>
      </trkpt>
      <trkpt lat="52.37705" lon="13.40048">
        <ele>43.97</ele>
      </trkpt>
      <trkpt lat="52.37703" lon="13.40056">
        <ele>43.54</ele>
      </trkpt>
      <trkpt lat="52.37699" lon="13.40083">
        <ele>42.66</ele>
      </trkpt>
      <trkpt lat="52.37685" lon="13.40145">
        <ele>41.0</ele>
      </trkpt>
      <trkpt lat="52.37685" lon="13.40145">
        <ele>41.0</ele>
      </trkpt>
      <trkpt lat="52.37685" lon="13.40145">
        <ele>41.0</ele>
      </trkpt>
      <trkpt lat="52.37682" lon="13.40158">
        <ele>40.76</ele>
      </trkpt>
      <trkpt lat="52.37676" lon="13.4017">
        <ele>39.89</ele>
      </trkpt>
      <trkpt lat="52.37667" lon="13.40191">
        <ele>38.16</ele>
      </trkpt>
      <trkpt lat="52.37664" lon="13.40212">
        <ele>35.85</ele>
      </trkpt>
      <trkpt lat="52.37663" lon="13.40222">
        <ele>34.63</ele>
      </trkpt>
      <trkpt lat="52.37663" lon="13.40257">
        <ele>32.99</ele>
      </trkpt>
      <trkpt lat="52.37662" lon="13.4027">
        <ele>32.39</ele>
      </trkpt>
      <trkpt lat="52.37659" lon="13.40288">
        <ele>32.52</ele>
      </trkpt>
      <trkpt lat="52.37651" lon="13.4031">
        <ele>32.62</ele>
      </trkpt>
      <trkpt lat="52.37644" lon="13.40327">
        <ele>33.23</ele>
      </trkpt>
      <trkpt lat="52.37641" lon="13.40348">
        <ele>35.98</ele>
      </trkpt>
      <trkpt lat="52.3764" lon="13.4037">
        <ele>38.73</ele>
      </trkpt>
      <trkpt lat="52.3763" lon="13.40595">
        <ele>43.71</ele>
      </trkpt>
      <trkpt lat="52.3763" lon="13.40595">
        <ele>43.71</ele>
      </trkpt>
      <trkpt lat="52.3763" lon="13.40595">
        <ele>43.71</ele>
      </trkpt>
      <trkpt lat="52.37624" lon="13.40741">
        <ele>43.36</ele>
      </trkpt>
      <trkpt lat="52.37621" lon="13.40822">
        <ele>43.47</ele>
      </trkpt>
      <trkpt lat="52.37617" lon="13.40903">
        <ele>42.4</ele>
      </trkpt>
      <trkpt lat="52.37614" lon="13.40984">
        <ele>43.9</ele>
      </trkpt>
      <trkpt lat="52.3761" lon="13.41065">
        <ele>41.65</ele>
      </trkpt>
      <trkpt lat="52.37607" lon="13.41145">
        <ele>42.56</ele>
      </trkpt>
      <trkpt lat="52.37604" lon="13.41224">
        <ele>40.98</ele>
      </trkpt>
      <trkpt lat="52.37601" lon="13.41304">
        <ele>41.49</ele>
      </trkpt>
      <trkpt lat="52.37598" lon="13.41383">
        <ele>41.93</ele>
      </trkpt>
      <trkpt lat="52.37598" lon="13.41383">
        <ele>41.93</ele>
      </trkpt>
      <trkpt lat="52.37598" lon="13.41383">
        <ele>41.93</ele>
      </trkpt>
      <trkpt lat="52.37596" lon="13.41438">
        <ele>45.34</ele>
      </trkpt>
      <trkpt lat="52.3759" lon="13.41598">
        <ele>45.68</ele>
      </trkpt>
      <trkpt lat="52.37584" lon="13.41613">
        <ele>44.03</ele>
      </trkpt>
      <trkpt lat="52.37554" lon="13.41663">
        <ele>43.9</ele>
      </trkpt>
      <trkpt lat="52.37554" lon="13.41663">
        <ele>43.9</ele>
      </trkpt>
      <trkpt lat="52.37551" lon="13.41668">
        <ele>43.63</ele>
      </trkpt>
      <trkpt lat="52.37548" lon="13.41712">
        <ele>41.81</ele>
      </trkpt>
      <trkpt lat="52.37545" lon="13.41753">
        <ele>40.03</ele>
      </trkpt>
      <trkpt lat="52.37547" lon="13.41787">
        <ele>37.8</ele>
      </trkpt>
      <trkpt lat="52.37547" lon="13.41792">
        <ele>37.19</ele>
      </trkpt>
      <trkpt lat="52.37548" lon="13.41798">
        <ele>36.3</ele>
      </trkpt>
      <trkpt lat="52.37554" lon="13.41824">
        <ele>33.62</ele>
      </trkpt>
      <trkpt lat="52.37563" lon="13.4186">
        <ele>34.43</ele>
      </trkpt>
      <trkpt lat="52.37564" lon="13.41863">
        <ele>34.5</ele>
      </trkpt>
      <trkpt lat="52.37563" lon="13.41919">
        <ele>37.85</ele>
      </trkpt>
      <trkpt lat="52.37564" lon="13.41934">
        <ele>39.91</ele>
      </trkpt>
      <trkpt lat="52.37577" lon="13.41978">
        <ele>41.82</ele>
      </trkpt>
      <trkpt lat="52.37583" lon="13.42002">
        <ele>42.0</ele>
      </trkpt>
      <trkpt lat="52.37583" lon="13.42002">
        <ele>42.0</ele>
      </trkpt>
      <trkpt lat="52.37583" lon="13.42002">
        <ele>42.0</ele>
      </trkpt>
      <trkpt lat="52.37591" lon="13.42034">
        <ele>42.71</ele>
      </trkpt>
      <trkpt lat="52.37596" lon="13.42058">
        <ele>43.5</ele>
      </trkpt>
      <trkpt lat="52.37604" lon="13.42074">
        <ele>43.91</ele>
      </trkpt>
      <trkpt lat="52.3761" lon="13.42086">
        <ele>44.19</ele>
      </trkpt>
      <trkpt lat="52.37637" lon="13.42115">
        <ele>46.77</ele>
      </trkpt>
      <trkpt lat="52.37761" lon="13.42197">
        <ele>57.39</ele>
      </trkpt>
      <trkpt lat="52.37765" lon="13.42199">
        <ele>57.34</ele>
      </trkpt>
      <trkpt lat="52.37843" lon="13.42256">
        <ele>52.7</ele>
      </trkpt>
      <trkpt lat="52.37904" lon="13.42297">
        <ele>49.46</ele>
      </trkpt>
      <trkpt lat="52.37987" lon="13.42353">
        <ele>54.63</ele>
      </trkpt>
      <trkpt lat="52.37987" lon="13.42353">
        <ele>54.63</ele>
      </trkpt>
      <trkpt lat="52.37987" lon="13.42353">
        <ele>54.63</ele>
      </trkpt>
      <trkpt lat="52.38034" lon="13.42384">
        <ele>50.86</ele>
      </trkpt>
      <trkpt lat="52.38048" lon="13.42394">
        <ele>51.22</ele>
      </trkpt>
      <trkpt lat="52.38119" lon="13.42445">
        <ele>44.99</ele>
      </trkpt>
      <trkpt lat="52.3812" lon="13.42459">
        <ele>44.66</ele>
      </trkpt>
      <trkpt lat="52.38126" lon="13.42468">
        <ele>44.09</ele>
      </trkpt>
      <trkpt lat="52.38193" lon="13.42516">
        <ele>40.82</ele>
      </trkpt>
      <trkpt lat="52.38235" lon="13.42545">
        <ele>41.41</ele>
      </trkpt>
      <trkpt lat="52.38276" lon="13.42575">
        <ele>45.57</ele>
      </trkpt>
      <trkpt lat="52.38318" lon="13.42604">
        <ele>44.78</ele>
      </trkpt>
      <trkpt lat="52.38359" lon="13.42634">
        <ele>40.25</ele>
      </trkpt>
      <trkpt lat="52.38401" lon="13.42663">
        <ele>41.96</ele>
      </trkpt>
      <trkpt lat="52.38442" lon="13.42693">
        <ele>47.83</ele>
      </trkpt>
      <trkpt lat="52.38484" lon="13.42722">
        <ele>42.15</ele>
      </trkpt>
      <trkpt lat="52.38489" lon="13.4273">
        <ele>41.57</ele>
      </trkpt>
      <trkpt lat="52.38489" lon="13.4273">
        <ele>41.57</ele>
      </trkpt>
      <trkpt lat="52.38489" lon="13.4273">
        <ele>41.57</ele>
      </trkpt>
      <trkpt lat="52.38505" lon="13.42779">
        <ele>43.9</ele>
      </trkpt>
      <trkpt lat="52.38513" lon="13.42791">
        <ele>43.46</ele>
      </trkpt>
      <trkpt lat="52.38562" lon="13.42829">
        <ele>41.12</ele>
      </trkpt>
      <trkpt lat="52.38571" lon="13.42836">
        <ele>41.31</ele>
      </trkpt>
      <trkpt lat="52.38578" lon="13.42838">
        <ele>41.34</ele>
      </trkpt>
      <trkpt lat="52.38613" lon="13.42841">
        <ele>39.16</ele>
      </trkpt>
      <trkpt lat="52.38662" lon="13.42825">
        <ele>33.29</ele>
      </trkpt>
      <trkpt lat="52.3871" lon="13.42805">
        <ele>36.94</ele>
      </trkpt>
      <trkpt lat="52.38834" lon="13.42754">
        <ele>28.45</ele>
      </trkpt>
      <trkpt lat="52.38834" lon="13.42754">
        <ele>28.45</ele>
      </trkpt>
      <trkpt lat="52.38834" lon="13.42754">
        <ele>28.45</ele>
      </trkpt>
      <trkpt lat="52.38862" lon="13.42742">
        <ele>32.78</ele>
      </trkpt>
      <trkpt lat="52.38988" lon="13.42689">
        <ele>35.03</ele>
      </trkpt>
      <trkpt lat="52.39196" lon="13.42601">
        <ele>35.09</ele>
      </trkpt>
      <trkpt lat="52.39297" lon="13.42558">
        <ele>34.71</ele>
      </trkpt>
      <trkpt lat="52.39341" lon="13.42542">
        <ele>36.33</ele>
      </trkpt>
      <trkpt lat="52.39451" lon="13.42502">
        <ele>34.89</ele>
      </trkpt>
      <trkpt lat="52.39474" lon="13.42477">
        <ele>36.76</ele>
      </trkpt>
      <trkpt lat="52.39485" lon="13.42456">
        <ele>38.04</ele>
      </trkpt>
      <trkpt lat="52.39491" lon="13.42449">
        <ele>38.51</ele>
      </trkpt>
      <trkpt lat="52.39496" lon="13.42447">
        <ele>38.76</ele>
      </trkpt>
      <trkpt lat="52.395" lon="13.42447">
        <ele>38.91</ele>
      </trkpt>
      <trkpt lat="52.39506" lon="13.42454">
        <ele>38.22</ele>
      </trkpt>
      <trkpt lat="52.39512" lon="13.42457">
        <ele>37.68</ele>
      </trkpt>
      <trkpt lat="52.39523" lon="13.42456">
        <ele>36.93</ele>
      </trkpt>
      <trkpt lat="52.39523" lon="13.42456">
        <ele>36.93</ele>
      </trkpt>
      <trkpt lat="52.39523" lon="13.42456">
        <ele>36.93</ele>
      </trkpt>
      <trkpt lat="52.39546" lon="13.42454">
        <ele>35.34</ele>
      </trkpt>
      <trkpt lat="52.39553" lon="13.42451">
        <ele>34.95</ele>
      </trkpt>
      <trkpt lat="52.39598" lon="13.42431">
        <ele>33.35</ele>
      </trkpt>
      <trkpt lat="52.39642" lon="13.42411">
        <ele>32.04</ele>
      </trkpt>
      <trkpt lat="52.39687" lon="13.42391">
        <ele>33.31</ele>
      </trkpt>
      <trkpt lat="52.39732" lon="13.42372">
        <ele>35.49</ele>
      </trkpt>
      <trkpt lat="52.39776" lon="13.42352">
        <ele>38.81</ele>
      </trkpt>
      <trkpt lat="52.39821" lon="13.42332">
        <ele>36.84</ele>
      </trkpt>
      <trkpt lat="52.39866" lon="13.42312">
        <ele>39.68</ele>
      </trkpt>
      <trkpt lat="52.3991" lon="13.42292">
        <ele>34.57</ele>
      </trkpt>
      <trkpt lat="52.39955" lon="13.42272">
        <ele>32.54</ele>
      </trkpt>
      <trkpt lat="52.4" lon="13.42252">
        <ele>33.14</ele>
      </trkpt>
      <trkpt lat="52.40044" lon="13.42232">
        <ele>32.46</ele>
      </trkpt>
      <trkpt lat="52.40089" lon="13.42213">
        <ele>30.48</ele>
      </trkpt>
      <trkpt lat="52.40134" lon="13.42193">
        <ele>32.8</ele>
      </trkpt>
      <trkpt lat="52.40178" lon="13.42173">
        <ele>38.59</ele>
      </trkpt>
      <trkpt lat="52.40223" lon="13.42153">
        <ele>34.28</ele>
      </trkpt>
      <trkpt lat="52.40229" lon="13.42151">
        <ele>32.78</ele>
      </trkpt>
      <trkpt lat="52.40252" lon="13.42138">
        <ele>29.07</ele>
      </trkpt>
      <trkpt lat="52.40272" lon="13.42136">
        <ele>29.37</ele>
      </trkpt>
      <trkpt lat="52.40307" lon="13.42121">
        <ele>33.87</ele>
      </trkpt>
      <trkpt lat="52.40317" lon="13.42116">
        <ele>33.79</ele>
      </trkpt>
      <trkpt lat="52.40317" lon="13.42116">
        <ele>33.79</ele>
      </trkpt>
      <trkpt lat="52.40317" lon="13.42116">
        <ele>33.79</ele>
      </trkpt>
      <trkpt lat="52.40327" lon="13.42111">
        <ele>33.46</ele>
      </trkpt>
      <trkpt lat="52.40386" lon="13.42083">
        <ele>31.92</ele>
      </trkpt>
      <trkpt lat="52.40431" lon="13.42062">
        <ele>33.84</ele>
      </trkpt>
      <trkpt lat="52.40476" lon="13.42041">
        <ele>34.83</ele>
      </trkpt>
      <trkpt lat="52.40505" lon="13.42027">
        <ele>35.2</ele>
      </trkpt>
      <trkpt lat="52.40557" lon="13.42003">
        <ele>32.19</ele>
      </trkpt>
      <trkpt lat="52.40609" lon="13.41978">
        <ele>36.06</ele>
      </trkpt>
      <trkpt lat="52.40661" lon="13.41954">
        <ele>37.31</ele>
      </trkpt>
      <trkpt lat="52.4072" lon="13.41934">
        <ele>41.2</ele>
      </trkpt>
      <trkpt lat="52.40769" lon="13.41943">
        <ele>36.97</ele>
      </trkpt>
      <trkpt lat="52.40818" lon="13.41953">
        <ele>36.66</ele>
      </trkpt>
      <trkpt lat="52.40867" lon="13.41962">
        <ele>36.69</ele>
      </trkpt>
      <trkpt lat="52.40916" lon="13.41971">
        <ele>36.96</ele>
      </trkpt>
      <trkpt lat="52.40928" lon="13.4198">
        <ele>38.75</ele>
      </trkpt>
      <trkpt lat="52.40968" lon="13.42006">
        <ele>41.25</ele>
      </trkpt>
      <trkpt lat="52.40982" lon="13.4203">
        <ele>40.65</ele>
      </trkpt>
      <trkpt lat="52.40982" lon="13.4203">
        <ele>40.65</ele>
      </trkpt>
      <trkpt lat="52.40982" lon="13.4203">
        <ele>40.65</ele>
      </trkpt>
      <trkpt lat="52.41014" lon="13.42088">
        <ele>41.0</ele>
      </trkpt>
      <trkpt lat="52.41031" lon="13.42115">
        <ele>41.34</ele>
      </trkpt>
      <trkpt lat="52.41036" lon="13.42116">
        <ele>41.66</ele>
      </trkpt>
      <trkpt lat="52.41045" lon="13.42127">
        <ele>42.1</ele>
      </trkpt>
      <trkpt lat="52.41054" lon="13.42126">
        <ele>42.41</ele>
      </trkpt>
      <trkpt lat="52.41054" lon="13.42126">
        <ele>42.41</ele>
      </trkpt>
      <trkpt lat="52.41054" lon="13.42126">
        <ele>42.41</ele>
      </trkpt>
      <trkpt lat="52.41057" lon="13.42126">
        <ele>42.49</ele>
      </trkpt>
      <trkpt lat="52.41061" lon="13.42123">
        <ele>42.66</ele>
      </trkpt>
      <trkpt lat="52.41061" lon="13.42143">
        <ele>42.2</ele>
      </trkpt>
      <trkpt lat="52.41063" lon="13.42158">
        <ele>42.27</ele>
      </trkpt>
      <trkpt lat="52.41074" lon="13.42234">
        <ele>40.34</ele>
      </trkpt>
      <trkpt lat="52.4108" lon="13.42265">
        <ele>40.66</ele>
      </trkpt>
      <trkpt lat="52.41087" lon="13.42304">
        <ele>40.86</ele>
      </trkpt>
      <trkpt lat="52.4109" lon="13.42331">
        <ele>40.06</ele>
      </trkpt>
      <trkpt lat="52.41097" lon="13.42357">
        <ele>40.43</ele>
      </trkpt>
      <trkpt lat="52.41118" lon="13.42435">
        <ele>40.67</ele>
      </trkpt>
      <trkpt lat="52.41119" lon="13.42439">
        <ele>40.66</ele>
      </trkpt>
      <trkpt lat="52.41138" lon="13.42525">
        <ele>41.9</ele>
      </trkpt>
      <trkpt lat="52.41161" lon="13.42641">
        <ele>42.74</ele>
      </trkpt>
      <trkpt lat="52.41185" lon="13.42762">
        <ele>43.66</ele>
      </trkpt>
      <trkpt lat="52.4119" lon="13.42775">
        <ele>43.84</ele>
      </trkpt>
      <trkpt lat="52.41193" lon="13.42788">
        <ele>43.58</ele>
      </trkpt>
      <trkpt lat="52.41193" lon="13.42788">
        <ele>43.58</ele>
      </trkpt>
      <trkpt lat="52.41193" lon="13.42788">
        <ele>43.58</ele>
      </trkpt>
      <trkpt lat="52.41208" lon="13.42877">
        <ele>41.92</ele>
      </trkpt>
      <trkpt lat="52.41222" lon="13.42966">
        <ele>42.0</ele>
      </trkpt>
      <trkpt lat="52.41234" lon="13.43044">
        <ele>42.58</ele>
      </trkpt>
      <trkpt lat="52.41247" lon="13.43122">
        <ele>42.96</ele>
      </trkpt>
      <trkpt lat="52.41259" lon="13.432">
        <ele>43.85</ele>
      </trkpt>
      <trkpt lat="52.41262" lon="13.43211">
        <ele>44.46</ele>
      </trkpt>
      <trkpt lat="52.41283" lon="13.43278">
        <ele>46.0</ele>
      </trkpt>
      <trkpt lat="52.41303" lon="13.43344">
        <ele>44.74</ele>
      </trkpt>
      <trkpt lat="52.41314" lon="13.4338">
        <ele>44.75</ele>
      </trkpt>
      <trkpt lat="52.41327" lon="13.4342">
        <ele>46.69</ele>
      </trkpt>
      <trkpt lat="52.41364" lon="13.43546">
        <ele>39.17</ele>
      </trkpt>
      <trkpt lat="52.41389" lon="13.43639">
        <ele>41.0</ele>
      </trkpt>
      <trkpt lat="52.41414" lon="13.43739">
        <ele>42.96</ele>
      </trkpt>
      <trkpt lat="52.41438" lon="13.43834">
        <ele>42.71</ele>
      </trkpt>
      <trkpt lat="52.41442" lon="13.43852">
        <ele>42.88</ele>
      </trkpt>
      <trkpt lat="52.41442" lon="13.43852">
        <ele>42.88</ele>
      </trkpt>
      <trkpt lat="52.41444" lon="13.43857">
        <ele>42.89</ele>
      </trkpt>
      <trkpt lat="52.41445" lon="13.43864">
        <ele>43.04</ele>
      </trkpt>
      <trkpt lat="52.41448" lon="13.43873">
        <ele>42.99</ele>
      </trkpt>
      <trkpt lat="52.41449" lon="13.43881">
        <ele>43.11</ele>
      </trkpt>
      <trkpt lat="52.4145" lon="13.43887">
        <ele>43.15</ele>
      </trkpt>
      <trkpt lat="52.4145" lon="13.43891">
        <ele>43.37</ele>
      </trkpt>
      <trkpt lat="52.41455" lon="13.43921">
        <ele>45.54</ele>
      </trkpt>
      <trkpt lat="52.41458" lon="13.43938">
        <ele>47.98</ele>
      </trkpt>
      <trkpt lat="52.41462" lon="13.43955">
        <ele>49.12</ele>
      </trkpt>
      <trkpt lat="52.4146" lon="13.4396">
        <ele>49.44</ele>
      </trkpt>
      <trkpt lat="52.41461" lon="13.43967">
        <ele>49.62</ele>
      </trkpt>
      <trkpt lat="52.41462" lon="13.43989">
        <ele>50.12</ele>
      </trkpt>
      <trkpt lat="52.4147" lon="13.44022">
        <ele>49.89</ele>
      </trkpt>
      <trkpt lat="52.41476" lon="13.4405">
        <ele>49.62</ele>
      </trkpt>
      <trkpt lat="52.41482" lon="13.44079">
        <ele>47.55</ele>
      </trkpt>
      <trkpt lat="52.41484" lon="13.44087">
        <ele>47.28</ele>
      </trkpt>
      <trkpt lat="52.41485" lon="13.441">
        <ele>47.68</ele>
      </trkpt>
      <trkpt lat="52.41489" lon="13.44117">
        <ele>48.0</ele>
      </trkpt>
      <trkpt lat="52.41495" lon="13.44141">
        <ele>48.48</ele>
      </trkpt>
      <trkpt lat="52.415" lon="13.44154">
        <ele>49.09</ele>
      </trkpt>
      <trkpt lat="52.41506" lon="13.44161">
        <ele>48.99</ele>
      </trkpt>
      <trkpt lat="52.41513" lon="13.4417">
        <ele>48.65</ele>
      </trkpt>
      <trkpt lat="52.41541" lon="13.44257">
        <ele>46.96</ele>
      </trkpt>
      <trkpt lat="52.41585" lon="13.44398">
        <ele>45.04</ele>
      </trkpt>
      <trkpt lat="52.41625" lon="13.44541">
        <ele>46.21</ele>
      </trkpt>
      <trkpt lat="52.41634" lon="13.4457">
        <ele>48.6</ele>
      </trkpt>
      <trkpt lat="52.41638" lon="13.44585">
        <ele>49.79</ele>
      </trkpt>
      <trkpt lat="52.41638" lon="13.44585">
        <ele>49.79</ele>
      </trkpt>
      <trkpt lat="52.41638" lon="13.44585">
        <ele>49.79</ele>
      </trkpt>
      <trkpt lat="52.41646" lon="13.44617">
        <ele>46.69</ele>
      </trkpt>
      <trkpt lat="52.41672" lon="13.44708">
        <ele>45.3</ele>
      </trkpt>
      <trkpt lat="52.41683" lon="13.44726">
        <ele>44.85</ele>
      </trkpt>
      <trkpt lat="52.41704" lon="13.44763">
        <ele>44.94</ele>
      </trkpt>
      <trkpt lat="52.41721" lon="13.44793">
        <ele>45.04</ele>
      </trkpt>
      <trkpt lat="52.41724" lon="13.44801">
        <ele>45.2</ele>
      </trkpt>
      <trkpt lat="52.41734" lon="13.44833">
        <ele>45.85</ele>
      </trkpt>
      <trkpt lat="52.41739" lon="13.44842">
        <ele>45.9</ele>
      </trkpt>
      <trkpt lat="52.41741" lon="13.44844">
        <ele>45.97</ele>
      </trkpt>
      <trkpt lat="52.41753" lon="13.44875">
        <ele>45.59</ele>
      </trkpt>
      <trkpt lat="52.41755" lon="13.44881">
        <ele>45.52</ele>
      </trkpt>
      <trkpt lat="52.41757" lon="13.44884">
        <ele>45.66</ele>
      </trkpt>
      <trkpt lat="52.41762" lon="13.44885">
        <ele>46.5</ele>
      </trkpt>
      <trkpt lat="52.41763" lon="13.44884">
        <ele>46.77</ele>
      </trkpt>
      <trkpt lat="52.41764" lon="13.4489">
        <ele>46.42</ele>
      </trkpt>
      <trkpt lat="52.41764" lon="13.44895">
        <ele>45.97</ele>
      </trkpt>
      <trkpt lat="52.41766" lon="13.44917">
        <ele>44.15</ele>
      </trkpt>
      <trkpt lat="52.41768" lon="13.44927">
        <ele>44.3</ele>
      </trkpt>
      <trkpt lat="52.41769" lon="13.44936">
        <ele>44.37</ele>
      </trkpt>
      <trkpt lat="52.4177" lon="13.44946">
        <ele>44.4</ele>
      </trkpt>
      <trkpt lat="52.41768" lon="13.44949">
        <ele>44.19</ele>
      </trkpt>
      <trkpt lat="52.41769" lon="13.44956">
        <ele>44.08</ele>
      </trkpt>
      <trkpt lat="52.4177" lon="13.44962">
        <ele>43.98</ele>
      </trkpt>
      <trkpt lat="52.41771" lon="13.44962">
        <ele>44.03</ele>
      </trkpt>
      <trkpt lat="52.41777" lon="13.4498">
        <ele>44.25</ele>
      </trkpt>
      <trkpt lat="52.41777" lon="13.4498">
        <ele>44.25</ele>
      </trkpt>
      <trkpt lat="52.41777" lon="13.4498">
        <ele>44.25</ele>
      </trkpt>
      <trkpt lat="52.41813" lon="13.45093">
        <ele>45.91</ele>
      </trkpt>
      <trkpt lat="52.41815" lon="13.45092">
        <ele>45.89</ele>
      </trkpt>
      <trkpt lat="52.41817" lon="13.45091">
        <ele>45.89</ele>
      </trkpt>
      <trkpt lat="52.41819" lon="13.45096">
        <ele>45.78</ele>
      </trkpt>
      <trkpt lat="52.41822" lon="13.45105">
        <ele>45.54</ele>
      </trkpt>
      <trkpt lat="52.41832" lon="13.45135">
        <ele>45.05</ele>
      </trkpt>
      <trkpt lat="52.41853" lon="13.45199">
        <ele>44.25</ele>
      </trkpt>
      <trkpt lat="52.41876" lon="13.45263">
        <ele>43.07</ele>
      </trkpt>
      <trkpt lat="52.41884" lon="13.45283">
        <ele>44.88</ele>
      </trkpt>
      <trkpt lat="52.419" lon="13.45327">
        <ele>43.54</ele>
      </trkpt>
      <trkpt lat="52.41921" lon="13.45383">
        <ele>45.54</ele>
      </trkpt>
      <trkpt lat="52.41931" lon="13.45411">
        <ele>44.58</ele>
      </trkpt>
      <trkpt lat="52.41944" lon="13.45451">
        <ele>43.78</ele>
      </trkpt>
      <trkpt lat="52.41953" lon="13.45486">
        <ele>42.78</ele>
      </trkpt>
      <trkpt lat="52.41962" lon="13.4552">
        <ele>42.44</ele>
      </trkpt>
      <trkpt lat="52.41973" lon="13.45562">
        <ele>40.97</ele>
      </trkpt>
      <trkpt lat="52.41995" lon="13.45647">
        <ele>38.72</ele>
      </trkpt>
      <trkpt lat="52.42009" lon="13.45701">
        <ele>40.94</ele>
      </trkpt>
      <trkpt lat="52.4203" lon="13.45787">
        <ele>44.72</ele>
      </trkpt>
      <trkpt lat="52.42046" lon="13.45857">
        <ele>40.85</ele>
      </trkpt>
      <trkpt lat="52.42052" lon="13.45893">
        <ele>40.0</ele>
      </trkpt>
      <trkpt lat="52.42055" lon="13.45909">
        <ele>40.69</ele>
      </trkpt>
      <trkpt lat="52.42067" lon="13.45985">
        <ele>46.26</ele>
      </trkpt>
      <trkpt lat="52.4207" lon="13.46001">
        <ele>47.2</ele>
      </trkpt>
      <trkpt lat="52.42075" lon="13.46031">
        <ele>48.19</ele>
      </trkpt>
      <trkpt lat="52.42071" lon="13.46038">
        <ele>46.22</ele>
      </trkpt>
      <trkpt lat="52.42078" lon="13.46096">
        <ele>43.74</ele>
      </trkpt>
      <trkpt lat="52.42078" lon="13.46096">
        <ele>43.74</ele>
      </trkpt>
      <trkpt lat="52.42089" lon="13.46188">
        <ele>39.18</ele>
      </trkpt>
      <trkpt lat="52.42099" lon="13.4628">
        <ele>38.56</ele>
      </trkpt>
      <trkpt lat="52.4211" lon="13.46372">
        <ele>40.49</ele>
      </trkpt>
      <trkpt lat="52.4211" lon="13.46372">
        <ele>40.49</ele>
      </trkpt>
      <trkpt lat="52.42117" lon="13.46412">
        <ele>43.55</ele>
      </trkpt>
      <trkpt lat="52.42117" lon="13.46412">
        <ele>43.55</ele>
      </trkpt>
      <trkpt lat="52.42109" lon="13.46435">
        <ele>41.36</ele>
      </trkpt>
      <trkpt lat="52.42109" lon="13.46435">
        <ele>41.36</ele>
      </trkpt>
      <trkpt lat="52.4211" lon="13.46435">
        <ele>41.5</ele>
      </trkpt>
      <trkpt lat="52.42106" lon="13.46446">
        <ele>41.38</ele>
      </trkpt>
      <trkpt lat="52.42095" lon="13.46468">
        <ele>41.38</ele>
      </trkpt>
      <trkpt lat="52.42085" lon="13.46489">
        <ele>41.38</ele>
      </trkpt>
      <trkpt lat="52.42077" lon="13.46504">
        <ele>41.24</ele>
      </trkpt>
      <trkpt lat="52.42073" lon="13.46513">
        <ele>40.76</ele>
      </trkpt>
      <trkpt lat="52.42073" lon="13.46513">
        <ele>40.76</ele>
      </trkpt>
      <trkpt lat="52.42068" lon="13.46536">
        <ele>40.74</ele>
      </trkpt>
      <trkpt lat="52.42042" lon="13.46652">
        <ele>42.5</ele>
      </trkpt>
      <trkpt lat="52.42035" lon="13.46669">
        <ele>42.6</ele>
      </trkpt>
      <trkpt lat="52.42028" lon="13.46679">
        <ele>42.46</ele>
      </trkpt>
      <trkpt lat="52.42014" lon="13.46686">
        <ele>40.52</ele>
      </trkpt>
      <trkpt lat="52.42014" lon="13.46686">
        <ele>40.52</ele>
      </trkpt>
      <trkpt lat="52.42014" lon="13.46686">
        <ele>40.52</ele>
      </trkpt>
      <trkpt lat="52.41963" lon="13.46715">
        <ele>35.65</ele>
      </trkpt>
      <trkpt lat="52.41897" lon="13.46751">
        <ele>35.03</ele>
      </trkpt>
      <trkpt lat="52.41791" lon="13.4681">
        <ele>36.8</ele>
      </trkpt>
      <trkpt lat="52.4164" lon="13.46894">
        <ele>33.17</ele>
      </trkpt>
      <trkpt lat="52.41626" lon="13.46902">
        <ele>31.33</ele>
      </trkpt>
      <trkpt lat="52.41573" lon="13.4693">
        <ele>31.26</ele>
      </trkpt>
      <trkpt lat="52.41562" lon="13.46932">
        <ele>31.98</ele>
      </trkpt>
      <trkpt lat="52.41546" lon="13.46926">
        <ele>33.7</ele>
      </trkpt>
      <trkpt lat="52.41537" lon="13.46924">
        <ele>34.74</ele>
      </trkpt>
      <trkpt lat="52.41532" lon="13.46926">
        <ele>35.21</ele>
      </trkpt>
      <trkpt lat="52.41532" lon="13.46926">
        <ele>35.21</ele>
      </trkpt>
      <trkpt lat="52.41532" lon="13.46926">
        <ele>35.21</ele>
      </trkpt>
      <trkpt lat="52.41523" lon="13.4693">
        <ele>35.69</ele>
      </trkpt>
      <trkpt lat="52.41503" lon="13.46941">
        <ele>36.02</ele>
      </trkpt>
      <trkpt lat="52.41493" lon="13.46947">
        <ele>35.82</ele>
      </trkpt>
      <trkpt lat="52.41448" lon="13.46972">
        <ele>34.99</ele>
      </trkpt>
      <trkpt lat="52.41403" lon="13.46998">
        <ele>27.15</ele>
      </trkpt>
      <trkpt lat="52.41358" lon="13.47023">
        <ele>22.34</ele>
      </trkpt>
      <trkpt lat="52.41312" lon="13.47049">
        <ele>25.03</ele>
      </trkpt>
      <trkpt lat="52.41265" lon="13.47075">
        <ele>29.97</ele>
      </trkpt>
      <trkpt lat="52.41219" lon="13.47101">
        <ele>27.5</ele>
      </trkpt>
      <trkpt lat="52.41172" lon="13.47127">
        <ele>31.95</ele>
      </trkpt>
      <trkpt lat="52.41126" lon="13.47153">
        <ele>28.98</ele>
      </trkpt>
      <trkpt lat="52.41083" lon="13.47177">
        <ele>24.18</ele>
      </trkpt>
      <trkpt lat="52.41041" lon="13.47202">
        <ele>20.4</ele>
      </trkpt>
      <trkpt lat="52.40998" lon="13.47226">
        <ele>25.89</ele>
      </trkpt>
      <trkpt lat="52.40955" lon="13.4725">
        <ele>29.86</ele>
      </trkpt>
      <trkpt lat="52.40921" lon="13.47269">
        <ele>33.0</ele>
      </trkpt>
      <trkpt lat="52.40851" lon="13.47305">
        <ele>38.71</ele>
      </trkpt>
      <trkpt lat="52.40847" lon="13.47308">
        <ele>39.01</ele>
      </trkpt>
      <trkpt lat="52.40841" lon="13.47312">
        <ele>39.34</ele>
      </trkpt>
      <trkpt lat="52.40837" lon="13.47315">
        <ele>39.49</ele>
      </trkpt>
      <trkpt lat="52.4083" lon="13.4732">
        <ele>38.94</ele>
      </trkpt>
      <trkpt lat="52.4082" lon="13.47328">
        <ele>37.18</ele>
      </trkpt>
      <trkpt lat="52.4082" lon="13.47328">
        <ele>37.18</ele>
      </trkpt>
      <trkpt lat="52.4082" lon="13.47328">
        <ele>37.18</ele>
      </trkpt>
      <trkpt lat="52.4079" lon="13.47352">
        <ele>32.65</ele>
      </trkpt>
      <trkpt lat="52.4065" lon="13.47437">
        <ele>28.69</ele>
      </trkpt>
      <trkpt lat="52.40516" lon="13.47515">
        <ele>29.57</ele>
      </trkpt>
      <trkpt lat="52.40503" lon="13.47529">
        <ele>31.5</ele>
      </trkpt>
      <trkpt lat="52.40496" lon="13.47548">
        <ele>30.61</ele>
      </trkpt>
      <trkpt lat="52.40488" lon="13.47577">
        <ele>31.1</ele>
      </trkpt>
      <trkpt lat="52.40484" lon="13.47585">
        <ele>31.69</ele>
      </trkpt>
      <trkpt lat="52.40484" lon="13.47585">
        <ele>31.69</ele>
      </trkpt>
      <trkpt lat="52.40484" lon="13.47585">
        <ele>31.69</ele>
      </trkpt>
      <trkpt lat="52.40482" lon="13.4759">
        <ele>31.79</ele>
      </trkpt>
      <trkpt lat="52.40474" lon="13.47597">
        <ele>32.35</ele>
      </trkpt>
      <trkpt lat="52.40441" lon="13.47615">
        <ele>30.41</ele>
      </trkpt>
      <trkpt lat="52.40424" lon="13.47634">
        <ele>28.53</ele>
      </trkpt>
      <trkpt lat="52.40411" lon="13.47654">
        <ele>29.71</ele>
      </trkpt>
      <trkpt lat="52.40409" lon="13.47667">
        <ele>30.71</ele>
      </trkpt>
      <trkpt lat="52.40406" lon="13.47688">
        <ele>29.96</ele>
      </trkpt>
      <trkpt lat="52.40409" lon="13.47697">
        <ele>29.51</ele>
      </trkpt>
      <trkpt lat="52.40384" lon="13.47725">
        <ele>32.94</ele>
      </trkpt>
      <trkpt lat="52.40372" lon="13.47738">
        <ele>36.26</ele>
      </trkpt>
      <trkpt lat="52.40367" lon="13.47742">
        <ele>37.7</ele>
      </trkpt>
      <trkpt lat="52.4036" lon="13.47748">
        <ele>39.64</ele>
      </trkpt>
      <trkpt lat="52.40362" lon="13.47752">
        <ele>39.96</ele>
      </trkpt>
      <trkpt lat="52.40369" lon="13.47758">
        <ele>39.04</ele>
      </trkpt>
      <trkpt lat="52.40374" lon="13.47767">
        <ele>39.01</ele>
      </trkpt>
      <trkpt lat="52.40421" lon="13.47856">
        <ele>44.32</ele>
      </trkpt>
      <trkpt lat="52.40438" lon="13.47892">
        <ele>46.48</ele>
      </trkpt>
      <trkpt lat="52.40464" lon="13.4793">
        <ele>43.07</ele>
      </trkpt>
      <trkpt lat="52.40477" lon="13.47948">
        <ele>40.77</ele>
      </trkpt>
      <trkpt lat="52.40477" lon="13.47948">
        <ele>40.77</ele>
      </trkpt>
      <trkpt lat="52.40477" lon="13.47948">
        <ele>40.77</ele>
      </trkpt>
      <trkpt lat="52.40491" lon="13.47968">
        <ele>39.88</ele>
      </trkpt>
      <trkpt lat="52.40511" lon="13.48011">
        <ele>44.03</ele>
      </trkpt>
      <trkpt lat="52.40515" lon="13.48019">
        <ele>44.39</ele>
      </trkpt>
      <trkpt lat="52.40512" lon="13.48024">
        <ele>44.35</ele>
      </trkpt>
      <trkpt lat="52.40508" lon="13.48032">
        <ele>45.2</ele>
      </trkpt>
      <trkpt lat="52.40505" lon="13.48043">
        <ele>47.87</ele>
      </trkpt>
      <trkpt lat="52.40502" lon="13.48056">
        <ele>51.57</ele>
      </trkpt>
      <trkpt lat="52.40507" lon="13.48063">
        <ele>50.49</ele>
      </trkpt>
      <trkpt lat="52.40528" lon="13.48091">
        <ele>45.97</ele>
      </trkpt>
      <trkpt lat="52.40535" lon="13.48101">
        <ele>45.05</ele>
      </trkpt>
      <trkpt lat="52.40544" lon="13.4812">
        <ele>42.92</ele>
      </trkpt>
      <trkpt lat="52.40546" lon="13.48131">
        <ele>41.5</ele>
      </trkpt>
      <trkpt lat="52.40545" lon="13.48146">
        <ele>41.65</ele>
      </trkpt>
      <trkpt lat="52.40545" lon="13.48146">
        <ele>41.65</ele>
      </trkpt>
      <trkpt lat="52.40545" lon="13.48146">
        <ele>41.65</ele>
      </trkpt>
      <trkpt lat="52.40545" lon="13.48162">
        <ele>43.02</ele>
      </trkpt>
      <trkpt lat="52.40543" lon="13.48195">
        <ele>47.41</ele>
      </trkpt>
      <trkpt lat="52.40539" lon="13.48201">
        <ele>47.12</ele>
      </trkpt>
      <trkpt lat="52.40542" lon="13.4821">
        <ele>46.37</ele>
      </trkpt>
      <trkpt lat="52.40543" lon="13.48216">
        <ele>45.9</ele>
      </trkpt>
      <trkpt lat="52.40544" lon="13.48225">
        <ele>45.37</ele>
      </trkpt>
      <trkpt lat="52.40543" lon="13.48235">
        <ele>45.24</ele>
      </trkpt>
      <trkpt lat="52.40556" lon="13.48248">
        <ele>44.97</ele>
      </trkpt>
      <trkpt lat="52.40568" lon="13.48262">
        <ele>42.52</ele>
      </trkpt>
      <trkpt lat="52.40592" lon="13.48295">
        <ele>39.64</ele>
      </trkpt>
      <trkpt lat="52.40625" lon="13.48351">
        <ele>35.09</ele>
      </trkpt>
      <trkpt lat="52.40635" lon="13.48366">
        <ele>34.29</ele>
      </trkpt>
      <trkpt lat="52.40654" lon="13.48394">
        <ele>36.49</ele>
      </trkpt>
      <trkpt lat="52.40664" lon="13.4841">
        <ele>38.15</ele>
      </trkpt>
      <trkpt lat="52.40688" lon="13.48447">
        <ele>36.96</ele>
      </trkpt>
      <trkpt lat="52.40706" lon="13.48475">
        <ele>39.51</ele>
      </trkpt>
      <trkpt lat="52.40711" lon="13.48482">
        <ele>39.33</ele>
      </trkpt>
      <trkpt lat="52.40708" lon="13.48492">
        <ele>39.13</ele>
      </trkpt>
      <trkpt lat="52.40682" lon="13.4856">
        <ele>42.03</ele>
      </trkpt>
      <trkpt lat="52.40651" lon="13.48628">
        <ele>41.39</ele>
      </trkpt>
      <trkpt lat="52.40632" lon="13.48676">
        <ele>40.83</ele>
      </trkpt>
      <trkpt lat="52.40632" lon="13.48676">
        <ele>40.83</ele>
      </trkpt>
      <trkpt lat="52.40632" lon="13.48676">
        <ele>40.83</ele>
      </trkpt>
      <trkpt lat="52.40623" lon="13.48696">
        <ele>39.92</ele>
      </trkpt>
      <trkpt lat="52.40621" lon="13.48701">
        <ele>40.02</ele>
      </trkpt>
      <trkpt lat="52.40602" lon="13.4875">
        <ele>40.69</ele>
      </trkpt>
      <trkpt lat="52.40591" lon="13.48779">
        <ele>40.14</ele>
      </trkpt>
      <trkpt lat="52.40565" lon="13.4886">
        <ele>38.13</ele>
      </trkpt>
      <trkpt lat="52.40563" lon="13.48865">
        <ele>38.16</ele>
      </trkpt>
      <trkpt lat="52.40561" lon="13.48871">
        <ele>38.44</ele>
      </trkpt>
      <trkpt lat="52.40524" lon="13.49006">
        <ele>43.95</ele>
      </trkpt>
      <trkpt lat="52.40512" lon="13.49056">
        <ele>46.12</ele>
      </trkpt>
      <trkpt lat="52.4051" lon="13.49064">
        <ele>45.98</ele>
      </trkpt>
      <trkpt lat="52.40497" lon="13.49113">
        <ele>45.12</ele>
      </trkpt>
      <trkpt lat="52.40485" lon="13.49167">
        <ele>49.62</ele>
      </trkpt>
      <trkpt lat="52.40479" lon="13.4919">
        <ele>50.27</ele>
      </trkpt>
      <trkpt lat="52.40479" lon="13.49192">
        <ele>50.27</ele>
      </trkpt>
      <trkpt lat="52.40455" lon="13.4929">
        <ele>47.37</ele>
      </trkpt>
      <trkpt lat="52.40449" lon="13.49312">
        <ele>48.8</ele>
      </trkpt>
      <trkpt lat="52.40445" lon="13.49327">
        <ele>48.96</ele>
      </trkpt>
      <trkpt lat="52.40439" lon="13.49353">
        <ele>48.72</ele>
      </trkpt>
      <trkpt lat="52.40434" lon="13.49374">
        <ele>49.35</ele>
      </trkpt>
      <trkpt lat="52.40431" lon="13.49385">
        <ele>50.17</ele>
      </trkpt>
      <trkpt lat="52.40429" lon="13.49394">
        <ele>50.46</ele>
      </trkpt>
      <trkpt lat="52.40425" lon="13.49415">
        <ele>50.68</ele>
      </trkpt>
      <trkpt lat="52.40424" lon="13.49419">
        <ele>50.63</ele>
      </trkpt>
      <trkpt lat="52.4042" lon="13.49443">
        <ele>50.31</ele>
      </trkpt>
      <trkpt lat="52.4042" lon="13.49447">
        <ele>50.29</ele>
      </trkpt>
      <trkpt lat="52.40416" lon="13.49468">
        <ele>50.98</ele>
      </trkpt>
      <trkpt lat="52.40412" lon="13.49498">
        <ele>50.84</ele>
      </trkpt>
      <trkpt lat="52.40409" lon="13.49532">
        <ele>48.41</ele>
      </trkpt>
      <trkpt lat="52.40408" lon="13.49552">
        <ele>48.97</ele>
      </trkpt>
      <trkpt lat="52.40408" lon="13.49555">
        <ele>49.05</ele>
      </trkpt>
      <trkpt lat="52.40407" lon="13.49564">
        <ele>48.45</ele>
      </trkpt>
      <trkpt lat="52.40407" lon="13.49585">
        <ele>47.14</ele>
      </trkpt>
      <trkpt lat="52.40407" lon="13.49593">
        <ele>46.38</ele>
      </trkpt>
      <trkpt lat="52.40407" lon="13.49605">
        <ele>45.24</ele>
      </trkpt>
      <trkpt lat="52.40406" lon="13.49652">
        <ele>41.28</ele>
      </trkpt>
      <trkpt lat="52.40404" lon="13.49735">
        <ele>37.38</ele>
      </trkpt>
      <trkpt lat="52.40409" lon="13.49736">
        <ele>37.81</ele>
      </trkpt>
      <trkpt lat="52.40411" lon="13.49737">
        <ele>37.96</ele>
      </trkpt>
      <trkpt lat="52.40406" lon="13.49893">
        <ele>35.62</ele>
      </trkpt>
      <trkpt lat="52.40406" lon="13.49912">
        <ele>34.94</ele>
      </trkpt>
      <trkpt lat="52.40397" lon="13.4993">
        <ele>35.2</ele>
      </trkpt>
      <trkpt lat="52.40395" lon="13.49944">
        <ele>35.46</ele>
      </trkpt>
      <trkpt lat="52.40395" lon="13.49961">
        <ele>34.53</ele>
      </trkpt>
      <trkpt lat="52.40393" lon="13.49982">
        <ele>34.91</ele>
      </trkpt>
      <trkpt lat="52.40395" lon="13.49997">
        <ele>35.49</ele>
      </trkpt>
      <trkpt lat="52.40401" lon="13.50013">
        <ele>34.91</ele>
      </trkpt>
      <trkpt lat="52.40402" lon="13.50021">
        <ele>34.97</ele>
      </trkpt>
      <trkpt lat="52.40402" lon="13.50031">
        <ele>35.69</ele>
      </trkpt>
      <trkpt lat="52.40402" lon="13.50031">
        <ele>35.69</ele>
      </trkpt>
      <trkpt lat="52.40402" lon="13.50031">
        <ele>35.69</ele>
      </trkpt>
      <trkpt lat="52.40436" lon="13.50028">
        <ele>26.16</ele>
      </trkpt>
      <trkpt lat="52.40557" lon="13.50013">
        <ele>22.01</ele>
      </trkpt>
      <trkpt lat="52.40566" lon="13.50011">
        <ele>22.64</ele>
      </trkpt>
      <trkpt lat="52.40566" lon="13.50011">
        <ele>22.64</ele>
      </trkpt>
      <trkpt lat="52.40639" lon="13.49993">
        <ele>28.75</ele>
      </trkpt>
      <trkpt lat="52.40717" lon="13.49967">
        <ele>35.06</ele>
      </trkpt>
      <trkpt lat="52.40732" lon="13.49962">
        <ele>34.51</ele>
      </trkpt>
      <trkpt lat="52.40753" lon="13.49954">
        <ele>32.09</ele>
      </trkpt>
      <trkpt lat="52.40758" lon="13.49953">
        <ele>31.98</ele>
      </trkpt>
      <trkpt lat="52.40785" lon="13.49944">
        <ele>31.74</ele>
      </trkpt>
      <trkpt lat="52.40889" lon="13.49909">
        <ele>32.29</ele>
      </trkpt>
      <trkpt lat="52.4091" lon="13.49902">
        <ele>34.41</ele>
      </trkpt>
      <trkpt lat="52.40936" lon="13.49893">
        <ele>35.7</ele>
      </trkpt>
      <trkpt lat="52.40951" lon="13.49887">
        <ele>36.27</ele>
      </trkpt>
      <trkpt lat="52.40965" lon="13.49883">
        <ele>37.05</ele>
      </trkpt>
      <trkpt lat="52.40981" lon="13.49877">
        <ele>37.04</ele>
      </trkpt>
      <trkpt lat="52.40983" lon="13.49877">
        <ele>36.86</ele>
      </trkpt>
      <trkpt lat="52.40999" lon="13.49871">
        <ele>36.02</ele>
      </trkpt>
      <trkpt lat="52.41011" lon="13.49867">
        <ele>38.74</ele>
      </trkpt>
      <trkpt lat="52.41023" lon="13.49863">
        <ele>41.76</ele>
      </trkpt>
      <trkpt lat="52.4104" lon="13.49857">
        <ele>41.12</ele>
      </trkpt>
      <trkpt lat="52.41046" lon="13.49856">
        <ele>40.43</ele>
      </trkpt>
      <trkpt lat="52.41053" lon="13.49854">
        <ele>39.76</ele>
      </trkpt>
      <trkpt lat="52.41146" lon="13.49832">
        <ele>38.77</ele>
      </trkpt>
      <trkpt lat="52.41173" lon="13.49825">
        <ele>38.18</ele>
      </trkpt>
      <trkpt lat="52.41253" lon="13.49805">
        <ele>44.92</ele>
      </trkpt>
      <trkpt lat="52.41257" lon="13.49804">
        <ele>44.78</ele>
      </trkpt>
      <trkpt lat="52.41261" lon="13.49803">
        <ele>44.63</ele>
      </trkpt>
      <trkpt lat="52.41312" lon="13.49792">
        <ele>41.48</ele>
      </trkpt>
      <trkpt lat="52.41358" lon="13.49781">
        <ele>36.91</ele>
      </trkpt>
      <trkpt lat="52.41403" lon="13.49772">
        <ele>40.73</ele>
      </trkpt>
      <trkpt lat="52.41415" lon="13.49769">
        <ele>42.14</ele>
      </trkpt>
      <trkpt lat="52.41435" lon="13.49766">
        <ele>41.2</ele>
      </trkpt>
      <trkpt lat="52.41446" lon="13.49766">
        <ele>40.49</ele>
      </trkpt>
      <trkpt lat="52.41457" lon="13.49764">
        <ele>40.04</ele>
      </trkpt>
      <trkpt lat="52.41468" lon="13.49763">
        <ele>39.84</ele>
      </trkpt>
      <trkpt lat="52.41472" lon="13.49764">
        <ele>39.48</ele>
      </trkpt>
      <trkpt lat="52.4148" lon="13.49765">
        <ele>40.92</ele>
      </trkpt>
      <trkpt lat="52.4148" lon="13.49765">
        <ele>40.92</ele>
      </trkpt>
      <trkpt lat="52.4148" lon="13.49765">
        <ele>40.92</ele>
      </trkpt>
      <trkpt lat="52.41488" lon="13.49767">
        <ele>42.25</ele>
      </trkpt>
      <trkpt lat="52.41494" lon="13.4977">
        <ele>43.01</ele>
      </trkpt>
      <trkpt lat="52.41495" lon="13.49771">
        <ele>43.05</ele>
      </trkpt>
      <trkpt lat="52.41503" lon="13.49776">
        <ele>44.16</ele>
      </trkpt>
      <trkpt lat="52.41504" lon="13.49776">
        <ele>44.44</ele>
      </trkpt>
      <trkpt lat="52.41513" lon="13.49783">
        <ele>45.94</ele>
      </trkpt>
      <trkpt lat="52.41513" lon="13.49784">
        <ele>45.79</ele>
      </trkpt>
      <trkpt lat="52.41522" lon="13.49792">
        <ele>45.99</ele>
      </trkpt>
      <trkpt lat="52.41531" lon="13.49802">
        <ele>44.65</ele>
      </trkpt>
      <trkpt lat="52.41533" lon="13.49803">
        <ele>44.78</ele>
      </trkpt>
      <trkpt lat="52.41536" lon="13.49806">
        <ele>44.75</ele>
      </trkpt>
      <trkpt lat="52.41547" lon="13.49809">
        <ele>46.77</ele>
      </trkpt>
      <trkpt lat="52.41557" lon="13.4981">
        <ele>48.28</ele>
      </trkpt>
      <trkpt lat="52.41563" lon="13.49808">
        <ele>48.18</ele>
      </trkpt>
      <trkpt lat="52.41565" lon="13.49807">
        <ele>48.17</ele>
      </trkpt>
      <trkpt lat="52.4157" lon="13.49802">
        <ele>48.28</ele>
      </trkpt>
      <trkpt lat="52.41578" lon="13.49793">
        <ele>48.37</ele>
      </trkpt>
      <trkpt lat="52.41578" lon="13.49793">
        <ele>48.37</ele>
      </trkpt>
      <trkpt lat="52.41578" lon="13.49793">
        <ele>48.37</ele>
      </trkpt>
      <trkpt lat="52.41587" lon="13.49781">
        <ele>48.4</ele>
      </trkpt>
      <trkpt lat="52.41593" lon="13.49772">
        <ele>47.82</ele>
      </trkpt>
      <trkpt lat="52.41594" lon="13.49771">
        <ele>47.7</ele>
      </trkpt>
      <trkpt lat="52.41595" lon="13.4977">
        <ele>47.58</ele>
      </trkpt>
      <trkpt lat="52.41596" lon="13.49768">
        <ele>47.44</ele>
      </trkpt>
      <trkpt lat="52.41598" lon="13.49765">
        <ele>47.2</ele>
      </trkpt>
      <trkpt lat="52.41601" lon="13.49774">
        <ele>47.04</ele>
      </trkpt>
      <trkpt lat="52.41602" lon="13.49778">
        <ele>46.98</ele>
      </trkpt>
      <trkpt lat="52.41603" lon="13.49779">
        <ele>46.85</ele>
      </trkpt>
      <trkpt lat="52.41605" lon="13.49776">
        <ele>46.65</ele>
      </trkpt>
      <trkpt lat="52.41606" lon="13.49776">
        <ele>46.54</ele>
      </trkpt>
      <trkpt lat="52.4161" lon="13.49771">
        <ele>46.11</ele>
      </trkpt>
      <trkpt lat="52.41612" lon="13.49768">
        <ele>46.0</ele>
      </trkpt>
      <trkpt lat="52.41617" lon="13.49762">
        <ele>46.0</ele>
      </trkpt>
      <trkpt lat="52.4162" lon="13.49758">
        <ele>46.0</ele>
      </trkpt>
      <trkpt lat="52.4162" lon="13.49758">
        <ele>46.0</ele>
      </trkpt>
      <trkpt lat="52.4162" lon="13.49758">
        <ele>46.0</ele>
      </trkpt>
      <trkpt lat="52.41621" lon="13.4976">
        <ele>46.0</ele>
      </trkpt>
      <trkpt lat="52.41621" lon="13.4976">
        <ele>46.0</ele>
      </trkpt>
      <trkpt lat="52.41622" lon="13.49763">
        <ele>46.0</ele>
      </trkpt>
      <trkpt lat="52.4163" lon="13.49783">
        <ele>45.87</ele>
      </trkpt>
      <trkpt lat="52.41644" lon="13.49819">
        <ele>44.45</ele>
      </trkpt>
      <trkpt lat="52.41651" lon="13.49834">
        <ele>43.7</ele>
      </trkpt>
      <trkpt lat="52.41651" lon="13.49834">
        <ele>43.7</ele>
      </trkpt>
      <trkpt lat="52.41651" lon="13.49834">
        <ele>43.7</ele>
      </trkpt>
      <trkpt lat="52.41652" lon="13.49837">
        <ele>43.65</ele>
      </trkpt>
      <trkpt lat="52.41653" lon="13.49846">
        <ele>43.71</ele>
      </trkpt>
      <trkpt lat="52.41666" lon="13.49865">
        <ele>42.64</ele>
      </trkpt>
      <trkpt lat="52.41714" lon="13.49937">
        <ele>43.89</ele>
      </trkpt>
      <trkpt lat="52.41727" lon="13.49957">
        <ele>43.17</ele>
      </trkpt>
      <trkpt lat="52.41734" lon="13.49967">
        <ele>42.87</ele>
      </trkpt>
      <trkpt lat="52.4174" lon="13.49977">
        <ele>43.27</ele>
      </trkpt>
      <trkpt lat="52.41744" lon="13.49982">
        <ele>43.75</ele>
      </trkpt>
      <trkpt lat="52.41744" lon="13.49982">
        <ele>43.75</ele>
      </trkpt>
      <trkpt lat="52.41744" lon="13.49983">
        <ele>43.83</ele>
      </trkpt>
      <trkpt lat="52.41748" lon="13.49989">
        <ele>44.64</ele>
      </trkpt>
      <trkpt lat="52.41754" lon="13.49999">
        <ele>45.89</ele>
      </trkpt>
      <trkpt lat="52.4177" lon="13.50029">
        <ele>42.64</ele>
      </trkpt>
      <trkpt lat="52.41774" lon="13.50038">
        <ele>42.18</ele>
      </trkpt>
      <trkpt lat="52.41778" lon="13.50047">
        <ele>41.61</ele>
      </trkpt>
      <trkpt lat="52.41783" lon="13.50059">
        <ele>40.68</ele>
      </trkpt>
      <trkpt lat="52.41791" lon="13.50085">
        <ele>37.51</ele>
      </trkpt>
      <trkpt lat="52.418" lon="13.5012">
        <ele>36.07</ele>
      </trkpt>
      <trkpt lat="52.41803" lon="13.50137">
        <ele>35.92</ele>
      </trkpt>
      <trkpt lat="52.41803" lon="13.50142">
        <ele>35.9</ele>
      </trkpt>
      <trkpt lat="52.41807" lon="13.50171">
        <ele>36.26</ele>
      </trkpt>
      <trkpt lat="52.4181" lon="13.50192">
        <ele>36.8</ele>
      </trkpt>
      <trkpt lat="52.41811" lon="13.50203">
        <ele>36.86</ele>
      </trkpt>
      <trkpt lat="52.41813" lon="13.50235">
        <ele>36.68</ele>
      </trkpt>
      <trkpt lat="52.41815" lon="13.5025">
        <ele>36.68</ele>
      </trkpt>
      <trkpt lat="52.41815" lon="13.50255">
        <ele>36.74</ele>
      </trkpt>
      <trkpt lat="52.41816" lon="13.50264">
        <ele>36.88</ele>
      </trkpt>
      <trkpt lat="52.41821" lon="13.50317">
        <ele>40.81</ele>
      </trkpt>
      <trkpt lat="52.41821" lon="13.50317">
        <ele>40.81</ele>
      </trkpt>
      <trkpt lat="52.41821" lon="13.50317">
        <ele>40.81</ele>
      </trkpt>
      <trkpt lat="52.41823" lon="13.50337">
        <ele>42.85</ele>
      </trkpt>
      <trkpt lat="52.41825" lon="13.50362">
        <ele>45.96</ele>
      </trkpt>
      <trkpt lat="52.41828" lon="13.50395">
        <ele>44.18</ele>
      </trkpt>
      <trkpt lat="52.41832" lon="13.5043">
        <ele>42.22</ele>
      </trkpt>
      <trkpt lat="52.41836" lon="13.50475">
        <ele>43.08</ele>
      </trkpt>
      <trkpt lat="52.41839" lon="13.50503">
        <ele>44.38</ele>
      </trkpt>
      <trkpt lat="52.41842" lon="13.50528">
        <ele>45.44</ele>
      </trkpt>
      <trkpt lat="52.41846" lon="13.50559">
        <ele>44.2</ele>
      </trkpt>
      <trkpt lat="52.41846" lon="13.5056">
        <ele>44.18</ele>
      </trkpt>
      <trkpt lat="52.41846" lon="13.50565">
        <ele>44.08</ele>
      </trkpt>
      <trkpt lat="52.41847" lon="13.50569">
        <ele>43.8</ele>
      </trkpt>
      <trkpt lat="52.41847" lon="13.5057">
        <ele>43.78</ele>
      </trkpt>
      <trkpt lat="52.41847" lon="13.5057">
        <ele>43.78</ele>
      </trkpt>
      <trkpt lat="52.41848" lon="13.50578">
        <ele>43.45</ele>
      </trkpt>
      <trkpt lat="52.41851" lon="13.50593">
        <ele>42.69</ele>
      </trkpt>
      <trkpt lat="52.41851" lon="13.50595">
        <ele>42.67</ele>
      </trkpt>
      <trkpt lat="52.41852" lon="13.506">
        <ele>42.44</ele>
      </trkpt>
      <trkpt lat="52.41852" lon="13.50602">
        <ele>42.42</ele>
      </trkpt>
      <trkpt lat="52.41852" lon="13.50602">
        <ele>42.42</ele>
      </trkpt>
      <trkpt lat="52.41881" lon="13.50779">
        <ele>42.85</ele>
      </trkpt>
      <trkpt lat="52.41917" lon="13.50992">
        <ele>42.98</ele>
      </trkpt>
      <trkpt lat="52.4192" lon="13.51012">
        <ele>43.36</ele>
      </trkpt>
      <trkpt lat="52.4192" lon="13.51015">
        <ele>43.48</ele>
      </trkpt>
      <trkpt lat="52.41921" lon="13.51017">
        <ele>43.55</ele>
      </trkpt>
      <trkpt lat="52.41923" lon="13.51034">
        <ele>44.62</ele>
      </trkpt>
      <trkpt lat="52.41924" lon="13.5104">
        <ele>45.2</ele>
      </trkpt>
      <trkpt lat="52.41925" lon="13.51042">
        <ele>45.38</ele>
      </trkpt>
      <trkpt lat="52.41926" lon="13.51051">
        <ele>46.23</ele>
      </trkpt>
      <trkpt lat="52.41927" lon="13.51056">
        <ele>46.65</ele>
      </trkpt>
      <trkpt lat="52.4193" lon="13.51073">
        <ele>47.17</ele>
      </trkpt>
      <trkpt lat="52.41931" lon="13.51074">
        <ele>47.13</ele>
      </trkpt>
      <trkpt lat="52.41931" lon="13.51075">
        <ele>47.16</ele>
      </trkpt>
      <trkpt lat="52.41931" lon="13.51075">
        <ele>47.16</ele>
      </trkpt>
      <trkpt lat="52.41931" lon="13.51075">
        <ele>47.16</ele>
      </trkpt>
      <trkpt lat="52.41931" lon="13.51076">
        <ele>47.2</ele>
      </trkpt>
      <trkpt lat="52.41932" lon="13.51079">
        <ele>47.2</ele>
      </trkpt>
      <trkpt lat="52.41938" lon="13.51111">
        <ele>47.69</ele>
      </trkpt>
      <trkpt lat="52.41951" lon="13.51169">
        <ele>46.2</ele>
      </trkpt>
      <trkpt lat="52.41963" lon="13.51221">
        <ele>47.9</ele>
      </trkpt>
      <trkpt lat="52.41977" lon="13.51272">
        <ele>47.73</ele>
      </trkpt>
      <trkpt lat="52.41987" lon="13.51305">
        <ele>47.91</ele>
      </trkpt>
      <trkpt lat="52.41987" lon="13.51305">
        <ele>47.91</ele>
      </trkpt>
      <trkpt lat="52.41987" lon="13.51305">
        <ele>47.91</ele>
      </trkpt>
      <trkpt lat="52.41999" lon="13.51346">
        <ele>48.93</ele>
      </trkpt>
      <trkpt lat="52.42022" lon="13.51409">
        <ele>50.85</ele>
      </trkpt>
      <trkpt lat="52.42023" lon="13.51412">
        <ele>51.04</ele>
      </trkpt>
      <trkpt lat="52.42033" lon="13.51439">
        <ele>51.02</ele>
      </trkpt>
      <trkpt lat="52.42046" lon="13.51473">
        <ele>49.4</ele>
      </trkpt>
      <trkpt lat="52.42059" lon="13.51503">
        <ele>49.9</ele>
      </trkpt>
      <trkpt lat="52.42077" lon="13.51546">
        <ele>42.12</ele>
      </trkpt>
      <trkpt lat="52.42081" lon="13.51556">
        <ele>41.05</ele>
      </trkpt>
      <trkpt lat="52.42081" lon="13.51557">
        <ele>40.98</ele>
      </trkpt>
      <trkpt lat="52.42086" lon="13.51569">
        <ele>40.36</ele>
      </trkpt>
      <trkpt lat="52.42092" lon="13.51586">
        <ele>40.69</ele>
      </trkpt>
      <trkpt lat="52.42092" lon="13.51586">
        <ele>40.69</ele>
      </trkpt>
      <trkpt lat="52.42092" lon="13.51587">
        <ele>40.73</ele>
      </trkpt>
      <trkpt lat="52.42106" lon="13.51623">
        <ele>45.75</ele>
      </trkpt>
      <trkpt lat="52.4212" lon="13.51658">
        <ele>50.46</ele>
      </trkpt>
      <trkpt lat="52.42128" lon="13.5165">
        <ele>50.5</ele>
      </trkpt>
      <trkpt lat="52.42136" lon="13.51671">
        <ele>53.63</ele>
      </trkpt>
      <trkpt lat="52.42161" lon="13.51733">
        <ele>49.71</ele>
      </trkpt>
      <trkpt lat="52.42165" lon="13.51741">
        <ele>48.01</ele>
      </trkpt>
      <trkpt lat="52.42171" lon="13.51755">
        <ele>45.07</ele>
      </trkpt>
      <trkpt lat="52.42179" lon="13.51771">
        <ele>43.36</ele>
      </trkpt>
      <trkpt lat="52.42185" lon="13.51781">
        <ele>42.63</ele>
      </trkpt>
      <trkpt lat="52.42192" lon="13.5179">
        <ele>42.27</ele>
      </trkpt>
      <trkpt lat="52.42199" lon="13.51799">
        <ele>41.25</ele>
      </trkpt>
      <trkpt lat="52.42237" lon="13.51839">
        <ele>35.3</ele>
      </trkpt>
      <trkpt lat="52.42274" lon="13.51876">
        <ele>31.47</ele>
      </trkpt>
      <trkpt lat="52.42297" lon="13.519">
        <ele>29.57</ele>
      </trkpt>
      <trkpt lat="52.42311" lon="13.51914">
        <ele>28.15</ele>
      </trkpt>
      <trkpt lat="52.4234" lon="13.51945">
        <ele>29.51</ele>
      </trkpt>
      <trkpt lat="52.42347" lon="13.51952">
        <ele>30.13</ele>
      </trkpt>
      <trkpt lat="52.42356" lon="13.51965">
        <ele>30.3</ele>
      </trkpt>
      <trkpt lat="52.42363" lon="13.51977">
        <ele>29.82</ele>
      </trkpt>
      <trkpt lat="52.42369" lon="13.51992">
        <ele>29.55</ele>
      </trkpt>
      <trkpt lat="52.42375" lon="13.52012">
        <ele>29.28</ele>
      </trkpt>
      <trkpt lat="52.42377" lon="13.5202">
        <ele>29.12</ele>
      </trkpt>
      <trkpt lat="52.42379" lon="13.52033">
        <ele>29.25</ele>
      </trkpt>
      <trkpt lat="52.4238" lon="13.52045">
        <ele>29.82</ele>
      </trkpt>
      <trkpt lat="52.4238" lon="13.52063">
        <ele>30.5</ele>
      </trkpt>
      <trkpt lat="52.42379" lon="13.52075">
        <ele>30.81</ele>
      </trkpt>
      <trkpt lat="52.42374" lon="13.52114">
        <ele>30.51</ele>
      </trkpt>
      <trkpt lat="52.42372" lon="13.52128">
        <ele>30.63</ele>
      </trkpt>
      <trkpt lat="52.42371" lon="13.52137">
        <ele>30.69</ele>
      </trkpt>
      <trkpt lat="52.42364" lon="13.52138">
        <ele>30.2</ele>
      </trkpt>
      <trkpt lat="52.42364" lon="13.52138">
        <ele>30.2</ele>
      </trkpt>
      <trkpt lat="52.42364" lon="13.52138">
        <ele>30.2</ele>
      </trkpt>
      <trkpt lat="52.42371" lon="13.52137">
        <ele>30.69</ele>
      </trkpt>
      <trkpt lat="52.42375" lon="13.52137">
        <ele>30.97</ele>
      </trkpt>
      <trkpt lat="52.42391" lon="13.52137">
        <ele>31.62</ele>
      </trkpt>
      <trkpt lat="52.42419" lon="13.5213">
        <ele>27.08</ele>
      </trkpt>
      <trkpt lat="52.42487" lon="13.52111">
        <ele>27.6</ele>
      </trkpt>
      <trkpt lat="52.4254" lon="13.52085">
        <ele>27.61</ele>
      </trkpt>
      <trkpt lat="52.42569" lon="13.52066">
        <ele>26.0</ele>
      </trkpt>
      <trkpt lat="52.42579" lon="13.52059">
        <ele>26.0</ele>
      </trkpt>
      <trkpt lat="52.42594" lon="13.52045">
        <ele>26.53</ele>
      </trkpt>
      <trkpt lat="52.42614" lon="13.52024">
        <ele>28.72</ele>
      </trkpt>
      <trkpt lat="52.42627" lon="13.52008">
        <ele>31.85</ele>
      </trkpt>
      <trkpt lat="52.42654" lon="13.5197">
        <ele>30.33</ele>
      </trkpt>
      <trkpt lat="52.42668" lon="13.51948">
        <ele>28.71</ele>
      </trkpt>
      <trkpt lat="52.42681" lon="13.51924">
        <ele>26.26</ele>
      </trkpt>
      <trkpt lat="52.42695" lon="13.51898">
        <ele>23.71</ele>
      </trkpt>
      <trkpt lat="52.42709" lon="13.51868">
        <ele>25.05</ele>
      </trkpt>
      <trkpt lat="52.42733" lon="13.51806">
        <ele>25.77</ele>
      </trkpt>
      <trkpt lat="52.4273" lon="13.51802">
        <ele>25.41</ele>
      </trkpt>
      <trkpt lat="52.42706" lon="13.51863">
        <ele>24.83</ele>
      </trkpt>
      <trkpt lat="52.42708" lon="13.51937">
        <ele>24.2</ele>
      </trkpt>
      <trkpt lat="52.42708" lon="13.51943">
        <ele>24.41</ele>
      </trkpt>
      <trkpt lat="52.42702" lon="13.51963">
        <ele>23.27</ele>
      </trkpt>
      <trkpt lat="52.42695" lon="13.5198">
        <ele>24.37</ele>
      </trkpt>
      <trkpt lat="52.42691" lon="13.51982">
        <ele>25.29</ele>
      </trkpt>
      <trkpt lat="52.42688" lon="13.51982">
        <ele>25.74</ele>
      </trkpt>
      <trkpt lat="52.42686" lon="13.51981">
        <ele>25.92</ele>
      </trkpt>
      <trkpt lat="52.42677" lon="13.5198">
        <ele>27.29</ele>
      </trkpt>
      <trkpt lat="52.42675" lon="13.5198">
        <ele>27.62</ele>
      </trkpt>
      <trkpt lat="52.42665" lon="13.51978">
        <ele>29.2</ele>
      </trkpt>
      <trkpt lat="52.42667" lon="13.51955">
        <ele>28.93</ele>
      </trkpt>
      <trkpt lat="52.42674" lon="13.51911">
        <ele>28.06</ele>
      </trkpt>
      <trkpt lat="52.42678" lon="13.51867">
        <ele>26.96</ele>
      </trkpt>
      <trkpt lat="52.42678" lon="13.51867">
        <ele>26.96</ele>
      </trkpt>
      <trkpt lat="52.42678" lon="13.51867">
        <ele>26.96</ele>
      </trkpt>
      <trkpt lat="52.42684" lon="13.51804">
        <ele>26.94</ele>
      </trkpt>
      <trkpt lat="52.42692" lon="13.51713">
        <ele>27.23</ele>
      </trkpt>
      <trkpt lat="52.427" lon="13.51621">
        <ele>27.2</ele>
      </trkpt>
      <trkpt lat="52.4271" lon="13.51539">
        <ele>28.88</ele>
      </trkpt>
      <trkpt lat="52.4272" lon="13.51458">
        <ele>26.85</ele>
      </trkpt>
      <trkpt lat="52.4273" lon="13.51376">
        <ele>25.3</ele>
      </trkpt>
      <trkpt lat="52.42745" lon="13.51289">
        <ele>24.03</ele>
      </trkpt>
      <trkpt lat="52.42772" lon="13.51161">
        <ele>22.9</ele>
      </trkpt>
      <trkpt lat="52.42782" lon="13.51121">
        <ele>24.95</ele>
      </trkpt>
      <trkpt lat="52.42797" lon="13.51065">
        <ele>26.97</ele>
      </trkpt>
      <trkpt lat="52.4282" lon="13.50982">
        <ele>27.81</ele>
      </trkpt>
      <trkpt lat="52.42833" lon="13.50943">
        <ele>26.09</ele>
      </trkpt>
      <trkpt lat="52.42862" lon="13.5086">
        <ele>26.03</ele>
      </trkpt>
      <trkpt lat="52.4289" lon="13.50777">
        <ele>27.04</ele>
      </trkpt>
      <trkpt lat="52.42918" lon="13.50706">
        <ele>24.64</ele>
      </trkpt>
      <trkpt lat="52.42945" lon="13.50635">
        <ele>25.16</ele>
      </trkpt>
      <trkpt lat="52.42973" lon="13.50573">
        <ele>25.77</ele>
      </trkpt>
      <trkpt lat="52.43" lon="13.50511">
        <ele>25.6</ele>
      </trkpt>
      <trkpt lat="52.43031" lon="13.50449">
        <ele>26.59</ele>
      </trkpt>
      <trkpt lat="52.43061" lon="13.50387">
        <ele>27.47</ele>
      </trkpt>
      <trkpt lat="52.43092" lon="13.50324">
        <ele>26.13</ele>
      </trkpt>
      <trkpt lat="52.43122" lon="13.50262">
        <ele>26.01</ele>
      </trkpt>
      <trkpt lat="52.43151" lon="13.50204">
        <ele>26.63</ele>
      </trkpt>
      <trkpt lat="52.43179" lon="13.50145">
        <ele>25.77</ele>
      </trkpt>
      <trkpt lat="52.43208" lon="13.50087">
        <ele>25.02</ele>
      </trkpt>
      <trkpt lat="52.43236" lon="13.50028">
        <ele>25.03</ele>
      </trkpt>
      <trkpt lat="52.43265" lon="13.4997">
        <ele>23.93</ele>
      </trkpt>
      <trkpt lat="52.43293" lon="13.49911">
        <ele>24.06</ele>
      </trkpt>
      <trkpt lat="52.43297" lon="13.49902">
        <ele>24.67</ele>
      </trkpt>
      <trkpt lat="52.43328" lon="13.49837">
        <ele>27.19</ele>
      </trkpt>
      <trkpt lat="52.43341" lon="13.49798">
        <ele>29.92</ele>
      </trkpt>
      <trkpt lat="52.43366" lon="13.49746">
        <ele>36.41</ele>
      </trkpt>
      <trkpt lat="52.43384" lon="13.49719">
        <ele>31.87</ele>
      </trkpt>
      <trkpt lat="52.43426" lon="13.49634">
        <ele>25.24</ele>
      </trkpt>
      <trkpt lat="52.43468" lon="13.49549">
        <ele>28.28</ele>
      </trkpt>
      <trkpt lat="52.4352" lon="13.49441">
        <ele>27.74</ele>
      </trkpt>
      <trkpt lat="52.43533" lon="13.49411">
        <ele>27.96</ele>
      </trkpt>
      <trkpt lat="52.43562" lon="13.49354">
        <ele>27.02</ele>
      </trkpt>
      <trkpt lat="52.4359" lon="13.49296">
        <ele>27.77</ele>
      </trkpt>
      <trkpt lat="52.43618" lon="13.49237">
        <ele>26.97</ele>
      </trkpt>
      <trkpt lat="52.43646" lon="13.49178">
        <ele>28.18</ele>
      </trkpt>
      <trkpt lat="52.43687" lon="13.49097">
        <ele>27.67</ele>
      </trkpt>
      <trkpt lat="52.43727" lon="13.49015">
        <ele>27.38</ele>
      </trkpt>
      <trkpt lat="52.43745" lon="13.48977">
        <ele>28.01</ele>
      </trkpt>
      <trkpt lat="52.43777" lon="13.48918">
        <ele>27.95</ele>
      </trkpt>
      <trkpt lat="52.43817" lon="13.48837">
        <ele>27.61</ele>
      </trkpt>
      <trkpt lat="52.43857" lon="13.48756">
        <ele>28.8</ele>
      </trkpt>
      <trkpt lat="52.4389" lon="13.48688">
        <ele>29.61</ele>
      </trkpt>
      <trkpt lat="52.43923" lon="13.48619">
        <ele>26.1</ele>
      </trkpt>
      <trkpt lat="52.43971" lon="13.48517">
        <ele>27.79</ele>
      </trkpt>
      <trkpt lat="52.43995" lon="13.48467">
        <ele>27.85</ele>
      </trkpt>
      <trkpt lat="52.44013" lon="13.48428">
        <ele>27.72</ele>
      </trkpt>
      <trkpt lat="52.44056" lon="13.48337">
        <ele>26.97</ele>
      </trkpt>
      <trkpt lat="52.44102" lon="13.48243">
        <ele>27.25</ele>
      </trkpt>
      <trkpt lat="52.44145" lon="13.48153">
        <ele>28.21</ele>
      </trkpt>
      <trkpt lat="52.44186" lon="13.48069">
        <ele>29.51</ele>
      </trkpt>
      <trkpt lat="52.44218" lon="13.48004">
        <ele>28.33</ele>
      </trkpt>
      <trkpt lat="52.44249" lon="13.47938">
        <ele>27.78</ele>
      </trkpt>
      <trkpt lat="52.44259" lon="13.47915">
        <ele>29.35</ele>
      </trkpt>
      <trkpt lat="52.44269" lon="13.47885">
        <ele>28.5</ele>
      </trkpt>
      <trkpt lat="52.44291" lon="13.47843">
        <ele>26.71</ele>
      </trkpt>
      <trkpt lat="52.44309" lon="13.47811">
        <ele>26.7</ele>
      </trkpt>
      <trkpt lat="52.44338" lon="13.47752">
        <ele>27.42</ele>
      </trkpt>
      <trkpt lat="52.44367" lon="13.47692">
        <ele>27.4</ele>
      </trkpt>
      <trkpt lat="52.44396" lon="13.47633">
        <ele>27.11</ele>
      </trkpt>
      <trkpt lat="52.44423" lon="13.47578">
        <ele>28.32</ele>
      </trkpt>
      <trkpt lat="52.44423" lon="13.47578">
        <ele>28.32</ele>
      </trkpt>
      <trkpt lat="52.44423" lon="13.47578">
        <ele>28.32</ele>
      </trkpt>
      <trkpt lat="52.44454" lon="13.47514">
        <ele>27.98</ele>
      </trkpt>
      <trkpt lat="52.44485" lon="13.4745">
        <ele>26.54</ele>
      </trkpt>
      <trkpt lat="52.44517" lon="13.47387">
        <ele>27.43</ele>
      </trkpt>
      <trkpt lat="52.44548" lon="13.47323">
        <ele>28.27</ele>
      </trkpt>
      <trkpt lat="52.44579" lon="13.47259">
        <ele>28.73</ele>
      </trkpt>
      <trkpt lat="52.44612" lon="13.47191">
        <ele>30.02</ele>
      </trkpt>
      <trkpt lat="52.44646" lon="13.47123">
        <ele>28.32</ele>
      </trkpt>
      <trkpt lat="52.44679" lon="13.47054">
        <ele>27.58</ele>
      </trkpt>
      <trkpt lat="52.44712" lon="13.46986">
        <ele>28.05</ele>
      </trkpt>
      <trkpt lat="52.44753" lon="13.46904">
        <ele>27.27</ele>
      </trkpt>
      <trkpt lat="52.44793" lon="13.46821">
        <ele>29.49</ele>
      </trkpt>
      <trkpt lat="52.44828" lon="13.4675">
        <ele>28.38</ele>
      </trkpt>
      <trkpt lat="52.44862" lon="13.46678">
        <ele>28.41</ele>
      </trkpt>
      <trkpt lat="52.44897" lon="13.46607">
        <ele>28.65</ele>
      </trkpt>
      <trkpt lat="52.44935" lon="13.46545">
        <ele>29.43</ele>
      </trkpt>
      <trkpt lat="52.44973" lon="13.46483">
        <ele>28.77</ele>
      </trkpt>
      <trkpt lat="52.45026" lon="13.46411">
        <ele>27.76</ele>
      </trkpt>
      <trkpt lat="52.4508" lon="13.46345">
        <ele>26.56</ele>
      </trkpt>
      <trkpt lat="52.45098" lon="13.46322">
        <ele>26.29</ele>
      </trkpt>
      <trkpt lat="52.45098" lon="13.46322">
        <ele>26.29</ele>
      </trkpt>
      <trkpt lat="52.45098" lon="13.46322">
        <ele>26.29</ele>
      </trkpt>
      <trkpt lat="52.45103" lon="13.46316">
        <ele>26.01</ele>
      </trkpt>
      <trkpt lat="52.45126" lon="13.4629">
        <ele>25.77</ele>
      </trkpt>
      <trkpt lat="52.4517" lon="13.46251">
        <ele>21.86</ele>
      </trkpt>
      <trkpt lat="52.45214" lon="13.46211">
        <ele>20.88</ele>
      </trkpt>
      <trkpt lat="52.45265" lon="13.46178">
        <ele>22.08</ele>
      </trkpt>
      <trkpt lat="52.45317" lon="13.46144">
        <ele>26.56</ele>
      </trkpt>
      <trkpt lat="52.45368" lon="13.46111">
        <ele>24.76</ele>
      </trkpt>
      <trkpt lat="52.45383" lon="13.46096">
        <ele>24.76</ele>
      </trkpt>
      <trkpt lat="52.45397" lon="13.46081">
        <ele>24.37</ele>
      </trkpt>
      <trkpt lat="52.45404" lon="13.46075">
        <ele>24.13</ele>
      </trkpt>
      <trkpt lat="52.45433" lon="13.46056">
        <ele>27.13</ele>
      </trkpt>
      <trkpt lat="52.45448" lon="13.46051">
        <ele>26.79</ele>
      </trkpt>
      <trkpt lat="52.45464" lon="13.46045">
        <ele>24.03</ele>
      </trkpt>
      <trkpt lat="52.45525" lon="13.46004">
        <ele>29.63</ele>
      </trkpt>
      <trkpt lat="52.45587" lon="13.45962">
        <ele>23.32</ele>
      </trkpt>
      <trkpt lat="52.45653" lon="13.45912">
        <ele>30.15</ele>
      </trkpt>
      <trkpt lat="52.45706" lon="13.45874">
        <ele>26.57</ele>
      </trkpt>
      <trkpt lat="52.45759" lon="13.45835">
        <ele>25.64</ele>
      </trkpt>
      <trkpt lat="52.45813" lon="13.45792">
        <ele>30.4</ele>
      </trkpt>
      <trkpt lat="52.45813" lon="13.45792">
        <ele>30.4</ele>
      </trkpt>
      <trkpt lat="52.45813" lon="13.45792">
        <ele>30.4</ele>
      </trkpt>
      <trkpt lat="52.45843" lon="13.45767">
        <ele>28.37</ele>
      </trkpt>
      <trkpt lat="52.45854" lon="13.45762">
        <ele>26.17</ele>
      </trkpt>
      <trkpt lat="52.45859" lon="13.45759">
        <ele>25.43</ele>
      </trkpt>
      <trkpt lat="52.45868" lon="13.45758">
        <ele>26.13</ele>
      </trkpt>
      <trkpt lat="52.45876" lon="13.45759">
        <ele>27.17</ele>
      </trkpt>
      <trkpt lat="52.45886" lon="13.45768">
        <ele>27.64</ele>
      </trkpt>
      <trkpt lat="52.4589" lon="13.45776">
        <ele>27.3</ele>
      </trkpt>
      <trkpt lat="52.45899" lon="13.45789">
        <ele>27.91</ele>
      </trkpt>
      <trkpt lat="52.45905" lon="13.45801">
        <ele>27.64</ele>
      </trkpt>
      <trkpt lat="52.4591" lon="13.45813">
        <ele>27.24</ele>
      </trkpt>
      <trkpt lat="52.45914" lon="13.45831">
        <ele>27.1</ele>
      </trkpt>
      <trkpt lat="52.4592" lon="13.45851">
        <ele>27.2</ele>
      </trkpt>
      <trkpt lat="52.45923" lon="13.45878">
        <ele>27.59</ele>
      </trkpt>
      <trkpt lat="52.45922" lon="13.45913">
        <ele>28.28</ele>
      </trkpt>
      <trkpt lat="52.45921" lon="13.45958">
        <ele>28.72</ele>
      </trkpt>
      <trkpt lat="52.45918" lon="13.45973">
        <ele>29.05</ele>
      </trkpt>
      <trkpt lat="52.45912" lon="13.45991">
        <ele>29.17</ele>
      </trkpt>
      <trkpt lat="52.45907" lon="13.4601">
        <ele>29.35</ele>
      </trkpt>
      <trkpt lat="52.45903" lon="13.46029">
        <ele>29.49</ele>
      </trkpt>
      <trkpt lat="52.45899" lon="13.46137">
        <ele>29.27</ele>
      </trkpt>
      <trkpt lat="52.45894" lon="13.46266">
        <ele>30.16</ele>
      </trkpt>
      <trkpt lat="52.45894" lon="13.46266">
        <ele>30.16</ele>
      </trkpt>
      <trkpt lat="52.45894" lon="13.46266">
        <ele>30.16</ele>
      </trkpt>
      <trkpt lat="52.45892" lon="13.46307">
        <ele>29.89</ele>
      </trkpt>
      <trkpt lat="52.45889" lon="13.46507">
        <ele>30.0</ele>
      </trkpt>
      <trkpt lat="52.45887" lon="13.46819">
        <ele>28.49</ele>
      </trkpt>
      <trkpt lat="52.45884" lon="13.46888">
        <ele>29.97</ele>
      </trkpt>
      <trkpt lat="52.45879" lon="13.47067">
        <ele>25.99</ele>
      </trkpt>
      <trkpt lat="52.45878" lon="13.47106">
        <ele>25.5</ele>
      </trkpt>
      <trkpt lat="52.45877" lon="13.4714">
        <ele>27.16</ele>
      </trkpt>
      <trkpt lat="52.45877" lon="13.47144">
        <ele>27.25</ele>
      </trkpt>
      <trkpt lat="52.45876" lon="13.47163">
        <ele>27.79</ele>
      </trkpt>
      <trkpt lat="52.45876" lon="13.47172">
        <ele>28.36</ele>
      </trkpt>
      <trkpt lat="52.45876" lon="13.4719">
        <ele>30.05</ele>
      </trkpt>
      <trkpt lat="52.45876" lon="13.47194">
        <ele>30.42</ele>
      </trkpt>
      <trkpt lat="52.45876" lon="13.472">
        <ele>30.37</ele>
      </trkpt>
      <trkpt lat="52.45876" lon="13.472">
        <ele>30.37</ele>
      </trkpt>
      <trkpt lat="52.45876" lon="13.472">
        <ele>30.37</ele>
      </trkpt>
      <trkpt lat="52.45876" lon="13.47194">
        <ele>30.42</ele>
      </trkpt>
      <trkpt lat="52.45887" lon="13.47194">
        <ele>30.01</ele>
      </trkpt>
      <trkpt lat="52.45923" lon="13.47198">
        <ele>35.58</ele>
      </trkpt>
      <trkpt lat="52.45929" lon="13.47197">
        <ele>37.3</ele>
      </trkpt>
      <trkpt lat="52.45941" lon="13.47197">
        <ele>40.59</ele>
      </trkpt>
      <trkpt lat="52.45958" lon="13.47196">
        <ele>41.31</ele>
      </trkpt>
      <trkpt lat="52.45973" lon="13.47195">
        <ele>40.68</ele>
      </trkpt>
      <trkpt lat="52.46026" lon="13.47199">
        <ele>27.4</ele>
      </trkpt>
      <trkpt lat="52.4603" lon="13.47198">
        <ele>27.52</ele>
      </trkpt>
      <trkpt lat="52.46033" lon="13.47195">
        <ele>27.96</ele>
      </trkpt>
      <trkpt lat="52.46036" lon="13.47195">
        <ele>28.49</ele>
      </trkpt>
      <trkpt lat="52.46043" lon="13.47196">
        <ele>29.77</ele>
      </trkpt>
      <trkpt lat="52.4605" lon="13.47196">
        <ele>31.01</ele>
      </trkpt>
      <trkpt lat="52.46054" lon="13.47197">
        <ele>31.73</ele>
      </trkpt>
      <trkpt lat="52.46056" lon="13.472">
        <ele>32.03</ele>
      </trkpt>
      <trkpt lat="52.4606" lon="13.47201">
        <ele>32.32</ele>
      </trkpt>
      <trkpt lat="52.4607" lon="13.47203">
        <ele>33.04</ele>
      </trkpt>
      <trkpt lat="52.46077" lon="13.47205">
        <ele>33.54</ele>
      </trkpt>
      <trkpt lat="52.46082" lon="13.47208">
        <ele>33.9</ele>
      </trkpt>
      <trkpt lat="52.4609" lon="13.47213">
        <ele>35.52</ele>
      </trkpt>
      <trkpt lat="52.46096" lon="13.47219">
        <ele>36.79</ele>
      </trkpt>
      <trkpt lat="52.46101" lon="13.47226">
        <ele>37.31</ele>
      </trkpt>
      <trkpt lat="52.46111" lon="13.4724">
        <ele>38.05</ele>
      </trkpt>
      <trkpt lat="52.46119" lon="13.47247">
        <ele>38.08</ele>
      </trkpt>
      <trkpt lat="52.46123" lon="13.47253">
        <ele>38.52</ele>
      </trkpt>
      <trkpt lat="52.46124" lon="13.47254">
        <ele>38.69</ele>
      </trkpt>
      <trkpt lat="52.46129" lon="13.47262">
        <ele>39.67</ele>
      </trkpt>
      <trkpt lat="52.46132" lon="13.47267">
        <ele>40.17</ele>
      </trkpt>
      <trkpt lat="52.46133" lon="13.47268">
        <ele>40.29</ele>
      </trkpt>
      <trkpt lat="52.46135" lon="13.47271">
        <ele>40.55</ele>
      </trkpt>
      <trkpt lat="52.46136" lon="13.47273">
        <ele>40.69</ele>
      </trkpt>
      <trkpt lat="52.46105" lon="13.47329">
        <ele>39.19</ele>
      </trkpt>
      <trkpt lat="52.4609" lon="13.47356">
        <ele>37.52</ele>
      </trkpt>
      <trkpt lat="52.46056" lon="13.47417">
        <ele>37.08</ele>
      </trkpt>
      <trkpt lat="52.46048" lon="13.47435">
        <ele>38.71</ele>
      </trkpt>
      <trkpt lat="52.46041" lon="13.47455">
        <ele>39.8</ele>
      </trkpt>
      <trkpt lat="52.46041" lon="13.47455">
        <ele>39.8</ele>
      </trkpt>
      <trkpt lat="52.46041" lon="13.47455">
        <ele>39.8</ele>
      </trkpt>
      <trkpt lat="52.46035" lon="13.47471">
        <ele>38.84</ele>
      </trkpt>
      <trkpt lat="52.46032" lon="13.47484">
        <ele>38.91</ele>
      </trkpt>
      <trkpt lat="52.46029" lon="13.47504">
        <ele>39.3</ele>
      </trkpt>
      <trkpt lat="52.46026" lon="13.47514">
        <ele>38.68</ele>
      </trkpt>
      <trkpt lat="52.46024" lon="13.47517">
        <ele>38.32</ele>
      </trkpt>
      <trkpt lat="52.46023" lon="13.47522">
        <ele>38.14</ele>
      </trkpt>
      <trkpt lat="52.46021" lon="13.4754">
        <ele>38.22</ele>
      </trkpt>
      <trkpt lat="52.46018" lon="13.47577">
        <ele>37.93</ele>
      </trkpt>
      <trkpt lat="52.46017" lon="13.47586">
        <ele>37.14</ele>
      </trkpt>
      <trkpt lat="52.4602" lon="13.47588">
        <ele>37.78</ele>
      </trkpt>
      <trkpt lat="52.4602" lon="13.47588">
        <ele>37.78</ele>
      </trkpt>
      <trkpt lat="52.4602" lon="13.47588">
        <ele>37.78</ele>
      </trkpt>
      <trkpt lat="52.46036" lon="13.47604">
        <ele>37.64</ele>
      </trkpt>
      <trkpt lat="52.46058" lon="13.47619">
        <ele>37.59</ele>
      </trkpt>
      <trkpt lat="52.46092" lon="13.47628">
        <ele>38.71</ele>
      </trkpt>
      <trkpt lat="52.46096" lon="13.4763">
        <ele>39.53</ele>
      </trkpt>
      <trkpt lat="52.46105" lon="13.47636">
        <ele>40.58</ele>
      </trkpt>
      <trkpt lat="52.46115" lon="13.47649">
        <ele>40.28</ele>
      </trkpt>
      <trkpt lat="52.46157" lon="13.47698">
        <ele>37.4</ele>
      </trkpt>
      <trkpt lat="52.46167" lon="13.47718">
        <ele>36.33</ele>
      </trkpt>
      <trkpt lat="52.4618" lon="13.47727">
        <ele>37.36</ele>
      </trkpt>
      <trkpt lat="52.46184" lon="13.47732">
        <ele>37.57</ele>
      </trkpt>
      <trkpt lat="52.46187" lon="13.47736">
        <ele>37.6</ele>
      </trkpt>
      <trkpt lat="52.4619" lon="13.47738">
        <ele>37.66</ele>
      </trkpt>
      <trkpt lat="52.46198" lon="13.4774">
        <ele>38.02</ele>
      </trkpt>
      <trkpt lat="52.46201" lon="13.47744">
        <ele>37.95</ele>
      </trkpt>
      <trkpt lat="52.46205" lon="13.47748">
        <ele>37.93</ele>
      </trkpt>
      <trkpt lat="52.46212" lon="13.47755">
        <ele>37.9</ele>
      </trkpt>
      <trkpt lat="52.46214" lon="13.47757">
        <ele>37.9</ele>
      </trkpt>
      <trkpt lat="52.46219" lon="13.47761">
        <ele>37.98</ele>
      </trkpt>
      <trkpt lat="52.46222" lon="13.47762">
        <ele>38.12</ele>
      </trkpt>
      <trkpt lat="52.46227" lon="13.47766">
        <ele>38.39</ele>
      </trkpt>
      <trkpt lat="52.46234" lon="13.47772">
        <ele>38.94</ele>
      </trkpt>
      <trkpt lat="52.46254" lon="13.47789">
        <ele>40.45</ele>
      </trkpt>
      <trkpt lat="52.46254" lon="13.47789">
        <ele>40.45</ele>
      </trkpt>
      <trkpt lat="52.46254" lon="13.47789">
        <ele>40.45</ele>
      </trkpt>
      <trkpt lat="52.46276" lon="13.47807">
        <ele>41.75</ele>
      </trkpt>
      <trkpt lat="52.46283" lon="13.47812">
        <ele>42.14</ele>
      </trkpt>
      <trkpt lat="52.46299" lon="13.47817">
        <ele>42.45</ele>
      </trkpt>
      <trkpt lat="52.46308" lon="13.47825">
        <ele>41.93</ele>
      </trkpt>
      <trkpt lat="52.46313" lon="13.47826">
        <ele>41.18</ele>
      </trkpt>
      <trkpt lat="52.46329" lon="13.47835">
        <ele>39.64</ele>
      </trkpt>
      <trkpt lat="52.46337" lon="13.47844">
        <ele>39.92</ele>
      </trkpt>
      <trkpt lat="52.46344" lon="13.4785">
        <ele>39.96</ele>
      </trkpt>
      <trkpt lat="52.46354" lon="13.47854">
        <ele>39.38</ele>
      </trkpt>
      <trkpt lat="52.46369" lon="13.47866">
        <ele>37.71</ele>
      </trkpt>
      <trkpt lat="52.46373" lon="13.4787">
        <ele>36.88</ele>
      </trkpt>
      <trkpt lat="52.4638" lon="13.47872">
        <ele>35.48</ele>
      </trkpt>
      <trkpt lat="52.46387" lon="13.47874">
        <ele>33.97</ele>
      </trkpt>
      <trkpt lat="52.46407" lon="13.47882">
        <ele>30.46</ele>
      </trkpt>
      <trkpt lat="52.46411" lon="13.47886">
        <ele>29.29</ele>
      </trkpt>
      <trkpt lat="52.46413" lon="13.47888">
        <ele>28.68</ele>
      </trkpt>
      <trkpt lat="52.46416" lon="13.47892">
        <ele>28.09</ele>
      </trkpt>
      <trkpt lat="52.46427" lon="13.47904">
        <ele>32.33</ele>
      </trkpt>
      <trkpt lat="52.46427" lon="13.47904">
        <ele>32.33</ele>
      </trkpt>
      <trkpt lat="52.46427" lon="13.47904">
        <ele>32.33</ele>
      </trkpt>
      <trkpt lat="52.46433" lon="13.47911">
        <ele>35.28</ele>
      </trkpt>
      <trkpt lat="52.4644" lon="13.47916">
        <ele>38.86</ele>
      </trkpt>
      <trkpt lat="52.46448" lon="13.47919">
        <ele>41.35</ele>
      </trkpt>
      <trkpt lat="52.46458" lon="13.47917">
        <ele>41.54</ele>
      </trkpt>
      <trkpt lat="52.46464" lon="13.47914">
        <ele>40.94</ele>
      </trkpt>
      <trkpt lat="52.46469" lon="13.4791">
        <ele>39.68</ele>
      </trkpt>
      <trkpt lat="52.46488" lon="13.47886">
        <ele>31.55</ele>
      </trkpt>
      <trkpt lat="52.4649" lon="13.47884">
        <ele>31.59</ele>
      </trkpt>
      <trkpt lat="52.46502" lon="13.47875">
        <ele>31.89</ele>
      </trkpt>
      <trkpt lat="52.46533" lon="13.47861">
        <ele>28.62</ele>
      </trkpt>
      <trkpt lat="52.46546" lon="13.47852">
        <ele>27.58</ele>
      </trkpt>
      <trkpt lat="52.46577" lon="13.47822">
        <ele>27.39</ele>
      </trkpt>
      <trkpt lat="52.46606" lon="13.47797">
        <ele>30.36</ele>
      </trkpt>
      <trkpt lat="52.46614" lon="13.47787">
        <ele>31.22</ele>
      </trkpt>
      <trkpt lat="52.4662" lon="13.47776">
        <ele>32.33</ele>
      </trkpt>
      <trkpt lat="52.46633" lon="13.47751">
        <ele>29.1</ele>
      </trkpt>
      <trkpt lat="52.46639" lon="13.47741">
        <ele>27.99</ele>
      </trkpt>
      <trkpt lat="52.46643" lon="13.47737">
        <ele>28.82</ele>
      </trkpt>
      <trkpt lat="52.46643" lon="13.47737">
        <ele>28.82</ele>
      </trkpt>
      <trkpt lat="52.46643" lon="13.47737">
        <ele>28.82</ele>
      </trkpt>
      <trkpt lat="52.46649" lon="13.47732">
        <ele>29.37</ele>
      </trkpt>
      <trkpt lat="52.46654" lon="13.47728">
        <ele>29.31</ele>
      </trkpt>
      <trkpt lat="52.46673" lon="13.4772">
        <ele>28.25</ele>
      </trkpt>
      <trkpt lat="52.46684" lon="13.47713">
        <ele>28.5</ele>
      </trkpt>
      <trkpt lat="52.46695" lon="13.47701">
        <ele>27.97</ele>
      </trkpt>
      <trkpt lat="52.46713" lon="13.47672">
        <ele>26.4</ele>
      </trkpt>
      <trkpt lat="52.46743" lon="13.47628">
        <ele>25.31</ele>
      </trkpt>
      <trkpt lat="52.46752" lon="13.47618">
        <ele>25.25</ele>
      </trkpt>
      <trkpt lat="52.46759" lon="13.47614">
        <ele>26.04</ele>
      </trkpt>
      <trkpt lat="52.46778" lon="13.47604">
        <ele>28.02</ele>
      </trkpt>
      <trkpt lat="52.46787" lon="13.47598">
        <ele>28.84</ele>
      </trkpt>
      <trkpt lat="52.46794" lon="13.47593">
        <ele>29.37</ele>
      </trkpt>
      <trkpt lat="52.46806" lon="13.4758">
        <ele>30.09</ele>
      </trkpt>
      <trkpt lat="52.46815" lon="13.47569">
        <ele>31.69</ele>
      </trkpt>
      <trkpt lat="52.46824" lon="13.47562">
        <ele>32.96</ele>
      </trkpt>
      <trkpt lat="52.46836" lon="13.47545">
        <ele>33.11</ele>
      </trkpt>
      <trkpt lat="52.46842" lon="13.47527">
        <ele>31.59</ele>
      </trkpt>
      <trkpt lat="52.46848" lon="13.47508">
        <ele>30.55</ele>
      </trkpt>
      <trkpt lat="52.46854" lon="13.47495">
        <ele>29.33</ele>
      </trkpt>
      <trkpt lat="52.46863" lon="13.47486">
        <ele>28.8</ele>
      </trkpt>
      <trkpt lat="52.46877" lon="13.47476">
        <ele>30.5</ele>
      </trkpt>
      <trkpt lat="52.46886" lon="13.47467">
        <ele>31.62</ele>
      </trkpt>
      <trkpt lat="52.46903" lon="13.47444">
        <ele>32.52</ele>
      </trkpt>
      <trkpt lat="52.46914" lon="13.47429">
        <ele>32.96</ele>
      </trkpt>
      <trkpt lat="52.46921" lon="13.47422">
        <ele>33.03</ele>
      </trkpt>
      <trkpt lat="52.46933" lon="13.4742">
        <ele>33.07</ele>
      </trkpt>
      <trkpt lat="52.46933" lon="13.47419">
        <ele>33.05</ele>
      </trkpt>
      <trkpt lat="52.46933" lon="13.47419">
        <ele>33.05</ele>
      </trkpt>
      <trkpt lat="52.46933" lon="13.4742">
        <ele>33.07</ele>
      </trkpt>
      <trkpt lat="52.46946" lon="13.47417">
        <ele>33.12</ele>
      </trkpt>
      <trkpt lat="52.46955" lon="13.47413">
        <ele>33.5</ele>
      </trkpt>
      <trkpt lat="52.46975" lon="13.47378">
        <ele>33.24</ele>
      </trkpt>
      <trkpt lat="52.46985" lon="13.47364">
        <ele>34.33</ele>
      </trkpt>
      <trkpt lat="52.47011" lon="13.47335">
        <ele>36.54</ele>
      </trkpt>
      <trkpt lat="52.47014" lon="13.47304">
        <ele>36.5</ele>
      </trkpt>
      <trkpt lat="52.47023" lon="13.47289">
        <ele>36.17</ele>
      </trkpt>
      <trkpt lat="52.47032" lon="13.47282">
        <ele>35.24</ele>
      </trkpt>
      <trkpt lat="52.47037" lon="13.47277">
        <ele>34.38</ele>
      </trkpt>
      <trkpt lat="52.47043" lon="13.47273">
        <ele>33.53</ele>
      </trkpt>
      <trkpt lat="52.47046" lon="13.47275">
        <ele>32.89</ele>
      </trkpt>
      <trkpt lat="52.47051" lon="13.47282">
        <ele>31.82</ele>
      </trkpt>
      <trkpt lat="52.47058" lon="13.47286">
        <ele>30.67</ele>
      </trkpt>
      <trkpt lat="52.47067" lon="13.47284">
        <ele>29.44</ele>
      </trkpt>
      <trkpt lat="52.47073" lon="13.47287">
        <ele>28.7</ele>
      </trkpt>
      <trkpt lat="52.47078" lon="13.47289">
        <ele>28.09</ele>
      </trkpt>
      <trkpt lat="52.47092" lon="13.47294">
        <ele>27.09</ele>
      </trkpt>
      <trkpt lat="52.47099" lon="13.47294">
        <ele>26.69</ele>
      </trkpt>
      <trkpt lat="52.47106" lon="13.47286">
        <ele>26.24</ele>
      </trkpt>
      <trkpt lat="52.47115" lon="13.47271">
        <ele>26.07</ele>
      </trkpt>
      <trkpt lat="52.47129" lon="13.47258">
        <ele>27.03</ele>
      </trkpt>
      <trkpt lat="52.4715" lon="13.47243">
        <ele>28.3</ele>
      </trkpt>
      <trkpt lat="52.4715" lon="13.47243">
        <ele>28.3</ele>
      </trkpt>
      <trkpt lat="52.4715" lon="13.47243">
        <ele>28.3</ele>
      </trkpt>
      <trkpt lat="52.47154" lon="13.4724">
        <ele>28.35</ele>
      </trkpt>
      <trkpt lat="52.47164" lon="13.47232">
        <ele>28.32</ele>
      </trkpt>
      <trkpt lat="52.47172" lon="13.47219">
        <ele>28.1</ele>
      </trkpt>
      <trkpt lat="52.47178" lon="13.47205">
        <ele>27.72</ele>
      </trkpt>
      <trkpt lat="52.47186" lon="13.47185">
        <ele>25.93</ele>
      </trkpt>
      <trkpt lat="52.47196" lon="13.47168">
        <ele>23.83</ele>
      </trkpt>
      <trkpt lat="52.47201" lon="13.47153">
        <ele>24.1</ele>
      </trkpt>
      <trkpt lat="52.47211" lon="13.47138">
        <ele>26.41</ele>
      </trkpt>
      <trkpt lat="52.47226" lon="13.47116">
        <ele>27.89</ele>
      </trkpt>
      <trkpt lat="52.47234" lon="13.4711">
        <ele>27.7</ele>
      </trkpt>
      <trkpt lat="52.47246" lon="13.47107">
        <ele>27.93</ele>
      </trkpt>
      <trkpt lat="52.4727" lon="13.47101">
        <ele>27.81</ele>
      </trkpt>
      <trkpt lat="52.4728" lon="13.4707">
        <ele>28.53</ele>
      </trkpt>
      <trkpt lat="52.47289" lon="13.47062">
        <ele>29.9</ele>
      </trkpt>
      <trkpt lat="52.47309" lon="13.47036">
        <ele>31.23</ele>
      </trkpt>
      <trkpt lat="52.47315" lon="13.47028">
        <ele>31.31</ele>
      </trkpt>
      <trkpt lat="52.47323" lon="13.47017">
        <ele>31.18</ele>
      </trkpt>
      <trkpt lat="52.47324" lon="13.47015">
        <ele>31.14</ele>
      </trkpt>
      <trkpt lat="52.4733" lon="13.47015">
        <ele>30.41</ele>
      </trkpt>
      <trkpt lat="52.47338" lon="13.47016">
        <ele>28.92</ele>
      </trkpt>
      <trkpt lat="52.4736" lon="13.47019">
        <ele>23.18</ele>
      </trkpt>
      <trkpt lat="52.47372" lon="13.47016">
        <ele>23.21</ele>
      </trkpt>
      <trkpt lat="52.47384" lon="13.4701">
        <ele>23.79</ele>
      </trkpt>
      <trkpt lat="52.4739" lon="13.47007">
        <ele>24.17</ele>
      </trkpt>
      <trkpt lat="52.4739" lon="13.47007">
        <ele>24.17</ele>
      </trkpt>
      <trkpt lat="52.4739" lon="13.47007">
        <ele>24.17</ele>
      </trkpt>
      <trkpt lat="52.47394" lon="13.47006">
        <ele>24.93</ele>
      </trkpt>
      <trkpt lat="52.47407" lon="13.47007">
        <ele>26.93</ele>
      </trkpt>
      <trkpt lat="52.47421" lon="13.47016">
        <ele>29.13</ele>
      </trkpt>
      <trkpt lat="52.47432" lon="13.47028">
        <ele>29.43</ele>
      </trkpt>
      <trkpt lat="52.47449" lon="13.4704">
        <ele>29.45</ele>
      </trkpt>
      <trkpt lat="52.47465" lon="13.47044">
        <ele>32.55</ele>
      </trkpt>
      <trkpt lat="52.47487" lon="13.47048">
        <ele>30.76</ele>
      </trkpt>
      <trkpt lat="52.47513" lon="13.47053">
        <ele>27.24</ele>
      </trkpt>
      <trkpt lat="52.47531" lon="13.4706">
        <ele>26.79</ele>
      </trkpt>
      <trkpt lat="52.47545" lon="13.47071">
        <ele>23.77</ele>
      </trkpt>
      <trkpt lat="52.47553" lon="13.47077">
        <ele>22.61</ele>
      </trkpt>
      <trkpt lat="52.47557" lon="13.4708">
        <ele>22.26</ele>
      </trkpt>
      <trkpt lat="52.47566" lon="13.47085">
        <ele>22.08</ele>
      </trkpt>
      <trkpt lat="52.47583" lon="13.47089">
        <ele>22.41</ele>
      </trkpt>
      <trkpt lat="52.47635" lon="13.47095">
        <ele>26.02</ele>
      </trkpt>
      <trkpt lat="52.47643" lon="13.47098">
        <ele>26.37</ele>
      </trkpt>
      <trkpt lat="52.47683" lon="13.47089">
        <ele>28.79</ele>
      </trkpt>
      <trkpt lat="52.47683" lon="13.47089">
        <ele>28.79</ele>
      </trkpt>
      <trkpt lat="52.47683" lon="13.47089">
        <ele>28.79</ele>
      </trkpt>
      <trkpt lat="52.47688" lon="13.47088">
        <ele>28.94</ele>
      </trkpt>
      <trkpt lat="52.47743" lon="13.47006">
        <ele>32.52</ele>
      </trkpt>
      <trkpt lat="52.47789" lon="13.46944">
        <ele>24.23</ele>
      </trkpt>
      <trkpt lat="52.47835" lon="13.46882">
        <ele>23.61</ele>
      </trkpt>
      <trkpt lat="52.47881" lon="13.4682">
        <ele>23.66</ele>
      </trkpt>
      <trkpt lat="52.47935" lon="13.46745">
        <ele>25.9</ele>
      </trkpt>
      <trkpt lat="52.4794" lon="13.46754">
        <ele>24.24</ele>
      </trkpt>
      <trkpt lat="52.47987" lon="13.46689">
        <ele>24.74</ele>
      </trkpt>
      <trkpt lat="52.48033" lon="13.46623">
        <ele>25.12</ele>
      </trkpt>
      <trkpt lat="52.48041" lon="13.46612">
        <ele>25.49</ele>
      </trkpt>
      <trkpt lat="52.48072" lon="13.46568">
        <ele>28.94</ele>
      </trkpt>
      <trkpt lat="52.48126" lon="13.46491">
        <ele>31.72</ele>
      </trkpt>
      <trkpt lat="52.48158" lon="13.46446">
        <ele>29.48</ele>
      </trkpt>
      <trkpt lat="52.48176" lon="13.46421">
        <ele>28.54</ele>
      </trkpt>
      <trkpt lat="52.48181" lon="13.46414">
        <ele>28.06</ele>
      </trkpt>
      <trkpt lat="52.48187" lon="13.46405">
        <ele>27.76</ele>
      </trkpt>
      <trkpt lat="52.48211" lon="13.46371">
        <ele>27.43</ele>
      </trkpt>
      <trkpt lat="52.48267" lon="13.46291">
        <ele>27.12</ele>
      </trkpt>
      <trkpt lat="52.4832" lon="13.46216">
        <ele>28.48</ele>
      </trkpt>
      <trkpt lat="52.48359" lon="13.46162">
        <ele>32.57</ele>
      </trkpt>
      <trkpt lat="52.48359" lon="13.46162">
        <ele>32.57</ele>
      </trkpt>
      <trkpt lat="52.48359" lon="13.46161">
        <ele>32.54</ele>
      </trkpt>
      <trkpt lat="52.48373" lon="13.46142">
        <ele>31.26</ele>
      </trkpt>
      <trkpt lat="52.48397" lon="13.46107">
        <ele>31.38</ele>
      </trkpt>
      <trkpt lat="52.48406" lon="13.46095">
        <ele>32.87</ele>
      </trkpt>
      <trkpt lat="52.48422" lon="13.46071">
        <ele>34.34</ele>
      </trkpt>
      <trkpt lat="52.48468" lon="13.46003">
        <ele>31.55</ele>
      </trkpt>
      <trkpt lat="52.48476" lon="13.45991">
        <ele>31.27</ele>
      </trkpt>
      <trkpt lat="52.4847" lon="13.45984">
        <ele>31.1</ele>
      </trkpt>
      <trkpt lat="52.48498" lon="13.45938">
        <ele>31.05</ele>
      </trkpt>
      <trkpt lat="52.48528" lon="13.45894">
        <ele>35.01</ele>
      </trkpt>
      <trkpt lat="52.48563" lon="13.45845">
        <ele>30.88</ele>
      </trkpt>
      <trkpt lat="52.48571" lon="13.45832">
        <ele>29.57</ele>
      </trkpt>
      <trkpt lat="52.48566" lon="13.45824">
        <ele>30.42</ele>
      </trkpt>
      <trkpt lat="52.48551" lon="13.45804">
        <ele>32.1</ele>
      </trkpt>
      <trkpt lat="52.48502" lon="13.4574">
        <ele>32.24</ele>
      </trkpt>
      <trkpt lat="52.48498" lon="13.45735">
        <ele>32.37</ele>
      </trkpt>
      <trkpt lat="52.48498" lon="13.45735">
        <ele>32.37</ele>
      </trkpt>
      <trkpt lat="52.48498" lon="13.45735">
        <ele>32.37</ele>
      </trkpt>
      <trkpt lat="52.48441" lon="13.45659">
        <ele>33.12</ele>
      </trkpt>
      <trkpt lat="52.48427" lon="13.45641">
        <ele>37.52</ele>
      </trkpt>
      <trkpt lat="52.48421" lon="13.45632">
        <ele>39.05</ele>
      </trkpt>
      <trkpt lat="52.48415" lon="13.45628">
        <ele>39.4</ele>
      </trkpt>
      <trkpt lat="52.48415" lon="13.45628">
        <ele>39.4</ele>
      </trkpt>
      <trkpt lat="52.48415" lon="13.45628">
        <ele>39.4</ele>
      </trkpt>
      <trkpt lat="52.48418" lon="13.45622">
        <ele>39.28</ele>
      </trkpt>
      <trkpt lat="52.4842" lon="13.45618">
        <ele>39.07</ele>
      </trkpt>
      <trkpt lat="52.48422" lon="13.45614">
        <ele>38.98</ele>
      </trkpt>
      <trkpt lat="52.48425" lon="13.45609">
        <ele>39.05</ele>
      </trkpt>
      <trkpt lat="52.4847" lon="13.45524">
        <ele>38.14</ele>
      </trkpt>
      <trkpt lat="52.48479" lon="13.45508">
        <ele>39.76</ele>
      </trkpt>
      <trkpt lat="52.48547" lon="13.45374">
        <ele>35.22</ele>
      </trkpt>
      <trkpt lat="52.48549" lon="13.4537">
        <ele>35.58</ele>
      </trkpt>
      <trkpt lat="52.48557" lon="13.45369">
        <ele>34.52</ele>
      </trkpt>
      <trkpt lat="52.4857" lon="13.45343">
        <ele>38.51</ele>
      </trkpt>
      <trkpt lat="52.48588" lon="13.45309">
        <ele>37.85</ele>
      </trkpt>
      <trkpt lat="52.48595" lon="13.45295">
        <ele>36.96</ele>
      </trkpt>
      <trkpt lat="52.48612" lon="13.45262">
        <ele>37.61</ele>
      </trkpt>
      <trkpt lat="52.48615" lon="13.45257">
        <ele>37.82</ele>
      </trkpt>
      <trkpt lat="52.4862" lon="13.45247">
        <ele>38.29</ele>
      </trkpt>
      <trkpt lat="52.48622" lon="13.45242">
        <ele>38.56</ele>
      </trkpt>
      <trkpt lat="52.48682" lon="13.45127">
        <ele>41.62</ele>
      </trkpt>
      <trkpt lat="52.48685" lon="13.45121">
        <ele>41.56</ele>
      </trkpt>
      <trkpt lat="52.48687" lon="13.45117">
        <ele>41.58</ele>
      </trkpt>
      <trkpt lat="52.4869" lon="13.45112">
        <ele>41.69</ele>
      </trkpt>
      <trkpt lat="52.48691" lon="13.45109">
        <ele>41.74</ele>
      </trkpt>
      <trkpt lat="52.48705" lon="13.45083">
        <ele>43.89</ele>
      </trkpt>
      <trkpt lat="52.48714" lon="13.45065">
        <ele>44.86</ele>
      </trkpt>
      <trkpt lat="52.48715" lon="13.45063">
        <ele>44.97</ele>
      </trkpt>
      <trkpt lat="52.48717" lon="13.45052">
        <ele>44.93</ele>
      </trkpt>
      <trkpt lat="52.4872" lon="13.45033">
        <ele>44.79</ele>
      </trkpt>
      <trkpt lat="52.48784" lon="13.44917">
        <ele>41.14</ele>
      </trkpt>
      <trkpt lat="52.48793" lon="13.449">
        <ele>41.02</ele>
      </trkpt>
      <trkpt lat="52.488" lon="13.44886">
        <ele>40.87</ele>
      </trkpt>
      <trkpt lat="52.48802" lon="13.44882">
        <ele>40.79</ele>
      </trkpt>
      <trkpt lat="52.48805" lon="13.44874">
        <ele>41.23</ele>
      </trkpt>
      <trkpt lat="52.4881" lon="13.44863">
        <ele>41.64</ele>
      </trkpt>
      <trkpt lat="52.48843" lon="13.448">
        <ele>37.47</ele>
      </trkpt>
      <trkpt lat="52.48855" lon="13.44776">
        <ele>36.26</ele>
      </trkpt>
      <trkpt lat="52.4886" lon="13.44767">
        <ele>36.25</ele>
      </trkpt>
      <trkpt lat="52.489" lon="13.44687">
        <ele>39.0</ele>
      </trkpt>
      <trkpt lat="52.48908" lon="13.44677">
        <ele>38.6</ele>
      </trkpt>
      <trkpt lat="52.48908" lon="13.44677">
        <ele>38.6</ele>
      </trkpt>
      <trkpt lat="52.48908" lon="13.44677">
        <ele>38.6</ele>
      </trkpt>
      <trkpt lat="52.48902" lon="13.44667">
        <ele>40.66</ele>
      </trkpt>
      <trkpt lat="52.48885" lon="13.4464">
        <ele>44.97</ele>
      </trkpt>
      <trkpt lat="52.48881" lon="13.44635">
        <ele>45.02</ele>
      </trkpt>
      <trkpt lat="52.48851" lon="13.44588">
        <ele>40.91</ele>
      </trkpt>
      <trkpt lat="52.48801" lon="13.44511">
        <ele>39.11</ele>
      </trkpt>
      <trkpt lat="52.48777" lon="13.44473">
        <ele>40.39</ele>
      </trkpt>
      <trkpt lat="52.4876" lon="13.44447">
        <ele>43.99</ele>
      </trkpt>
      <trkpt lat="52.4875" lon="13.44432">
        <ele>46.21</ele>
      </trkpt>
      <trkpt lat="52.4875" lon="13.44432">
        <ele>46.21</ele>
      </trkpt>
      <trkpt lat="52.4875" lon="13.44432">
        <ele>46.21</ele>
      </trkpt>
      <trkpt lat="52.48753" lon="13.44425">
        <ele>44.06</ele>
      </trkpt>
      <trkpt lat="52.48755" lon="13.44423">
        <ele>43.03</ele>
      </trkpt>
      <trkpt lat="52.48756" lon="13.4442">
        <ele>42.27</ele>
      </trkpt>
      <trkpt lat="52.48812" lon="13.44311">
        <ele>43.94</ele>
      </trkpt>
      <trkpt lat="52.48816" lon="13.44302">
        <ele>45.53</ele>
      </trkpt>
      <trkpt lat="52.48819" lon="13.44297">
        <ele>46.52</ele>
      </trkpt>
      <trkpt lat="52.48821" lon="13.44292">
        <ele>47.46</ele>
      </trkpt>
      <trkpt lat="52.48854" lon="13.44229">
        <ele>50.16</ele>
      </trkpt>
      <trkpt lat="52.48855" lon="13.44226">
        <ele>50.23</ele>
      </trkpt>
      <trkpt lat="52.48858" lon="13.44221">
        <ele>50.48</ele>
      </trkpt>
      <trkpt lat="52.48861" lon="13.44215">
        <ele>50.47</ele>
      </trkpt>
      <trkpt lat="52.48862" lon="13.44213">
        <ele>50.22</ele>
      </trkpt>
      <trkpt lat="52.48893" lon="13.44152">
        <ele>42.66</ele>
      </trkpt>
      <trkpt lat="52.48909" lon="13.44122">
        <ele>41.04</ele>
      </trkpt>
      <trkpt lat="52.48928" lon="13.44084">
        <ele>38.99</ele>
      </trkpt>
      <trkpt lat="52.48939" lon="13.44063">
        <ele>34.94</ele>
      </trkpt>
      <trkpt lat="52.48946" lon="13.4405">
        <ele>33.86</ele>
      </trkpt>
      <trkpt lat="52.48953" lon="13.44038">
        <ele>34.55</ele>
      </trkpt>
      <trkpt lat="52.48962" lon="13.44019">
        <ele>35.82</ele>
      </trkpt>
      <trkpt lat="52.48962" lon="13.44019">
        <ele>35.82</ele>
      </trkpt>
      <trkpt lat="52.48966" lon="13.44022">
        <ele>36.95</ele>
      </trkpt>
      <trkpt lat="52.48968" lon="13.44019">
        <ele>37.13</ele>
      </trkpt>
      <trkpt lat="52.48972" lon="13.44012">
        <ele>37.25</ele>
      </trkpt>
      <trkpt lat="52.48975" lon="13.44007">
        <ele>36.78</ele>
      </trkpt>
      <trkpt lat="52.48977" lon="13.44005">
        <ele>36.57</ele>
      </trkpt>
      <trkpt lat="52.48979" lon="13.44001">
        <ele>36.12</ele>
      </trkpt>
      <trkpt lat="52.48982" lon="13.43998">
        <ele>35.86</ele>
      </trkpt>
      <trkpt lat="52.48989" lon="13.43994">
        <ele>35.57</ele>
      </trkpt>
      <trkpt lat="52.48994" lon="13.43992">
        <ele>35.42</ele>
      </trkpt>
      <trkpt lat="52.49002" lon="13.4399">
        <ele>35.4</ele>
      </trkpt>
      <trkpt lat="52.49005" lon="13.43989">
        <ele>35.53</ele>
      </trkpt>
      <trkpt lat="52.49013" lon="13.43989">
        <ele>36.05</ele>
      </trkpt>
      <trkpt lat="52.49022" lon="13.43991">
        <ele>36.66</ele>
      </trkpt>
      <trkpt lat="52.4903" lon="13.43994">
        <ele>36.9</ele>
      </trkpt>
      <trkpt lat="52.49038" lon="13.43998">
        <ele>36.61</ele>
      </trkpt>
      <trkpt lat="52.49046" lon="13.44004">
        <ele>36.49</ele>
      </trkpt>
      <trkpt lat="52.49056" lon="13.44015">
        <ele>36.52</ele>
      </trkpt>
      <trkpt lat="52.49063" lon="13.44025">
        <ele>36.39</ele>
      </trkpt>
      <trkpt lat="52.49063" lon="13.44025">
        <ele>36.39</ele>
      </trkpt>
      <trkpt lat="52.49063" lon="13.44025">
        <ele>36.39</ele>
      </trkpt>
      <trkpt lat="52.4912" lon="13.44098">
        <ele>42.41</ele>
      </trkpt>
      <trkpt lat="52.49154" lon="13.44143">
        <ele>45.74</ele>
      </trkpt>
      <trkpt lat="52.49184" lon="13.44182">
        <ele>50.52</ele>
      </trkpt>
      <trkpt lat="52.49295" lon="13.44326">
        <ele>50.37</ele>
      </trkpt>
      <trkpt lat="52.49328" lon="13.44369">
        <ele>52.83</ele>
      </trkpt>
      <trkpt lat="52.49368" lon="13.44417">
        <ele>54.56</ele>
      </trkpt>
      <trkpt lat="52.49372" lon="13.44421">
        <ele>52.26</ele>
      </trkpt>
      <trkpt lat="52.49375" lon="13.44423">
        <ele>51.19</ele>
      </trkpt>
      <trkpt lat="52.49381" lon="13.44426">
        <ele>49.77</ele>
      </trkpt>
      <trkpt lat="52.49384" lon="13.44428">
        <ele>48.92</ele>
      </trkpt>
      <trkpt lat="52.49387" lon="13.44431">
        <ele>47.7</ele>
      </trkpt>
      <trkpt lat="52.49404" lon="13.44451">
        <ele>40.57</ele>
      </trkpt>
      <trkpt lat="52.49406" lon="13.44453">
        <ele>40.34</ele>
      </trkpt>
      <trkpt lat="52.49407" lon="13.44454">
        <ele>40.23</ele>
      </trkpt>
      <trkpt lat="52.4941" lon="13.44455">
        <ele>40.01</ele>
      </trkpt>
      <trkpt lat="52.49411" lon="13.44456">
        <ele>39.91</ele>
      </trkpt>
      <trkpt lat="52.49419" lon="13.44466">
        <ele>39.25</ele>
      </trkpt>
      <trkpt lat="52.49422" lon="13.44471">
        <ele>39.21</ele>
      </trkpt>
      <trkpt lat="52.49427" lon="13.4448">
        <ele>38.28</ele>
      </trkpt>
      <trkpt lat="52.49436" lon="13.44497">
        <ele>37.1</ele>
      </trkpt>
      <trkpt lat="52.4944" lon="13.44507">
        <ele>36.39</ele>
      </trkpt>
      <trkpt lat="52.49445" lon="13.4452">
        <ele>35.1</ele>
      </trkpt>
      <trkpt lat="52.49446" lon="13.44525">
        <ele>34.38</ele>
      </trkpt>
      <trkpt lat="52.49446" lon="13.44525">
        <ele>34.38</ele>
      </trkpt>
      <trkpt lat="52.49446" lon="13.44525">
        <ele>34.38</ele>
      </trkpt>
      <trkpt lat="52.49449" lon="13.44531">
        <ele>34.1</ele>
      </trkpt>
      <trkpt lat="52.49453" lon="13.44545">
        <ele>34.43</ele>
      </trkpt>
      <trkpt lat="52.49457" lon="13.44561">
        <ele>34.05</ele>
      </trkpt>
      <trkpt lat="52.4946" lon="13.44579">
        <ele>32.38</ele>
      </trkpt>
      <trkpt lat="52.49463" lon="13.44601">
        <ele>32.0</ele>
      </trkpt>
      <trkpt lat="52.49464" lon="13.44622">
        <ele>32.12</ele>
      </trkpt>
      <trkpt lat="52.49465" lon="13.44636">
        <ele>32.23</ele>
      </trkpt>
      <trkpt lat="52.49465" lon="13.44654">
        <ele>32.26</ele>
      </trkpt>
      <trkpt lat="52.49464" lon="13.44669">
        <ele>32.4</ele>
      </trkpt>
      <trkpt lat="52.49461" lon="13.447">
        <ele>34.4</ele>
      </trkpt>
      <trkpt lat="52.49461" lon="13.44713">
        <ele>35.8</ele>
      </trkpt>
      <trkpt lat="52.49462" lon="13.44726">
        <ele>37.2</ele>
      </trkpt>
      <trkpt lat="52.49463" lon="13.44738">
        <ele>38.33</ele>
      </trkpt>
      <trkpt lat="52.49464" lon="13.44747">
        <ele>39.26</ele>
      </trkpt>
      <trkpt lat="52.49467" lon="13.44757">
        <ele>40.52</ele>
      </trkpt>
      <trkpt lat="52.4947" lon="13.44767">
        <ele>41.78</ele>
      </trkpt>
      <trkpt lat="52.49473" lon="13.44776">
        <ele>42.96</ele>
      </trkpt>
      <trkpt lat="52.49478" lon="13.44786">
        <ele>43.98</ele>
      </trkpt>
      <trkpt lat="52.49487" lon="13.44799">
        <ele>45.77</ele>
      </trkpt>
      <trkpt lat="52.49521" lon="13.44844">
        <ele>42.88</ele>
      </trkpt>
      <trkpt lat="52.49542" lon="13.44872">
        <ele>43.93</ele>
      </trkpt>
      <trkpt lat="52.49586" lon="13.44932">
        <ele>43.0</ele>
      </trkpt>
      <trkpt lat="52.49617" lon="13.44973">
        <ele>38.93</ele>
      </trkpt>
      <trkpt lat="52.49635" lon="13.44998">
        <ele>35.55</ele>
      </trkpt>
      <trkpt lat="52.49641" lon="13.45005">
        <ele>35.45</ele>
      </trkpt>
      <trkpt lat="52.49642" lon="13.45007">
        <ele>35.64</ele>
      </trkpt>
      <trkpt lat="52.4964" lon="13.4501">
        <ele>35.77</ele>
      </trkpt>
      <trkpt lat="52.49637" lon="13.45014">
        <ele>36.01</ele>
      </trkpt>
      <trkpt lat="52.49637" lon="13.45014">
        <ele>36.01</ele>
      </trkpt>
      <trkpt lat="52.49637" lon="13.45014">
        <ele>36.01</ele>
      </trkpt>
      <trkpt lat="52.4964" lon="13.4501">
        <ele>35.77</ele>
      </trkpt>
      <trkpt lat="52.49642" lon="13.45007">
        <ele>35.64</ele>
      </trkpt>
      <trkpt lat="52.49653" lon="13.44987">
        <ele>36.67</ele>
      </trkpt>
      <trkpt lat="52.49658" lon="13.44979">
        <ele>37.15</ele>
      </trkpt>
      <trkpt lat="52.49672" lon="13.44955">
        <ele>37.57</ele>
      </trkpt>
      <trkpt lat="52.49677" lon="13.44946">
        <ele>37.61</ele>
      </trkpt>
      <trkpt lat="52.49692" lon="13.44921">
        <ele>38.7</ele>
      </trkpt>
      <trkpt lat="52.49709" lon="13.44892">
        <ele>41.94</ele>
      </trkpt>
      <trkpt lat="52.49712" lon="13.44895">
        <ele>42.1</ele>
      </trkpt>
      <trkpt lat="52.49716" lon="13.44902">
        <ele>42.34</ele>
      </trkpt>
      <trkpt lat="52.49723" lon="13.4489">
        <ele>43.06</ele>
      </trkpt>
      <trkpt lat="52.49726" lon="13.44885">
        <ele>43.23</ele>
      </trkpt>
      <trkpt lat="52.49732" lon="13.44875">
        <ele>43.35</ele>
      </trkpt>
      <trkpt lat="52.49733" lon="13.44874">
        <ele>43.36</ele>
      </trkpt>
      <trkpt lat="52.49747" lon="13.44849">
        <ele>43.44</ele>
      </trkpt>
      <trkpt lat="52.49753" lon="13.44839">
        <ele>43.52</ele>
      </trkpt>
      <trkpt lat="52.49756" lon="13.44834">
        <ele>43.34</ele>
      </trkpt>
      <trkpt lat="52.49761" lon="13.44826">
        <ele>43.13</ele>
      </trkpt>
      <trkpt lat="52.49762" lon="13.44824">
        <ele>43.09</ele>
      </trkpt>
      <trkpt lat="52.49763" lon="13.44822">
        <ele>43.03</ele>
      </trkpt>
      <trkpt lat="52.49765" lon="13.44819">
        <ele>42.85</ele>
      </trkpt>
      <trkpt lat="52.49769" lon="13.44812">
        <ele>42.43</ele>
      </trkpt>
      <trkpt lat="52.49772" lon="13.44807">
        <ele>42.02</ele>
      </trkpt>
      <trkpt lat="52.49779" lon="13.44797">
        <ele>40.97</ele>
      </trkpt>
      <trkpt lat="52.49797" lon="13.4477">
        <ele>39.31</ele>
      </trkpt>
      <trkpt lat="52.49801" lon="13.44763">
        <ele>38.53</ele>
      </trkpt>
      <trkpt lat="52.49812" lon="13.44745">
        <ele>38.07</ele>
      </trkpt>
      <trkpt lat="52.49815" lon="13.4474">
        <ele>38.6</ele>
      </trkpt>
      <trkpt lat="52.49822" lon="13.44727">
        <ele>39.71</ele>
      </trkpt>
      <trkpt lat="52.49827" lon="13.44718">
        <ele>40.16</ele>
      </trkpt>
      <trkpt lat="52.49827" lon="13.44717">
        <ele>40.13</ele>
      </trkpt>
      <trkpt lat="52.49831" lon="13.44709">
        <ele>40.27</ele>
      </trkpt>
      <trkpt lat="52.49836" lon="13.44701">
        <ele>40.72</ele>
      </trkpt>
      <trkpt lat="52.49839" lon="13.44696">
        <ele>41.08</ele>
      </trkpt>
      <trkpt lat="52.49843" lon="13.44689">
        <ele>41.67</ele>
      </trkpt>
      <trkpt lat="52.49852" lon="13.44672">
        <ele>42.82</ele>
      </trkpt>
      <trkpt lat="52.49862" lon="13.44655">
        <ele>44.11</ele>
      </trkpt>
      <trkpt lat="52.49864" lon="13.44651">
        <ele>44.36</ele>
      </trkpt>
      <trkpt lat="52.49866" lon="13.44648">
        <ele>44.59</ele>
      </trkpt>
      <trkpt lat="52.49876" lon="13.4463">
        <ele>45.31</ele>
      </trkpt>
      <trkpt lat="52.49877" lon="13.44629">
        <ele>45.41</ele>
      </trkpt>
      <trkpt lat="52.49879" lon="13.44625">
        <ele>45.58</ele>
      </trkpt>
      <trkpt lat="52.4988" lon="13.44623">
        <ele>45.67</ele>
      </trkpt>
      <trkpt lat="52.49896" lon="13.44596">
        <ele>48.36</ele>
      </trkpt>
      <trkpt lat="52.4991" lon="13.44572">
        <ele>47.3</ele>
      </trkpt>
      <trkpt lat="52.49915" lon="13.44562">
        <ele>46.35</ele>
      </trkpt>
      <trkpt lat="52.49917" lon="13.44558">
        <ele>45.95</ele>
      </trkpt>
      <trkpt lat="52.49919" lon="13.44555">
        <ele>45.67</ele>
      </trkpt>
      <trkpt lat="52.49922" lon="13.4455">
        <ele>45.27</ele>
      </trkpt>
      <trkpt lat="52.49925" lon="13.44544">
        <ele>44.92</ele>
      </trkpt>
      <trkpt lat="52.49942" lon="13.44517">
        <ele>44.11</ele>
      </trkpt>
      <trkpt lat="52.49942" lon="13.44516">
        <ele>44.19</ele>
      </trkpt>
      <trkpt lat="52.4995" lon="13.44501">
        <ele>45.71</ele>
      </trkpt>
      <trkpt lat="52.49955" lon="13.44492">
        <ele>46.92</ele>
      </trkpt>
      <trkpt lat="52.49958" lon="13.44485">
        <ele>47.76</ele>
      </trkpt>
      <trkpt lat="52.49971" lon="13.4446">
        <ele>51.64</ele>
      </trkpt>
      <trkpt lat="52.49977" lon="13.44448">
        <ele>53.03</ele>
      </trkpt>
      <trkpt lat="52.49981" lon="13.44441">
        <ele>53.62</ele>
      </trkpt>
      <trkpt lat="52.49992" lon="13.4442">
        <ele>54.1</ele>
      </trkpt>
      <trkpt lat="52.49997" lon="13.44409">
        <ele>53.22</ele>
      </trkpt>
      <trkpt lat="52.5" lon="13.44405">
        <ele>52.58</ele>
      </trkpt>
      <trkpt lat="52.50002" lon="13.444">
        <ele>52.07</ele>
      </trkpt>
      <trkpt lat="52.50007" lon="13.4439">
        <ele>50.79</ele>
      </trkpt>
      <trkpt lat="52.50007" lon="13.4439">
        <ele>50.79</ele>
      </trkpt>
      <trkpt lat="52.50018" lon="13.44402">
        <ele>49.54</ele>
      </trkpt>
      <trkpt lat="52.50015" lon="13.44398">
        <ele>49.81</ele>
      </trkpt>
      <trkpt lat="52.50015" lon="13.44398">
        <ele>49.81</ele>
      </trkpt>
      <trkpt lat="52.50018" lon="13.44402">
        <ele>49.54</ele>
      </trkpt>
      <trkpt lat="52.50052" lon="13.44435">
        <ele>45.83</ele>
      </trkpt>
      <trkpt lat="52.50052" lon="13.44435">
        <ele>45.83</ele>
      </trkpt>
      <trkpt lat="52.50052" lon="13.44435">
        <ele>45.83</ele>
      </trkpt>
      <trkpt lat="52.5006" lon="13.44442">
        <ele>44.81</ele>
      </trkpt>
      <trkpt lat="52.50068" lon="13.44449">
        <ele>42.86</ele>
      </trkpt>
      <trkpt lat="52.50068" lon="13.44449">
        <ele>42.86</ele>
      </trkpt>
      <trkpt lat="52.50077" lon="13.44458">
        <ele>40.6</ele>
      </trkpt>
      <trkpt lat="52.50077" lon="13.44458">
        <ele>40.6</ele>
      </trkpt>
      <trkpt lat="52.5008" lon="13.44463">
        <ele>39.84</ele>
      </trkpt>
      <trkpt lat="52.5008" lon="13.44463">
        <ele>39.84</ele>
      </trkpt>
      <trkpt lat="52.50097" lon="13.44485">
        <ele>38.73</ele>
      </trkpt>
      <trkpt lat="52.50097" lon="13.44485">
        <ele>38.73</ele>
      </trkpt>
      <trkpt lat="52.50137" lon="13.44535">
        <ele>39.14</ele>
      </trkpt>
      <trkpt lat="52.50176" lon="13.44586">
        <ele>28.39</ele>
      </trkpt>
      <trkpt lat="52.50216" lon="13.44636">
        <ele>29.52</ele>
      </trkpt>
      <trkpt lat="52.50255" lon="13.44686">
        <ele>46.53</ele>
      </trkpt>
      <trkpt lat="52.50255" lon="13.44686">
        <ele>46.53</ele>
      </trkpt>
      <trkpt lat="52.50259" lon="13.44672">
        <ele>41.89</ele>
      </trkpt>
      <trkpt lat="52.50259" lon="13.44672">
        <ele>41.89</ele>
      </trkpt>
      <trkpt lat="52.50265" lon="13.44652">
        <ele>36.96</ele>
      </trkpt>
      <trkpt lat="52.50265" lon="13.44652">
        <ele>36.96</ele>
      </trkpt>
      <trkpt lat="52.50272" lon="13.44635">
        <ele>36.11</ele>
      </trkpt>
      <trkpt lat="52.50272" lon="13.44635">
        <ele>36.11</ele>
      </trkpt>
      <trkpt lat="52.50294" lon="13.44565">
        <ele>37.28</ele>
      </trkpt>
      <trkpt lat="52.50294" lon="13.44565">
        <ele>37.28</ele>
      </trkpt>
      <trkpt lat="52.5031" lon="13.44518">
        <ele>35.98</ele>
      </trkpt>
      <trkpt lat="52.5031" lon="13.44518">
        <ele>35.98</ele>
      </trkpt>
      <trkpt lat="52.50328" lon="13.44464">
        <ele>35.49</ele>
      </trkpt>
      <trkpt lat="52.50328" lon="13.44464">
        <ele>35.49</ele>
      </trkpt>
      <trkpt lat="52.50355" lon="13.44389">
        <ele>34.68</ele>
      </trkpt>
      <trkpt lat="52.50381" lon="13.44314">
        <ele>32.37</ele>
      </trkpt>
      <trkpt lat="52.50381" lon="13.44314">
        <ele>32.37</ele>
      </trkpt>
      <trkpt lat="52.50423" lon="13.44191">
        <ele>33.31</ele>
      </trkpt>
      <trkpt lat="52.50423" lon="13.44191">
        <ele>33.31</ele>
      </trkpt>
      <trkpt lat="52.50449" lon="13.44125">
        <ele>30.39</ele>
      </trkpt>
      <trkpt lat="52.50475" lon="13.44058">
        <ele>30.99</ele>
      </trkpt>
      <trkpt lat="52.50475" lon="13.44058">
        <ele>30.99</ele>
      </trkpt>
      <trkpt lat="52.505" lon="13.43995">
        <ele>30.92</ele>
      </trkpt>
      <trkpt lat="52.50525" lon="13.43931">
        <ele>29.13</ele>
      </trkpt>
      <trkpt lat="52.50525" lon="13.43931">
        <ele>29.13</ele>
      </trkpt>
      <trkpt lat="52.50556" lon="13.43875">
        <ele>27.61</ele>
      </trkpt>
      <trkpt lat="52.50586" lon="13.43818">
        <ele>27.31</ele>
      </trkpt>
      <trkpt lat="52.50586" lon="13.43818">
        <ele>27.31</ele>
      </trkpt>
      <trkpt lat="52.5063" lon="13.43756">
        <ele>27.04</ele>
      </trkpt>
      <trkpt lat="52.5063" lon="13.43756">
        <ele>27.04</ele>
      </trkpt>
      <trkpt lat="52.50689" lon="13.43673">
        <ele>30.82</ele>
      </trkpt>
      <trkpt lat="52.50689" lon="13.43673">
        <ele>30.82</ele>
      </trkpt>
      <trkpt lat="52.50758" lon="13.4359">
        <ele>30.15</ele>
      </trkpt>
      <trkpt lat="52.50758" lon="13.4359">
        <ele>30.15</ele>
      </trkpt>
      <trkpt lat="52.50802" lon="13.43529">
        <ele>34.81</ele>
      </trkpt>
      <trkpt lat="52.50802" lon="13.43529">
        <ele>34.81</ele>
      </trkpt>
      <trkpt lat="52.50844" lon="13.43455">
        <ele>35.67</ele>
      </trkpt>
      <trkpt lat="52.50844" lon="13.43455">
        <ele>35.67</ele>
      </trkpt>
      <trkpt lat="52.50871" lon="13.43386">
        <ele>35.82</ele>
      </trkpt>
      <trkpt lat="52.50899" lon="13.43317">
        <ele>33.19</ele>
      </trkpt>
      <trkpt lat="52.50926" lon="13.43248">
        <ele>35.34</ele>
      </trkpt>
      <trkpt lat="52.50926" lon="13.43248">
        <ele>35.34</ele>
      </trkpt>
      <trkpt lat="52.50957" lon="13.43166">
        <ele>45.51</ele>
      </trkpt>
      <trkpt lat="52.50987" lon="13.43084">
        <ele>40.04</ele>
      </trkpt>
      <trkpt lat="52.51018" lon="13.43002">
        <ele>35.67</ele>
      </trkpt>
      <trkpt lat="52.51018" lon="13.43002">
        <ele>35.67</ele>
      </trkpt>
      <trkpt lat="52.50978" lon="13.42968">
        <ele>34.94</ele>
      </trkpt>
      <trkpt lat="52.50938" lon="13.42933">
        <ele>30.28</ele>
      </trkpt>
      <trkpt lat="52.50938" lon="13.42933">
        <ele>30.28</ele>
      </trkpt>
      <trkpt lat="52.50887" lon="13.4289">
        <ele>36.96</ele>
      </trkpt>
      <trkpt lat="52.50837" lon="13.42848">
        <ele>38.18</ele>
      </trkpt>
      <trkpt lat="52.50786" lon="13.42805">
        <ele>38.63</ele>
      </trkpt>
      <trkpt lat="52.50786" lon="13.42805">
        <ele>38.63</ele>
      </trkpt>
      <trkpt lat="52.5077" lon="13.42778">
        <ele>39.7</ele>
      </trkpt>
      <trkpt lat="52.5077" lon="13.42778">
        <ele>39.7</ele>
      </trkpt>
      <trkpt lat="52.50757" lon="13.42767">
        <ele>40.12</ele>
      </trkpt>
      <trkpt lat="52.50757" lon="13.42767">
        <ele>40.12</ele>
      </trkpt>
      <trkpt lat="52.50716" lon="13.42738">
        <ele>48.08</ele>
      </trkpt>
      <trkpt lat="52.50716" lon="13.42738">
        <ele>48.08</ele>
      </trkpt>
      <trkpt lat="52.50688" lon="13.42713">
        <ele>50.82</ele>
      </trkpt>
      <trkpt lat="52.50688" lon="13.42713">
        <ele>50.82</ele>
      </trkpt>
      <trkpt lat="52.50653" lon="13.42673">
        <ele>51.6</ele>
      </trkpt>
      <trkpt lat="52.50653" lon="13.42673">
        <ele>51.6</ele>
      </trkpt>
      <trkpt lat="52.50615" lon="13.4261">
        <ele>52.03</ele>
      </trkpt>
      <trkpt lat="52.50615" lon="13.4261">
        <ele>52.03</ele>
      </trkpt>
      <trkpt lat="52.50597" lon="13.42568">
        <ele>50.19</ele>
      </trkpt>
      <trkpt lat="52.50597" lon="13.42568">
        <ele>50.19</ele>
      </trkpt>
      <trkpt lat="52.50581" lon="13.42527">
        <ele>47.19</ele>
      </trkpt>
      <trkpt lat="52.50581" lon="13.42527">
        <ele>47.19</ele>
      </trkpt>
      <trkpt lat="52.50566" lon="13.42464">
        <ele>41.53</ele>
      </trkpt>
      <trkpt lat="52.50566" lon="13.42464">
        <ele>41.53</ele>
      </trkpt>
      <trkpt lat="52.50556" lon="13.42416">
        <ele>44.19</ele>
      </trkpt>
      <trkpt lat="52.50556" lon="13.42416">
        <ele>44.19</ele>
      </trkpt>
      <trkpt lat="52.50549" lon="13.42327">
        <ele>56.47</ele>
      </trkpt>
      <trkpt lat="52.50549" lon="13.42327">
        <ele>56.47</ele>
      </trkpt>
      <trkpt lat="52.50549" lon="13.42264">
        <ele>52.03</ele>
      </trkpt>
      <trkpt lat="52.50549" lon="13.42264">
        <ele>52.03</ele>
      </trkpt>
      <trkpt lat="52.5055" lon="13.42245">
        <ele>51.56</ele>
      </trkpt>
      <trkpt lat="52.5055" lon="13.42245">
        <ele>51.56</ele>
      </trkpt>
      <trkpt lat="52.50551" lon="13.42222">
        <ele>51.5</ele>
      </trkpt>
      <trkpt lat="52.50551" lon="13.42222">
        <ele>51.5</ele>
      </trkpt>
      <trkpt lat="52.50557" lon="13.42182">
        <ele>49.82</ele>
      </trkpt>
      <trkpt lat="52.50557" lon="13.42182">
        <ele>49.82</ele>
      </trkpt>
      <trkpt lat="52.50576" lon="13.4211">
        <ele>46.71</ele>
      </trkpt>
      <trkpt lat="52.50595" lon="13.42039">
        <ele>43.55</ele>
      </trkpt>
      <trkpt lat="52.50614" lon="13.41967">
        <ele>35.03</ele>
      </trkpt>
      <trkpt lat="52.50614" lon="13.41967">
        <ele>35.03</ele>
      </trkpt>
      <trkpt lat="52.50599" lon="13.41957">
        <ele>32.08</ele>
      </trkpt>
      <trkpt lat="52.50599" lon="13.41957">
        <ele>32.08</ele>
      </trkpt>
      <trkpt lat="52.50587" lon="13.41948">
        <ele>29.79</ele>
      </trkpt>
      <trkpt lat="52.50587" lon="13.41948">
        <ele>29.79</ele>
      </trkpt>
      <trkpt lat="52.50575" lon="13.41941">
        <ele>29.87</ele>
      </trkpt>
      <trkpt lat="52.50575" lon="13.41941">
        <ele>29.87</ele>
      </trkpt>
      <trkpt lat="52.50563" lon="13.41935">
        <ele>31.16</ele>
      </trkpt>
      <trkpt lat="52.50563" lon="13.41935">
        <ele>31.16</ele>
      </trkpt>
      <trkpt lat="52.5055" lon="13.41925">
        <ele>33.5</ele>
      </trkpt>
      <trkpt lat="52.5055" lon="13.41925">
        <ele>33.5</ele>
      </trkpt>
      <trkpt lat="52.50538" lon="13.41914">
        <ele>37.61</ele>
      </trkpt>
      <trkpt lat="52.50538" lon="13.41914">
        <ele>37.61</ele>
      </trkpt>
      <trkpt lat="52.50531" lon="13.41906">
        <ele>38.98</ele>
      </trkpt>
      <trkpt lat="52.50531" lon="13.41906">
        <ele>38.98</ele>
      </trkpt>
      <trkpt lat="52.50521" lon="13.41897">
        <ele>39.19</ele>
      </trkpt>
      <trkpt lat="52.50521" lon="13.41897">
        <ele>39.19</ele>
      </trkpt>
      <trkpt lat="52.50509" lon="13.41876">
        <ele>37.5</ele>
      </trkpt>
      <trkpt lat="52.50509" lon="13.41876">
        <ele>37.5</ele>
      </trkpt>
      <trkpt lat="52.50503" lon="13.4182">
        <ele>34.35</ele>
      </trkpt>
      <trkpt lat="52.50503" lon="13.4182">
        <ele>34.35</ele>
      </trkpt>
      <trkpt lat="52.50492" lon="13.41809">
        <ele>37.59</ele>
      </trkpt>
      <trkpt lat="52.50492" lon="13.41809">
        <ele>37.59</ele>
      </trkpt>
      <trkpt lat="52.50474" lon="13.41797">
        <ele>43.48</ele>
      </trkpt>
      <trkpt lat="52.50474" lon="13.41797">
        <ele>43.48</ele>
      </trkpt>
      <trkpt lat="52.50414" lon="13.41755">
        <ele>49.35</ele>
      </trkpt>
      <trkpt lat="52.50414" lon="13.41755">
        <ele>49.35</ele>
      </trkpt>
      <trkpt lat="52.50411" lon="13.41753">
        <ele>49.49</ele>
      </trkpt>
      <trkpt lat="52.50414" lon="13.41743">
        <ele>49.1</ele>
      </trkpt>
      <trkpt lat="52.50418" lon="13.41727">
        <ele>48.87</ele>
      </trkpt>
      <trkpt lat="52.50424" lon="13.41703">
        <ele>48.06</ele>
      </trkpt>
      <trkpt lat="52.50429" lon="13.41685">
        <ele>47.06</ele>
      </trkpt>
      <trkpt lat="52.50431" lon="13.41675">
        <ele>45.86</ele>
      </trkpt>
      <trkpt lat="52.50434" lon="13.41667">
        <ele>44.55</ele>
      </trkpt>
      <trkpt lat="52.50442" lon="13.41638">
        <ele>39.77</ele>
      </trkpt>
      <trkpt lat="52.50443" lon="13.41633">
        <ele>39.28</ele>
      </trkpt>
      <trkpt lat="52.50455" lon="13.41592">
        <ele>35.63</ele>
      </trkpt>
      <trkpt lat="52.50464" lon="13.41559">
        <ele>34.59</ele>
      </trkpt>
      <trkpt lat="52.50469" lon="13.41538">
        <ele>33.53</ele>
      </trkpt>
      <trkpt lat="52.50477" lon="13.41511">
        <ele>33.06</ele>
      </trkpt>
      <trkpt lat="52.50479" lon="13.41504">
        <ele>33.57</ele>
      </trkpt>
      <trkpt lat="52.50481" lon="13.41497">
        <ele>34.47</ele>
      </trkpt>
      <trkpt lat="52.50481" lon="13.41495">
        <ele>34.64</ele>
      </trkpt>
      <trkpt lat="52.50483" lon="13.41482">
        <ele>36.16</ele>
      </trkpt>
      <trkpt lat="52.50483" lon="13.41482">
        <ele>36.16</ele>
      </trkpt>
      <trkpt lat="52.50483" lon="13.41482">
        <ele>36.16</ele>
      </trkpt>
      <trkpt lat="52.50485" lon="13.41472">
        <ele>37.3</ele>
      </trkpt>
      <trkpt lat="52.50468" lon="13.41472">
        <ele>34.55</ele>
      </trkpt>
      <trkpt lat="52.5046" lon="13.41472">
        <ele>33.69</ele>
      </trkpt>
      <trkpt lat="52.50439" lon="13.41455">
        <ele>34.98</ele>
      </trkpt>
      <trkpt lat="52.50424" lon="13.41442">
        <ele>39.29</ele>
      </trkpt>
      <trkpt lat="52.50413" lon="13.41433">
        <ele>42.33</ele>
      </trkpt>
      <trkpt lat="52.50407" lon="13.41426">
        <ele>43.64</ele>
      </trkpt>
      <trkpt lat="52.50408" lon="13.41421">
        <ele>43.34</ele>
      </trkpt>
      <trkpt lat="52.50408" lon="13.41421">
        <ele>43.34</ele>
      </trkpt>
      <trkpt lat="52.50407" lon="13.41426">
        <ele>43.64</ele>
      </trkpt>
      <trkpt lat="52.50409" lon="13.41415">
        <ele>42.95</ele>
      </trkpt>
      <trkpt lat="52.5044" lon="13.41322">
        <ele>40.09</ele>
      </trkpt>
      <trkpt lat="52.50486" lon="13.41186">
        <ele>47.12</ele>
      </trkpt>
      <trkpt lat="52.50491" lon="13.41172">
        <ele>48.37</ele>
      </trkpt>
      <trkpt lat="52.50491" lon="13.41172">
        <ele>48.37</ele>
      </trkpt>
      <trkpt lat="52.50491" lon="13.41172">
        <ele>48.37</ele>
      </trkpt>
      <trkpt lat="52.50497" lon="13.41152">
        <ele>51.2</ele>
      </trkpt>
      <trkpt lat="52.50497" lon="13.41152">
        <ele>51.2</ele>
      </trkpt>
      <trkpt lat="52.50497" lon="13.41152">
        <ele>51.2</ele>
      </trkpt>
      <trkpt lat="52.50507" lon="13.4115">
        <ele>50.04</ele>
      </trkpt>
      <trkpt lat="52.50509" lon="13.41149">
        <ele>49.58</ele>
      </trkpt>
      <trkpt lat="52.50511" lon="13.41147">
        <ele>49.14</ele>
      </trkpt>
      <trkpt lat="52.50517" lon="13.41147">
        <ele>47.51</ele>
      </trkpt>
      <trkpt lat="52.50517" lon="13.41147">
        <ele>47.51</ele>
      </trkpt>
      <trkpt lat="52.50517" lon="13.41147">
        <ele>47.51</ele>
      </trkpt>
      <trkpt lat="52.50533" lon="13.41135">
        <ele>44.14</ele>
      </trkpt>
      <trkpt lat="52.50557" lon="13.41116">
        <ele>40.36</ele>
      </trkpt>
      <trkpt lat="52.50564" lon="13.41108">
        <ele>41.48</ele>
      </trkpt>
      <trkpt lat="52.50575" lon="13.411">
        <ele>46.26</ele>
      </trkpt>
      <trkpt lat="52.50582" lon="13.41094">
        <ele>50.39</ele>
      </trkpt>
      <trkpt lat="52.50617" lon="13.41068">
        <ele>50.66</ele>
      </trkpt>
      <trkpt lat="52.50617" lon="13.41068">
        <ele>50.66</ele>
      </trkpt>
      <trkpt lat="52.50617" lon="13.41068">
        <ele>50.66</ele>
      </trkpt>
      <trkpt lat="52.50626" lon="13.41061">
        <ele>51.93</ele>
      </trkpt>
      <trkpt lat="52.50631" lon="13.41061">
        <ele>52.58</ele>
      </trkpt>
      <trkpt lat="52.50636" lon="13.41057">
        <ele>53.49</ele>
      </trkpt>
      <trkpt lat="52.50639" lon="13.41051">
        <ele>53.48</ele>
      </trkpt>
      <trkpt lat="52.50658" lon="13.41037">
        <ele>48.33</ele>
      </trkpt>
      <trkpt lat="52.50664" lon="13.41031">
        <ele>46.72</ele>
      </trkpt>
      <trkpt lat="52.50668" lon="13.41028">
        <ele>45.68</ele>
      </trkpt>
      <trkpt lat="52.5067" lon="13.41027">
        <ele>45.26</ele>
      </trkpt>
      <trkpt lat="52.5067" lon="13.41027">
        <ele>45.26</ele>
      </trkpt>
      <trkpt lat="52.50668" lon="13.41028">
        <ele>45.68</ele>
      </trkpt>
      <trkpt lat="52.50683" lon="13.41017">
        <ele>42.52</ele>
      </trkpt>
      <trkpt lat="52.50689" lon="13.41012">
        <ele>40.82</ele>
      </trkpt>
      <trkpt lat="52.50677" lon="13.40992">
        <ele>45.58</ele>
      </trkpt>
      <trkpt lat="52.50673" lon="13.40985">
        <ele>46.49</ele>
      </trkpt>
      <trkpt lat="52.50673" lon="13.40985">
        <ele>46.49</ele>
      </trkpt>
      <trkpt lat="52.50673" lon="13.40985">
        <ele>46.49</ele>
      </trkpt>
      <trkpt lat="52.50673" lon="13.4097">
        <ele>45.43</ele>
      </trkpt>
      <trkpt lat="52.50672" lon="13.40958">
        <ele>44.51</ele>
      </trkpt>
      <trkpt lat="52.5066" lon="13.40926">
        <ele>42.54</ele>
      </trkpt>
      <trkpt lat="52.50656" lon="13.40928">
        <ele>43.55</ele>
      </trkpt>
      <trkpt lat="52.50616" lon="13.40823">
        <ele>44.75</ele>
      </trkpt>
      <trkpt lat="52.50616" lon="13.40823">
        <ele>44.75</ele>
      </trkpt>
      <trkpt lat="52.50616" lon="13.40823">
        <ele>44.75</ele>
      </trkpt>
      <trkpt lat="52.50618" lon="13.4082">
        <ele>44.59</ele>
      </trkpt>
      <trkpt lat="52.50624" lon="13.40813">
        <ele>44.02</ele>
      </trkpt>
      <trkpt lat="52.50625" lon="13.40811">
        <ele>44.01</ele>
      </trkpt>
      <trkpt lat="52.50629" lon="13.40807">
        <ele>43.64</ele>
      </trkpt>
      <trkpt lat="52.50632" lon="13.40803">
        <ele>43.56</ele>
      </trkpt>
      <trkpt lat="52.50634" lon="13.40801">
        <ele>43.53</ele>
      </trkpt>
      <trkpt lat="52.50633" lon="13.40796">
        <ele>44.34</ele>
      </trkpt>
      <trkpt lat="52.50632" lon="13.40793">
        <ele>44.83</ele>
      </trkpt>
      <trkpt lat="52.5066" lon="13.40753">
        <ele>44.56</ele>
      </trkpt>
      <trkpt lat="52.50669" lon="13.40742">
        <ele>43.76</ele>
      </trkpt>
      <trkpt lat="52.50675" lon="13.4073">
        <ele>42.7</ele>
      </trkpt>
      <trkpt lat="52.50681" lon="13.40723">
        <ele>41.37</ele>
      </trkpt>
      <trkpt lat="52.50684" lon="13.40721">
        <ele>40.69</ele>
      </trkpt>
      <trkpt lat="52.5069" lon="13.40713">
        <ele>39.68</ele>
      </trkpt>
      <trkpt lat="52.5069" lon="13.40713">
        <ele>39.68</ele>
      </trkpt>
      <trkpt lat="52.5069" lon="13.40713">
        <ele>39.68</ele>
      </trkpt>
      <trkpt lat="52.50696" lon="13.40706">
        <ele>38.98</ele>
      </trkpt>
      <trkpt lat="52.50691" lon="13.40694">
        <ele>40.65</ele>
      </trkpt>
      <trkpt lat="52.50725" lon="13.4065">
        <ele>38.86</ele>
      </trkpt>
      <trkpt lat="52.50777" lon="13.4058">
        <ele>53.03</ele>
      </trkpt>
      <trkpt lat="52.5078" lon="13.40569">
        <ele>53.36</ele>
      </trkpt>
      <trkpt lat="52.5078" lon="13.40569">
        <ele>53.36</ele>
      </trkpt>
      <trkpt lat="52.5078" lon="13.40569">
        <ele>53.36</ele>
      </trkpt>
      <trkpt lat="52.50785" lon="13.4056">
        <ele>53.32</ele>
      </trkpt>
      <trkpt lat="52.50816" lon="13.4052">
        <ele>47.96</ele>
      </trkpt>
      <trkpt lat="52.50817" lon="13.40517">
        <ele>47.37</ele>
      </trkpt>
      <trkpt lat="52.50817" lon="13.40517">
        <ele>47.37</ele>
      </trkpt>
      <trkpt lat="52.50817" lon="13.40517">
        <ele>47.37</ele>
      </trkpt>
      <trkpt lat="52.50822" lon="13.40511">
        <ele>45.16</ele>
      </trkpt>
      <trkpt lat="52.50795" lon="13.4046">
        <ele>45.06</ele>
      </trkpt>
      <trkpt lat="52.50792" lon="13.40455">
        <ele>44.93</ele>
      </trkpt>
      <trkpt lat="52.50787" lon="13.40446">
        <ele>44.19</ele>
      </trkpt>
      <trkpt lat="52.50787" lon="13.40446">
        <ele>44.19</ele>
      </trkpt>
      <trkpt lat="52.50787" lon="13.40446">
        <ele>44.19</ele>
      </trkpt>
      <trkpt lat="52.50792" lon="13.40441">
        <ele>43.93</ele>
      </trkpt>
      <trkpt lat="52.50794" lon="13.40438">
        <ele>43.83</ele>
      </trkpt>
      <trkpt lat="52.50816" lon="13.40391">
        <ele>39.89</ele>
      </trkpt>
      <trkpt lat="52.50817" lon="13.40387">
        <ele>39.78</ele>
      </trkpt>
      <trkpt lat="52.50821" lon="13.4038">
        <ele>39.8</ele>
      </trkpt>
      <trkpt lat="52.50824" lon="13.40372">
        <ele>40.41</ele>
      </trkpt>
      <trkpt lat="52.5082" lon="13.40367">
        <ele>40.35</ele>
      </trkpt>
      <trkpt lat="52.50818" lon="13.40365">
        <ele>40.16</ele>
      </trkpt>
      <trkpt lat="52.50824" lon="13.40354">
        <ele>41.24</ele>
      </trkpt>
      <trkpt lat="52.50846" lon="13.40299">
        <ele>43.29</ele>
      </trkpt>
      <trkpt lat="52.50857" lon="13.40269">
        <ele>45.07</ele>
      </trkpt>
      <trkpt lat="52.50861" lon="13.40256">
        <ele>45.97</ele>
      </trkpt>
      <trkpt lat="52.50861" lon="13.40256">
        <ele>45.97</ele>
      </trkpt>
      <trkpt lat="52.50861" lon="13.40256">
        <ele>45.97</ele>
      </trkpt>
      <trkpt lat="52.50871" lon="13.40222">
        <ele>41.48</ele>
      </trkpt>
      <trkpt lat="52.50873" lon="13.40216">
        <ele>40.4</ele>
      </trkpt>
      <trkpt lat="52.50916" lon="13.40093">
        <ele>39.01</ele>
      </trkpt>
      <trkpt lat="52.50942" lon="13.4002">
        <ele>38.17</ele>
      </trkpt>
      <trkpt lat="52.50941" lon="13.40019">
        <ele>38.15</ele>
      </trkpt>
      <trkpt lat="52.50943" lon="13.40012">
        <ele>38.49</ele>
      </trkpt>
      <trkpt lat="52.50944" lon="13.40006">
        <ele>38.76</ele>
      </trkpt>
      <trkpt lat="52.50946" lon="13.40001">
        <ele>39.41</ele>
      </trkpt>
      <trkpt lat="52.50947" lon="13.39997">
        <ele>40.75</ele>
      </trkpt>
      <trkpt lat="52.50948" lon="13.39991">
        <ele>42.97</ele>
      </trkpt>
      <trkpt lat="52.5095" lon="13.39986">
        <ele>44.93</ele>
      </trkpt>
      <trkpt lat="52.5095" lon="13.39986">
        <ele>44.93</ele>
      </trkpt>
      <trkpt lat="52.5095" lon="13.39986">
        <ele>44.93</ele>
      </trkpt>
      <trkpt lat="52.50948" lon="13.39991">
        <ele>42.97</ele>
      </trkpt>
      <trkpt lat="52.50946" lon="13.3999">
        <ele>42.91</ele>
      </trkpt>
      <trkpt lat="52.50924" lon="13.39973">
        <ele>47.25</ele>
      </trkpt>
      <trkpt lat="52.50922" lon="13.39972">
        <ele>47.38</ele>
      </trkpt>
      <trkpt lat="52.5092" lon="13.39971">
        <ele>47.22</ele>
      </trkpt>
      <trkpt lat="52.50912" lon="13.39966">
        <ele>45.19</ele>
      </trkpt>
      <trkpt lat="52.50906" lon="13.39961">
        <ele>43.46</ele>
      </trkpt>
      <trkpt lat="52.50904" lon="13.3996">
        <ele>42.95</ele>
      </trkpt>
      <trkpt lat="52.50889" lon="13.39959">
        <ele>38.89</ele>
      </trkpt>
      <trkpt lat="52.50884" lon="13.39955">
        <ele>38.7</ele>
      </trkpt>
      <trkpt lat="52.50874" lon="13.39948">
        <ele>36.63</ele>
      </trkpt>
      <trkpt lat="52.50865" lon="13.39941">
        <ele>33.05</ele>
      </trkpt>
      <trkpt lat="52.5085" lon="13.3993">
        <ele>32.44</ele>
      </trkpt>
      <trkpt lat="52.50849" lon="13.3993">
        <ele>32.62</ele>
      </trkpt>
      <trkpt lat="52.50844" lon="13.39926">
        <ele>33.09</ele>
      </trkpt>
      <trkpt lat="52.50835" lon="13.3992">
        <ele>34.06</ele>
      </trkpt>
      <trkpt lat="52.50835" lon="13.3992">
        <ele>34.06</ele>
      </trkpt>
      <trkpt lat="52.50835" lon="13.3992">
        <ele>34.06</ele>
      </trkpt>
      <trkpt lat="52.50825" lon="13.39914">
        <ele>35.34</ele>
      </trkpt>
      <trkpt lat="52.5082" lon="13.3991">
        <ele>35.9</ele>
      </trkpt>
      <trkpt lat="52.5082" lon="13.3991">
        <ele>35.9</ele>
      </trkpt>
      <trkpt lat="52.50818" lon="13.39909">
        <ele>36.27</ele>
      </trkpt>
      <trkpt lat="52.50817" lon="13.39908">
        <ele>36.39</ele>
      </trkpt>
      <trkpt lat="52.5082" lon="13.39889">
        <ele>32.82</ele>
      </trkpt>
      <trkpt lat="52.5082" lon="13.39888">
        <ele>32.82</ele>
      </trkpt>
      <trkpt lat="52.5082" lon="13.39885">
        <ele>32.88</ele>
      </trkpt>
      <trkpt lat="52.50813" lon="13.39765">
        <ele>46.06</ele>
      </trkpt>
      <trkpt lat="52.50811" lon="13.39731">
        <ele>45.84</ele>
      </trkpt>
      <trkpt lat="52.50811" lon="13.3972">
        <ele>45.46</ele>
      </trkpt>
      <trkpt lat="52.5081" lon="13.39707">
        <ele>44.56</ele>
      </trkpt>
      <trkpt lat="52.5081" lon="13.39705">
        <ele>44.44</ele>
      </trkpt>
      <trkpt lat="52.50807" lon="13.39662">
        <ele>40.32</ele>
      </trkpt>
      <trkpt lat="52.50806" lon="13.39637">
        <ele>39.11</ele>
      </trkpt>
      <trkpt lat="52.50804" lon="13.39609">
        <ele>38.04</ele>
      </trkpt>
      <trkpt lat="52.50804" lon="13.39609">
        <ele>38.04</ele>
      </trkpt>
      <trkpt lat="52.50804" lon="13.39609">
        <ele>38.04</ele>
      </trkpt>
      <trkpt lat="52.50802" lon="13.39581">
        <ele>39.71</ele>
      </trkpt>
      <trkpt lat="52.50801" lon="13.39553">
        <ele>41.33</ele>
      </trkpt>
      <trkpt lat="52.50798" lon="13.39508">
        <ele>43.66</ele>
      </trkpt>
      <trkpt lat="52.50797" lon="13.39491">
        <ele>43.88</ele>
      </trkpt>
      <trkpt lat="52.50794" lon="13.39448">
        <ele>48.83</ele>
      </trkpt>
      <trkpt lat="52.50794" lon="13.39447">
        <ele>48.92</ele>
      </trkpt>
      <trkpt lat="52.50794" lon="13.39437">
        <ele>50.22</ele>
      </trkpt>
      <trkpt lat="52.50793" lon="13.39434">
        <ele>50.5</ele>
      </trkpt>
      <trkpt lat="52.50792" lon="13.3942">
        <ele>52.16</ele>
      </trkpt>
      <trkpt lat="52.50792" lon="13.39407">
        <ele>52.58</ele>
      </trkpt>
      <trkpt lat="52.50791" lon="13.39404">
        <ele>52.33</ele>
      </trkpt>
      <trkpt lat="52.50789" lon="13.39366">
        <ele>54.97</ele>
      </trkpt>
      <trkpt lat="52.50785" lon="13.39303">
        <ele>59.11</ele>
      </trkpt>
      <trkpt lat="52.50784" lon="13.39282">
        <ele>60.21</ele>
      </trkpt>
      <trkpt lat="52.50784" lon="13.39275">
        <ele>59.95</ele>
      </trkpt>
      <trkpt lat="52.50783" lon="13.39265">
        <ele>58.47</ele>
      </trkpt>
      <trkpt lat="52.50782" lon="13.39244">
        <ele>55.54</ele>
      </trkpt>
      <trkpt lat="52.50782" lon="13.3924">
        <ele>55.17</ele>
      </trkpt>
      <trkpt lat="52.50781" lon="13.39226">
        <ele>54.01</ele>
      </trkpt>
      <trkpt lat="52.5078" lon="13.39214">
        <ele>53.98</ele>
      </trkpt>
      <trkpt lat="52.5078" lon="13.39211">
        <ele>54.07</ele>
      </trkpt>
      <trkpt lat="52.5077" lon="13.39048">
        <ele>44.96</ele>
      </trkpt>
      <trkpt lat="52.5077" lon="13.39046">
        <ele>44.65</ele>
      </trkpt>
      <trkpt lat="52.50769" lon="13.39035">
        <ele>43.07</ele>
      </trkpt>
      <trkpt lat="52.50769" lon="13.39034">
        <ele>42.91</ele>
      </trkpt>
      <trkpt lat="52.50768" lon="13.39022">
        <ele>41.59</ele>
      </trkpt>
      <trkpt lat="52.50768" lon="13.39022">
        <ele>41.59</ele>
      </trkpt>
      <trkpt lat="52.50768" lon="13.39022">
        <ele>41.59</ele>
      </trkpt>
      <trkpt lat="52.50768" lon="13.39018">
        <ele>41.27</ele>
      </trkpt>
      <trkpt lat="52.50767" lon="13.38994">
        <ele>40.02</ele>
      </trkpt>
      <trkpt lat="52.50767" lon="13.38988">
        <ele>39.94</ele>
      </trkpt>
      <trkpt lat="52.50766" lon="13.38971">
        <ele>40.09</ele>
      </trkpt>
      <trkpt lat="52.50764" lon="13.38934">
        <ele>42.23</ele>
      </trkpt>
      <trkpt lat="52.50761" lon="13.38881">
        <ele>43.0</ele>
      </trkpt>
      <trkpt lat="52.50759" lon="13.3885">
        <ele>40.81</ele>
      </trkpt>
      <trkpt lat="52.50756" lon="13.38794">
        <ele>40.08</ele>
      </trkpt>
      <trkpt lat="52.50755" lon="13.38772">
        <ele>41.98</ele>
      </trkpt>
      <trkpt lat="52.50754" lon="13.38761">
        <ele>42.39</ele>
      </trkpt>
      <trkpt lat="52.50751" lon="13.38703">
        <ele>43.64</ele>
      </trkpt>
      <trkpt lat="52.50747" lon="13.38628">
        <ele>40.96</ele>
      </trkpt>
      <trkpt lat="52.50746" lon="13.38614">
        <ele>39.34</ele>
      </trkpt>
      <trkpt lat="52.50745" lon="13.38578">
        <ele>35.77</ele>
      </trkpt>
      <trkpt lat="52.50744" lon="13.38571">
        <ele>35.46</ele>
      </trkpt>
      <trkpt lat="52.50744" lon="13.38571">
        <ele>35.46</ele>
      </trkpt>
      <trkpt lat="52.50744" lon="13.38561">
        <ele>35.02</ele>
      </trkpt>
      <trkpt lat="52.50744" lon="13.38561">
        <ele>35.02</ele>
      </trkpt>
      <trkpt lat="52.50744" lon="13.38561">
        <ele>35.02</ele>
      </trkpt>
      <trkpt lat="52.50744" lon="13.38571">
        <ele>35.46</ele>
      </trkpt>
      <trkpt lat="52.50748" lon="13.38569">
        <ele>35.45</ele>
      </trkpt>
      <trkpt lat="52.5075" lon="13.38568">
        <ele>35.45</ele>
      </trkpt>
      <trkpt lat="52.50752" lon="13.38563">
        <ele>35.5</ele>
      </trkpt>
      <trkpt lat="52.50772" lon="13.38553">
        <ele>38.7</ele>
      </trkpt>
      <trkpt lat="52.50802" lon="13.38537">
        <ele>48.62</ele>
      </trkpt>
      <trkpt lat="52.50825" lon="13.38525">
        <ele>48.4</ele>
      </trkpt>
      <trkpt lat="52.50843" lon="13.38515">
        <ele>48.96</ele>
      </trkpt>
      <trkpt lat="52.50867" lon="13.38503">
        <ele>51.53</ele>
      </trkpt>
      <trkpt lat="52.50882" lon="13.38495">
        <ele>51.34</ele>
      </trkpt>
      <trkpt lat="52.50898" lon="13.38486">
        <ele>51.5</ele>
      </trkpt>
      <trkpt lat="52.50901" lon="13.38485">
        <ele>51.54</ele>
      </trkpt>
      <trkpt lat="52.5095" lon="13.38459">
        <ele>54.45</ele>
      </trkpt>
      <trkpt lat="52.50974" lon="13.38447">
        <ele>52.76</ele>
      </trkpt>
      <trkpt lat="52.50991" lon="13.38439">
        <ele>53.95</ele>
      </trkpt>
      <trkpt lat="52.50993" lon="13.38444">
        <ele>54.46</ele>
      </trkpt>
      <trkpt lat="52.50995" lon="13.38443">
        <ele>54.51</ele>
      </trkpt>
      <trkpt lat="52.51001" lon="13.3844">
        <ele>54.45</ele>
      </trkpt>
      <trkpt lat="52.51002" lon="13.3844">
        <ele>54.38</ele>
      </trkpt>
      <trkpt lat="52.51003" lon="13.38439">
        <ele>54.2</ele>
      </trkpt>
      <trkpt lat="52.51009" lon="13.38436">
        <ele>53.44</ele>
      </trkpt>
      <trkpt lat="52.5101" lon="13.38436">
        <ele>53.37</ele>
      </trkpt>
      <trkpt lat="52.51011" lon="13.38436">
        <ele>53.3</ele>
      </trkpt>
      <trkpt lat="52.51011" lon="13.3843">
        <ele>52.65</ele>
      </trkpt>
      <trkpt lat="52.5101" lon="13.38429">
        <ele>52.61</ele>
      </trkpt>
      <trkpt lat="52.51013" lon="13.38427">
        <ele>52.18</ele>
      </trkpt>
      <trkpt lat="52.51138" lon="13.38363">
        <ele>38.1</ele>
      </trkpt>
      <trkpt lat="52.51142" lon="13.38364">
        <ele>37.67</ele>
      </trkpt>
      <trkpt lat="52.51143" lon="13.38363">
        <ele>37.49</ele>
      </trkpt>
      <trkpt lat="52.51144" lon="13.38362">
        <ele>37.3</ele>
      </trkpt>
      <trkpt lat="52.51146" lon="13.38361">
        <ele>36.98</ele>
      </trkpt>
      <trkpt lat="52.51149" lon="13.3836">
        <ele>36.62</ele>
      </trkpt>
      <trkpt lat="52.51152" lon="13.38358">
        <ele>36.38</ele>
      </trkpt>
      <trkpt lat="52.51155" lon="13.38357">
        <ele>36.11</ele>
      </trkpt>
      <trkpt lat="52.51157" lon="13.38355">
        <ele>36.11</ele>
      </trkpt>
      <trkpt lat="52.5116" lon="13.38354">
        <ele>35.93</ele>
      </trkpt>
      <trkpt lat="52.51162" lon="13.38353">
        <ele>35.89</ele>
      </trkpt>
      <trkpt lat="52.51163" lon="13.38347">
        <ele>36.73</ele>
      </trkpt>
      <trkpt lat="52.51172" lon="13.38343">
        <ele>38.49</ele>
      </trkpt>
      <trkpt lat="52.51212" lon="13.38322">
        <ele>42.36</ele>
      </trkpt>
      <trkpt lat="52.51212" lon="13.38322">
        <ele>42.36</ele>
      </trkpt>
      <trkpt lat="52.51256" lon="13.38298">
        <ele>47.98</ele>
      </trkpt>
      <trkpt lat="52.51301" lon="13.38274">
        <ele>52.29</ele>
      </trkpt>
      <trkpt lat="52.51345" lon="13.38249">
        <ele>48.97</ele>
      </trkpt>
      <trkpt lat="52.51389" lon="13.38225">
        <ele>45.0</ele>
      </trkpt>
      <trkpt lat="52.51389" lon="13.38225">
        <ele>45.0</ele>
      </trkpt>
      <trkpt lat="52.51433" lon="13.382">
        <ele>48.58</ele>
      </trkpt>
      <trkpt lat="52.51478" lon="13.38176">
        <ele>39.68</ele>
      </trkpt>
      <trkpt lat="52.51522" lon="13.38151">
        <ele>37.72</ele>
      </trkpt>
      <trkpt lat="52.51522" lon="13.38151">
        <ele>37.72</ele>
      </trkpt>
      <trkpt lat="52.51574" lon="13.38122">
        <ele>49.28</ele>
      </trkpt>
      <trkpt lat="52.51626" lon="13.38093">
        <ele>43.46</ele>
      </trkpt>
      <trkpt lat="52.51626" lon="13.38093">
        <ele>43.46</ele>
      </trkpt>
      <trkpt lat="52.51629" lon="13.38073">
        <ele>42.07</ele>
      </trkpt>
      <trkpt lat="52.51629" lon="13.38073">
        <ele>42.07</ele>
      </trkpt>
      <trkpt lat="52.51644" lon="13.38066">
        <ele>41.67</ele>
      </trkpt>
      <trkpt lat="52.51644" lon="13.38066">
        <ele>41.67</ele>
      </trkpt>
      <trkpt lat="52.51644" lon="13.38065">
        <ele>41.67</ele>
      </trkpt>
      <trkpt lat="52.51669" lon="13.38053">
        <ele>44.76</ele>
      </trkpt>
      <trkpt lat="52.5167" lon="13.38057">
        <ele>44.49</ele>
      </trkpt>
      <trkpt lat="52.51874" lon="13.38018">
        <ele>43.84</ele>
      </trkpt>
      <trkpt lat="52.51874" lon="13.38018">
        <ele>43.84</ele>
      </trkpt>
      <trkpt lat="52.5189" lon="13.38015">
        <ele>36.98</ele>
      </trkpt>
      <trkpt lat="52.51897" lon="13.38015">
        <ele>35.31</ele>
      </trkpt>
      <trkpt lat="52.5195" lon="13.38005">
        <ele>22.28</ele>
      </trkpt>
      <trkpt lat="52.51947" lon="13.3795">
        <ele>25.98</ele>
      </trkpt>
      <trkpt lat="52.51948" lon="13.379">
        <ele>27.74</ele>
      </trkpt>
      <trkpt lat="52.51953" lon="13.37858">
        <ele>31.77</ele>
      </trkpt>
      <trkpt lat="52.51959" lon="13.37832">
        <ele>31.59</ele>
      </trkpt>
      <trkpt lat="52.51963" lon="13.37819">
        <ele>32.0</ele>
      </trkpt>
      <trkpt lat="52.51981" lon="13.3777">
        <ele>38.67</ele>
      </trkpt>
      <trkpt lat="52.51995" lon="13.37739">
        <ele>48.02</ele>
      </trkpt>
      <trkpt lat="52.52008" lon="13.37718">
        <ele>50.16</ele>
      </trkpt>
      <trkpt lat="52.52029" lon="13.37694">
        <ele>43.18</ele>
      </trkpt>
      <trkpt lat="52.52029" lon="13.37694">
        <ele>43.18</ele>
      </trkpt>
      <trkpt lat="52.52035" lon="13.3769">
        <ele>44.26</ele>
      </trkpt>
      <trkpt lat="52.52045" lon="13.37687">
        <ele>45.66</ele>
      </trkpt>
      <trkpt lat="52.52111" lon="13.37672">
        <ele>35.84</ele>
      </trkpt>
      <trkpt lat="52.52132" lon="13.37666">
        <ele>30.74</ele>
      </trkpt>
      <trkpt lat="52.52156" lon="13.37654">
        <ele>29.35</ele>
      </trkpt>
      <trkpt lat="52.52191" lon="13.37629">
        <ele>26.57</ele>
      </trkpt>
      <trkpt lat="52.52208" lon="13.37612">
        <ele>25.06</ele>
      </trkpt>
      <trkpt lat="52.52215" lon="13.37604">
        <ele>24.45</ele>
      </trkpt>
      <trkpt lat="52.52226" lon="13.37589">
        <ele>24.08</ele>
      </trkpt>
      <trkpt lat="52.52244" lon="13.37559">
        <ele>22.53</ele>
      </trkpt>
      <trkpt lat="52.52244" lon="13.37559">
        <ele>22.53</ele>
      </trkpt>
      <trkpt lat="52.52244" lon="13.37559">
        <ele>22.53</ele>
      </trkpt>
      <trkpt lat="52.52247" lon="13.37553">
        <ele>22.17</ele>
      </trkpt>
      <trkpt lat="52.52275" lon="13.37497">
        <ele>24.18</ele>
      </trkpt>
      <trkpt lat="52.52281" lon="13.37485">
        <ele>25.6</ele>
      </trkpt>
      <trkpt lat="52.52305" lon="13.37411">
        <ele>26.16</ele>
      </trkpt>
      <trkpt lat="52.52305" lon="13.37411">
        <ele>26.16</ele>
      </trkpt>
      <trkpt lat="52.52305" lon="13.37411">
        <ele>26.16</ele>
      </trkpt>
      <trkpt lat="52.52306" lon="13.37409">
        <ele>26.3</ele>
      </trkpt>
      <trkpt lat="52.52327" lon="13.37334">
        <ele>25.98</ele>
      </trkpt>
      <trkpt lat="52.52336" lon="13.37295">
        <ele>25.44</ele>
      </trkpt>
      <trkpt lat="52.52342" lon="13.37283">
        <ele>25.87</ele>
      </trkpt>
      <trkpt lat="52.5235" lon="13.37274">
        <ele>26.35</ele>
      </trkpt>
      <trkpt lat="52.52365" lon="13.37274">
        <ele>27.19</ele>
      </trkpt>
      <trkpt lat="52.52382" lon="13.37274">
        <ele>30.61</ele>
      </trkpt>
      <trkpt lat="52.52388" lon="13.37274">
        <ele>31.82</ele>
      </trkpt>
      <trkpt lat="52.52415" lon="13.37275">
        <ele>29.84</ele>
      </trkpt>
      <trkpt lat="52.52417" lon="13.37275">
        <ele>29.69</ele>
      </trkpt>
      <trkpt lat="52.5242" lon="13.37275">
        <ele>29.62</ele>
      </trkpt>
      <trkpt lat="52.52472" lon="13.37275">
        <ele>30.79</ele>
      </trkpt>
      <trkpt lat="52.52472" lon="13.37279">
        <ele>30.99</ele>
      </trkpt>
      <trkpt lat="52.52472" lon="13.37281">
        <ele>30.99</ele>
      </trkpt>
      <trkpt lat="52.52472" lon="13.3733">
        <ele>33.63</ele>
      </trkpt>
      <trkpt lat="52.52472" lon="13.3733">
        <ele>33.63</ele>
      </trkpt>
      <trkpt lat="52.52472" lon="13.3733">
        <ele>33.63</ele>
      </trkpt>
      <trkpt lat="52.52491" lon="13.37337">
        <ele>32.06</ele>
      </trkpt>
      <trkpt lat="52.52521" lon="13.37347">
        <ele>32.78</ele>
      </trkpt>
      <trkpt lat="52.5252" lon="13.37362">
        <ele>31.56</ele>
      </trkpt>
      <trkpt lat="52.52589" lon="13.37362">
        <ele>29.41</ele>
      </trkpt>
      <trkpt lat="52.52591" lon="13.37365">
        <ele>29.54</ele>
      </trkpt>
      <trkpt lat="52.52596" lon="13.37376">
        <ele>29.47</ele>
      </trkpt>
      <trkpt lat="52.52601" lon="13.37376">
        <ele>29.44</ele>
      </trkpt>
      <trkpt lat="52.52611" lon="13.37392">
        <ele>27.9</ele>
      </trkpt>
      <trkpt lat="52.52619" lon="13.37403">
        <ele>27.64</ele>
      </trkpt>
      <trkpt lat="52.52627" lon="13.37413">
        <ele>27.63</ele>
      </trkpt>
      <trkpt lat="52.52637" lon="13.37423">
        <ele>27.93</ele>
      </trkpt>
      <trkpt lat="52.52648" lon="13.37433">
        <ele>27.81</ele>
      </trkpt>
      <trkpt lat="52.52664" lon="13.37445">
        <ele>27.12</ele>
      </trkpt>
      <trkpt lat="52.52664" lon="13.37445">
        <ele>27.12</ele>
      </trkpt>
      <trkpt lat="52.52663" lon="13.37449">
        <ele>27.34</ele>
      </trkpt>
      <trkpt lat="52.52662" lon="13.37451">
        <ele>27.48</ele>
      </trkpt>
      <trkpt lat="52.52665" lon="13.37453">
        <ele>27.4</ele>
      </trkpt>
      <trkpt lat="52.52669" lon="13.37455">
        <ele>27.5</ele>
      </trkpt>
      <trkpt lat="52.52679" lon="13.3746">
        <ele>28.25</ele>
      </trkpt>
      <trkpt lat="52.52687" lon="13.37463">
        <ele>28.89</ele>
      </trkpt>
      <trkpt lat="52.52695" lon="13.37465">
        <ele>29.57</ele>
      </trkpt>
      <trkpt lat="52.52702" lon="13.37465">
        <ele>30.71</ele>
      </trkpt>
      <trkpt lat="52.52707" lon="13.37466">
        <ele>31.56</ele>
      </trkpt>
      <trkpt lat="52.52713" lon="13.37466">
        <ele>32.52</ele>
      </trkpt>
      <trkpt lat="52.52723" lon="13.37465">
        <ele>34.03</ele>
      </trkpt>
      <trkpt lat="52.52732" lon="13.37463">
        <ele>34.24</ele>
      </trkpt>
      <trkpt lat="52.52736" lon="13.37462">
        <ele>34.26</ele>
      </trkpt>
      <trkpt lat="52.5274" lon="13.37461">
        <ele>34.25</ele>
      </trkpt>
      <trkpt lat="52.52746" lon="13.37459">
        <ele>34.08</ele>
      </trkpt>
      <trkpt lat="52.5275" lon="13.37458">
        <ele>33.95</ele>
      </trkpt>
      <trkpt lat="52.52752" lon="13.37458">
        <ele>34.64</ele>
      </trkpt>
      <trkpt lat="52.52756" lon="13.37457">
        <ele>35.89</ele>
      </trkpt>
      <trkpt lat="52.52762" lon="13.37455">
        <ele>37.78</ele>
      </trkpt>
      <trkpt lat="52.52769" lon="13.37452">
        <ele>40.05</ele>
      </trkpt>
      <trkpt lat="52.5277" lon="13.37452">
        <ele>40.42</ele>
      </trkpt>
      <trkpt lat="52.52775" lon="13.3745">
        <ele>42.16</ele>
      </trkpt>
      <trkpt lat="52.52787" lon="13.37445">
        <ele>43.69</ele>
      </trkpt>
      <trkpt lat="52.52788" lon="13.37444">
        <ele>43.67</ele>
      </trkpt>
      <trkpt lat="52.52793" lon="13.3744">
        <ele>43.56</ele>
      </trkpt>
      <trkpt lat="52.52797" lon="13.37438">
        <ele>43.71</ele>
      </trkpt>
      <trkpt lat="52.52798" lon="13.37437">
        <ele>43.7</ele>
      </trkpt>
      <trkpt lat="52.528" lon="13.37436">
        <ele>43.81</ele>
      </trkpt>
      <trkpt lat="52.52803" lon="13.37434">
        <ele>43.96</ele>
      </trkpt>
      <trkpt lat="52.52807" lon="13.37431">
        <ele>44.14</ele>
      </trkpt>
      <trkpt lat="52.5281" lon="13.37429">
        <ele>44.19</ele>
      </trkpt>
      <trkpt lat="52.5281" lon="13.37429">
        <ele>44.19</ele>
      </trkpt>
      <trkpt lat="52.5281" lon="13.37429">
        <ele>44.19</ele>
      </trkpt>
      <trkpt lat="52.5281" lon="13.37429">
        <ele>44.19</ele>
      </trkpt>
      <trkpt lat="52.52813" lon="13.37443">
        <ele>45.67</ele>
      </trkpt>
      <trkpt lat="52.52843" lon="13.37545">
        <ele>48.68</ele>
      </trkpt>
      <trkpt lat="52.52852" lon="13.37573">
        <ele>48.72</ele>
      </trkpt>
      <trkpt lat="52.52855" lon="13.37578">
        <ele>48.75</ele>
      </trkpt>
      <trkpt lat="52.52856" lon="13.3758">
        <ele>48.75</ele>
      </trkpt>
      <trkpt lat="52.52859" lon="13.37586">
        <ele>48.77</ele>
      </trkpt>
      <trkpt lat="52.52856" lon="13.37589">
        <ele>48.5</ele>
      </trkpt>
      <trkpt lat="52.52856" lon="13.37589">
        <ele>48.5</ele>
      </trkpt>
      <trkpt lat="52.52895" lon="13.37549">
        <ele>43.21</ele>
      </trkpt>
      <trkpt lat="52.52934" lon="13.37509">
        <ele>45.83</ele>
      </trkpt>
      <trkpt lat="52.52934" lon="13.37509">
        <ele>45.83</ele>
      </trkpt>
      <trkpt lat="52.52979" lon="13.37466">
        <ele>45.76</ele>
      </trkpt>
      <trkpt lat="52.53024" lon="13.37423">
        <ele>42.32</ele>
      </trkpt>
      <trkpt lat="52.5307" lon="13.3738">
        <ele>42.02</ele>
      </trkpt>
      <trkpt lat="52.53115" lon="13.37337">
        <ele>42.74</ele>
      </trkpt>
      <trkpt lat="52.5316" lon="13.37294">
        <ele>39.56</ele>
      </trkpt>
      <trkpt lat="52.5316" lon="13.37294">
        <ele>39.56</ele>
      </trkpt>
      <trkpt lat="52.53201" lon="13.3726">
        <ele>39.84</ele>
      </trkpt>
      <trkpt lat="52.53243" lon="13.37226">
        <ele>38.71</ele>
      </trkpt>
      <trkpt lat="52.53284" lon="13.37193">
        <ele>42.34</ele>
      </trkpt>
      <trkpt lat="52.53325" lon="13.37159">
        <ele>49.48</ele>
      </trkpt>
      <trkpt lat="52.53325" lon="13.37159">
        <ele>49.48</ele>
      </trkpt>
      <trkpt lat="52.53377" lon="13.37098">
        <ele>52.88</ele>
      </trkpt>
      <trkpt lat="52.53429" lon="13.37037">
        <ele>49.26</ele>
      </trkpt>
      <trkpt lat="52.53429" lon="13.37037">
        <ele>49.26</ele>
      </trkpt>
      <trkpt lat="52.5343" lon="13.37039">
        <ele>49.1</ele>
      </trkpt>
      <trkpt lat="52.53435" lon="13.37032">
        <ele>48.31</ele>
      </trkpt>
      <trkpt lat="52.53443" lon="13.37024">
        <ele>46.93</ele>
      </trkpt>
      <trkpt lat="52.53441" lon="13.3702">
        <ele>46.9</ele>
      </trkpt>
      <trkpt lat="52.5344" lon="13.37015">
        <ele>46.65</ele>
      </trkpt>
      <trkpt lat="52.53401" lon="13.36924">
        <ele>35.88</ele>
      </trkpt>
      <trkpt lat="52.53393" lon="13.36906">
        <ele>33.26</ele>
      </trkpt>
      <trkpt lat="52.53389" lon="13.36898">
        <ele>32.31</ele>
      </trkpt>
      <trkpt lat="52.534" lon="13.36886">
        <ele>29.68</ele>
      </trkpt>
      <trkpt lat="52.53411" lon="13.36875">
        <ele>26.91</ele>
      </trkpt>
      <trkpt lat="52.53429" lon="13.36856">
        <ele>25.09</ele>
      </trkpt>
      <trkpt lat="52.53429" lon="13.36856">
        <ele>25.09</ele>
      </trkpt>
      <trkpt lat="52.53429" lon="13.36856">
        <ele>25.09</ele>
      </trkpt>
      <trkpt lat="52.5349" lon="13.36791">
        <ele>23.71</ele>
      </trkpt>
      <trkpt lat="52.53536" lon="13.36742">
        <ele>23.5</ele>
      </trkpt>
      <trkpt lat="52.53581" lon="13.36693">
        <ele>24.96</ele>
      </trkpt>
      <trkpt lat="52.53581" lon="13.36693">
        <ele>24.96</ele>
      </trkpt>
      <trkpt lat="52.53581" lon="13.36693">
        <ele>24.96</ele>
      </trkpt>
      <trkpt lat="52.53591" lon="13.36682">
        <ele>26.18</ele>
      </trkpt>
      <trkpt lat="52.53606" lon="13.36666">
        <ele>29.73</ele>
      </trkpt>
      <trkpt lat="52.53626" lon="13.36645">
        <ele>33.39</ele>
      </trkpt>
      <trkpt lat="52.53632" lon="13.36633">
        <ele>33.62</ele>
      </trkpt>
      <trkpt lat="52.53648" lon="13.36699">
        <ele>35.49</ele>
      </trkpt>
      <trkpt lat="52.53659" lon="13.36745">
        <ele>34.4</ele>
      </trkpt>
      <trkpt lat="52.53662" lon="13.36762">
        <ele>34.14</ele>
      </trkpt>
      <trkpt lat="52.53665" lon="13.36769">
        <ele>34.18</ele>
      </trkpt>
      <trkpt lat="52.53663" lon="13.36772">
        <ele>33.92</ele>
      </trkpt>
      <trkpt lat="52.5366" lon="13.36776">
        <ele>33.57</ele>
      </trkpt>
      <trkpt lat="52.53611" lon="13.36834">
        <ele>32.0</ele>
      </trkpt>
      <trkpt lat="52.53598" lon="13.36849">
        <ele>31.2</ele>
      </trkpt>
      <trkpt lat="52.53598" lon="13.36849">
        <ele>31.2</ele>
      </trkpt>
      <trkpt lat="52.53607" lon="13.36868">
        <ele>32.09</ele>
      </trkpt>
      <trkpt lat="52.53619" lon="13.36895">
        <ele>34.16</ele>
      </trkpt>
      <trkpt lat="52.53642" lon="13.36944">
        <ele>36.71</ele>
      </trkpt>
      <trkpt lat="52.5366" lon="13.36978">
        <ele>35.09</ele>
      </trkpt>
      <trkpt lat="52.53674" lon="13.36993">
        <ele>36.45</ele>
      </trkpt>
      <trkpt lat="52.53687" lon="13.37012">
        <ele>36.78</ele>
      </trkpt>
      <trkpt lat="52.53689" lon="13.37014">
        <ele>36.69</ele>
      </trkpt>
      <trkpt lat="52.53699" lon="13.37022">
        <ele>36.22</ele>
      </trkpt>
      <trkpt lat="52.53705" lon="13.3703">
        <ele>36.31</ele>
      </trkpt>
      <trkpt lat="52.53706" lon="13.37034">
        <ele>36.34</ele>
      </trkpt>
      <trkpt lat="52.53706" lon="13.37034">
        <ele>36.34</ele>
      </trkpt>
      <trkpt lat="52.53706" lon="13.37034">
        <ele>36.34</ele>
      </trkpt>
      <trkpt lat="52.53708" lon="13.37041">
        <ele>36.28</ele>
      </trkpt>
      <trkpt lat="52.53709" lon="13.37054">
        <ele>36.36</ele>
      </trkpt>
      <trkpt lat="52.53712" lon="13.37072">
        <ele>36.96</ele>
      </trkpt>
      <trkpt lat="52.53713" lon="13.37077">
        <ele>37.21</ele>
      </trkpt>
      <trkpt lat="52.53718" lon="13.37074">
        <ele>36.45</ele>
      </trkpt>
      <trkpt lat="52.53718" lon="13.37074">
        <ele>36.45</ele>
      </trkpt>
      <trkpt lat="52.53713" lon="13.37077">
        <ele>37.21</ele>
      </trkpt>
      <trkpt lat="52.53714" lon="13.37083">
        <ele>37.57</ele>
      </trkpt>
      <trkpt lat="52.53715" lon="13.3709">
        <ele>38.18</ele>
      </trkpt>
      <trkpt lat="52.53745" lon="13.37155">
        <ele>42.21</ele>
      </trkpt>
      <trkpt lat="52.53751" lon="13.37167">
        <ele>42.89</ele>
      </trkpt>
      <trkpt lat="52.53751" lon="13.37167">
        <ele>42.89</ele>
      </trkpt>
      <trkpt lat="52.53751" lon="13.37167">
        <ele>42.89</ele>
      </trkpt>
      <trkpt lat="52.53759" lon="13.37184">
        <ele>43.17</ele>
      </trkpt>
      <trkpt lat="52.53767" lon="13.37203">
        <ele>42.82</ele>
      </trkpt>
      <trkpt lat="52.53781" lon="13.37228">
        <ele>41.14</ele>
      </trkpt>
      <trkpt lat="52.53786" lon="13.37239">
        <ele>39.57</ele>
      </trkpt>
      <trkpt lat="52.53789" lon="13.37245">
        <ele>38.51</ele>
      </trkpt>
      <trkpt lat="52.53813" lon="13.3729">
        <ele>31.83</ele>
      </trkpt>
      <trkpt lat="52.53818" lon="13.37299">
        <ele>31.71</ele>
      </trkpt>
      <trkpt lat="52.53818" lon="13.37299">
        <ele>31.71</ele>
      </trkpt>
      <trkpt lat="52.53821" lon="13.37304">
        <ele>31.38</ele>
      </trkpt>
      <trkpt lat="52.53816" lon="13.37312">
        <ele>32.8</ele>
      </trkpt>
      <trkpt lat="52.53813" lon="13.37315">
        <ele>33.56</ele>
      </trkpt>
      <trkpt lat="52.53813" lon="13.37316">
        <ele>33.7</ele>
      </trkpt>
      <trkpt lat="52.53805" lon="13.37327">
        <ele>36.18</ele>
      </trkpt>
      <trkpt lat="52.53799" lon="13.37336">
        <ele>37.75</ele>
      </trkpt>
      <trkpt lat="52.53799" lon="13.37337">
        <ele>37.68</ele>
      </trkpt>
      <trkpt lat="52.53796" lon="13.37342">
        <ele>37.75</ele>
      </trkpt>
      <trkpt lat="52.53793" lon="13.37346">
        <ele>37.9</ele>
      </trkpt>
      <trkpt lat="52.53772" lon="13.37379">
        <ele>37.85</ele>
      </trkpt>
      <trkpt lat="52.53766" lon="13.37387">
        <ele>37.53</ele>
      </trkpt>
      <trkpt lat="52.53765" lon="13.37389">
        <ele>37.46</ele>
      </trkpt>
      <trkpt lat="52.53756" lon="13.37402">
        <ele>37.41</ele>
      </trkpt>
      <trkpt lat="52.53753" lon="13.37408">
        <ele>37.28</ele>
      </trkpt>
      <trkpt lat="52.53749" lon="13.37414">
        <ele>36.99</ele>
      </trkpt>
      <trkpt lat="52.53739" lon="13.37432">
        <ele>35.26</ele>
      </trkpt>
      <trkpt lat="52.53736" lon="13.37437">
        <ele>34.76</ele>
      </trkpt>
      <trkpt lat="52.53727" lon="13.37453">
        <ele>34.23</ele>
      </trkpt>
      <trkpt lat="52.53726" lon="13.3745">
        <ele>33.9</ele>
      </trkpt>
      <trkpt lat="52.53726" lon="13.3745">
        <ele>33.9</ele>
      </trkpt>
      <trkpt lat="52.53727" lon="13.37453">
        <ele>34.23</ele>
      </trkpt>
      <trkpt lat="52.53739" lon="13.37474">
        <ele>35.35</ele>
      </trkpt>
      <trkpt lat="52.5374" lon="13.37476">
        <ele>35.26</ele>
      </trkpt>
      <trkpt lat="52.53741" lon="13.37478">
        <ele>35.19</ele>
      </trkpt>
      <trkpt lat="52.53758" lon="13.37507">
        <ele>35.65</ele>
      </trkpt>
      <trkpt lat="52.53763" lon="13.37516">
        <ele>36.69</ele>
      </trkpt>
      <trkpt lat="52.53772" lon="13.37531">
        <ele>38.88</ele>
      </trkpt>
      <trkpt lat="52.53776" lon="13.37537">
        <ele>39.83</ele>
      </trkpt>
      <trkpt lat="52.53781" lon="13.37545">
        <ele>40.88</ele>
      </trkpt>
      <trkpt lat="52.53783" lon="13.37548">
        <ele>41.15</ele>
      </trkpt>
      <trkpt lat="52.53783" lon="13.37549">
        <ele>41.24</ele>
      </trkpt>
      <trkpt lat="52.53796" lon="13.37571">
        <ele>42.47</ele>
      </trkpt>
      <trkpt lat="52.53799" lon="13.37576">
        <ele>42.49</ele>
      </trkpt>
      <trkpt lat="52.53803" lon="13.37583">
        <ele>42.35</ele>
      </trkpt>
      <trkpt lat="52.53813" lon="13.37599">
        <ele>44.96</ele>
      </trkpt>
      <trkpt lat="52.53828" lon="13.37624">
        <ele>45.27</ele>
      </trkpt>
      <trkpt lat="52.53839" lon="13.37643">
        <ele>44.77</ele>
      </trkpt>
      <trkpt lat="52.53872" lon="13.37698">
        <ele>47.72</ele>
      </trkpt>
      <trkpt lat="52.53885" lon="13.3772">
        <ele>46.82</ele>
      </trkpt>
      <trkpt lat="52.53897" lon="13.3774">
        <ele>46.17</ele>
      </trkpt>
      <trkpt lat="52.53901" lon="13.37747">
        <ele>45.72</ele>
      </trkpt>
      <trkpt lat="52.53936" lon="13.37805">
        <ele>38.29</ele>
      </trkpt>
      <trkpt lat="52.53952" lon="13.37832">
        <ele>38.95</ele>
      </trkpt>
      <trkpt lat="52.53963" lon="13.3785">
        <ele>39.2</ele>
      </trkpt>
      <trkpt lat="52.5398" lon="13.37879">
        <ele>38.08</ele>
      </trkpt>
      <trkpt lat="52.53983" lon="13.37885">
        <ele>37.56</ele>
      </trkpt>
      <trkpt lat="52.53987" lon="13.37891">
        <ele>36.8</ele>
      </trkpt>
      <trkpt lat="52.53997" lon="13.37907">
        <ele>34.78</ele>
      </trkpt>
      <trkpt lat="52.54001" lon="13.37914">
        <ele>34.02</ele>
      </trkpt>
      <trkpt lat="52.54002" lon="13.37917">
        <ele>33.88</ele>
      </trkpt>
      <trkpt lat="52.5401" lon="13.3793">
        <ele>34.24</ele>
      </trkpt>
      <trkpt lat="52.5401" lon="13.3793">
        <ele>34.24</ele>
      </trkpt>
      <trkpt lat="52.5401" lon="13.3793">
        <ele>34.24</ele>
      </trkpt>
      <trkpt lat="52.54021" lon="13.37947">
        <ele>34.58</ele>
      </trkpt>
      <trkpt lat="52.54021" lon="13.37947">
        <ele>34.58</ele>
      </trkpt>
      <trkpt lat="52.5402" lon="13.3796">
        <ele>35.05</ele>
      </trkpt>
      <trkpt lat="52.5402" lon="13.37972">
        <ele>35.43</ele>
      </trkpt>
      <trkpt lat="52.54022" lon="13.37984">
        <ele>36.86</ele>
      </trkpt>
      <trkpt lat="52.54013" lon="13.37988">
        <ele>36.64</ele>
      </trkpt>
      <trkpt lat="52.54009" lon="13.37992">
        <ele>36.78</ele>
      </trkpt>
      <trkpt lat="52.53982" lon="13.38017">
        <ele>42.61</ele>
      </trkpt>
      <trkpt lat="52.53969" lon="13.3803">
        <ele>43.91</ele>
      </trkpt>
      <trkpt lat="52.53969" lon="13.3803">
        <ele>43.91</ele>
      </trkpt>
      <trkpt lat="52.53964" lon="13.38035">
        <ele>43.34</ele>
      </trkpt>
      <trkpt lat="52.53962" lon="13.38037">
        <ele>42.92</ele>
      </trkpt>
      <trkpt lat="52.53962" lon="13.38037">
        <ele>42.92</ele>
      </trkpt>
      <trkpt lat="52.53958" lon="13.38041">
        <ele>41.72</ele>
      </trkpt>
      <trkpt lat="52.53951" lon="13.38048">
        <ele>38.54</ele>
      </trkpt>
      <trkpt lat="52.53942" lon="13.38058">
        <ele>34.57</ele>
      </trkpt>
      <trkpt lat="52.53941" lon="13.38058">
        <ele>34.66</ele>
      </trkpt>
      <trkpt lat="52.53937" lon="13.38062">
        <ele>35.36</ele>
      </trkpt>
      <trkpt lat="52.53934" lon="13.38066">
        <ele>35.78</ele>
      </trkpt>
      <trkpt lat="52.5389" lon="13.3811">
        <ele>39.8</ele>
      </trkpt>
      <trkpt lat="52.53833" lon="13.38169">
        <ele>29.65</ele>
      </trkpt>
      <trkpt lat="52.53781" lon="13.38225">
        <ele>28.43</ele>
      </trkpt>
      <trkpt lat="52.53772" lon="13.38234">
        <ele>30.89</ele>
      </trkpt>
      <trkpt lat="52.53763" lon="13.38244">
        <ele>33.61</ele>
      </trkpt>
      <trkpt lat="52.53763" lon="13.38245">
        <ele>33.7</ele>
      </trkpt>
      <trkpt lat="52.53727" lon="13.38286">
        <ele>36.25</ele>
      </trkpt>
      <trkpt lat="52.5372" lon="13.38295">
        <ele>35.13</ele>
      </trkpt>
      <trkpt lat="52.5372" lon="13.38295">
        <ele>35.13</ele>
      </trkpt>
      <trkpt lat="52.5372" lon="13.38295">
        <ele>35.13</ele>
      </trkpt>
      <trkpt lat="52.5372" lon="13.38295">
        <ele>35.13</ele>
      </trkpt>
      <trkpt lat="52.53715" lon="13.383">
        <ele>34.7</ele>
      </trkpt>
      <trkpt lat="52.53703" lon="13.38315">
        <ele>35.32</ele>
      </trkpt>
      <trkpt lat="52.53693" lon="13.38327">
        <ele>34.92</ele>
      </trkpt>
      <trkpt lat="52.53682" lon="13.38339">
        <ele>35.52</ele>
      </trkpt>
      <trkpt lat="52.53673" lon="13.3835">
        <ele>36.11</ele>
      </trkpt>
      <trkpt lat="52.53669" lon="13.38355">
        <ele>35.97</ele>
      </trkpt>
      <trkpt lat="52.53668" lon="13.38356">
        <ele>35.88</ele>
      </trkpt>
      <trkpt lat="52.53668" lon="13.38356">
        <ele>35.88</ele>
      </trkpt>
      <trkpt lat="52.53665" lon="13.38359">
        <ele>35.8</ele>
      </trkpt>
      <trkpt lat="52.53663" lon="13.38361">
        <ele>35.86</ele>
      </trkpt>
      <trkpt lat="52.53649" lon="13.38378">
        <ele>37.91</ele>
      </trkpt>
      <trkpt lat="52.53638" lon="13.38392">
        <ele>37.4</ele>
      </trkpt>
      <trkpt lat="52.53621" lon="13.38413">
        <ele>40.89</ele>
      </trkpt>
      <trkpt lat="52.53601" lon="13.38437">
        <ele>42.04</ele>
      </trkpt>
      <trkpt lat="52.53564" lon="13.38483">
        <ele>38.57</ele>
      </trkpt>
      <trkpt lat="52.53563" lon="13.38485">
        <ele>38.6</ele>
      </trkpt>
      <trkpt lat="52.53524" lon="13.38531">
        <ele>34.43</ele>
      </trkpt>
      <trkpt lat="52.53521" lon="13.38533">
        <ele>34.11</ele>
      </trkpt>
      <trkpt lat="52.53512" lon="13.38544">
        <ele>34.13</ele>
      </trkpt>
      <trkpt lat="52.53509" lon="13.38548">
        <ele>34.52</ele>
      </trkpt>
      <trkpt lat="52.53504" lon="13.38553">
        <ele>35.33</ele>
      </trkpt>
      <trkpt lat="52.53469" lon="13.38591">
        <ele>34.71</ele>
      </trkpt>
      <trkpt lat="52.53466" lon="13.38595">
        <ele>34.7</ele>
      </trkpt>
      <trkpt lat="52.53431" lon="13.38636">
        <ele>38.71</ele>
      </trkpt>
      <trkpt lat="52.5338" lon="13.38702">
        <ele>36.56</ele>
      </trkpt>
      <trkpt lat="52.5338" lon="13.38703">
        <ele>36.76</ele>
      </trkpt>
      <trkpt lat="52.53369" lon="13.38716">
        <ele>38.21</ele>
      </trkpt>
      <trkpt lat="52.53356" lon="13.38734">
        <ele>37.21</ele>
      </trkpt>
      <trkpt lat="52.53354" lon="13.38736">
        <ele>36.99</ele>
      </trkpt>
      <trkpt lat="52.53351" lon="13.38741">
        <ele>36.6</ele>
      </trkpt>
      <trkpt lat="52.53351" lon="13.38741">
        <ele>36.6</ele>
      </trkpt>
      <trkpt lat="52.53357" lon="13.38753">
        <ele>36.52</ele>
      </trkpt>
      <trkpt lat="52.53357" lon="13.38753">
        <ele>36.52</ele>
      </trkpt>
      <trkpt lat="52.53362" lon="13.38769">
        <ele>36.01</ele>
      </trkpt>
      <trkpt lat="52.53362" lon="13.38769">
        <ele>36.01</ele>
      </trkpt>
      <trkpt lat="52.53383" lon="13.38804">
        <ele>46.44</ele>
      </trkpt>
      <trkpt lat="52.53383" lon="13.38804">
        <ele>46.44</ele>
      </trkpt>
      <trkpt lat="52.53419" lon="13.38848">
        <ele>47.14</ele>
      </trkpt>
      <trkpt lat="52.53419" lon="13.38848">
        <ele>47.14</ele>
      </trkpt>
      <trkpt lat="52.5342" lon="13.38845">
        <ele>47.97</ele>
      </trkpt>
      <trkpt lat="52.53428" lon="13.38854">
        <ele>45.39</ele>
      </trkpt>
      <trkpt lat="52.5343" lon="13.38857">
        <ele>44.79</ele>
      </trkpt>
      <trkpt lat="52.53448" lon="13.38876">
        <ele>43.26</ele>
      </trkpt>
      <trkpt lat="52.53479" lon="13.38913">
        <ele>44.2</ele>
      </trkpt>
      <trkpt lat="52.53478" lon="13.38916">
        <ele>44.04</ele>
      </trkpt>
      <trkpt lat="52.53478" lon="13.38916">
        <ele>44.04</ele>
      </trkpt>
      <trkpt lat="52.53478" lon="13.38916">
        <ele>44.04</ele>
      </trkpt>
      <trkpt lat="52.53479" lon="13.38913">
        <ele>44.2</ele>
      </trkpt>
      <trkpt lat="52.53493" lon="13.38928">
        <ele>43.59</ele>
      </trkpt>
      <trkpt lat="52.53504" lon="13.38941">
        <ele>43.92</ele>
      </trkpt>
      <trkpt lat="52.53533" lon="13.38974">
        <ele>49.45</ele>
      </trkpt>
      <trkpt lat="52.53533" lon="13.38974">
        <ele>49.45</ele>
      </trkpt>
      <trkpt lat="52.53533" lon="13.38974">
        <ele>49.45</ele>
      </trkpt>
      <trkpt lat="52.5354" lon="13.38983">
        <ele>49.71</ele>
      </trkpt>
      <trkpt lat="52.53546" lon="13.38992">
        <ele>50.01</ele>
      </trkpt>
      <trkpt lat="52.53553" lon="13.39002">
        <ele>50.81</ele>
      </trkpt>
      <trkpt lat="52.5356" lon="13.39012">
        <ele>52.32</ele>
      </trkpt>
      <trkpt lat="52.53568" lon="13.39024">
        <ele>53.27</ele>
      </trkpt>
      <trkpt lat="52.53571" lon="13.39028">
        <ele>53.44</ele>
      </trkpt>
      <trkpt lat="52.53571" lon="13.39028">
        <ele>53.44</ele>
      </trkpt>
      <trkpt lat="52.53568" lon="13.39024">
        <ele>53.27</ele>
      </trkpt>
      <trkpt lat="52.53575" lon="13.39035">
        <ele>53.12</ele>
      </trkpt>
      <trkpt lat="52.53603" lon="13.39079">
        <ele>52.38</ele>
      </trkpt>
      <trkpt lat="52.53618" lon="13.39102">
        <ele>48.72</ele>
      </trkpt>
      <trkpt lat="52.53618" lon="13.39102">
        <ele>48.72</ele>
      </trkpt>
      <trkpt lat="52.53618" lon="13.39102">
        <ele>48.72</ele>
      </trkpt>
      <trkpt lat="52.53622" lon="13.39107">
        <ele>48.5</ele>
      </trkpt>
      <trkpt lat="52.53624" lon="13.39111">
        <ele>48.33</ele>
      </trkpt>
      <trkpt lat="52.53626" lon="13.39114">
        <ele>48.26</ele>
      </trkpt>
      <trkpt lat="52.5363" lon="13.3912">
        <ele>48.12</ele>
      </trkpt>
      <trkpt lat="52.53662" lon="13.39171">
        <ele>47.67</ele>
      </trkpt>
      <trkpt lat="52.53686" lon="13.39209">
        <ele>51.25</ele>
      </trkpt>
      <trkpt lat="52.5369" lon="13.39214">
        <ele>52.49</ele>
      </trkpt>
      <trkpt lat="52.53717" lon="13.39256">
        <ele>61.66</ele>
      </trkpt>
      <trkpt lat="52.53722" lon="13.39265">
        <ele>62.31</ele>
      </trkpt>
      <trkpt lat="52.53722" lon="13.39265">
        <ele>62.31</ele>
      </trkpt>
      <trkpt lat="52.53722" lon="13.39265">
        <ele>62.31</ele>
      </trkpt>
      <trkpt lat="52.53736" lon="13.39287">
        <ele>61.66</ele>
      </trkpt>
      <trkpt lat="52.53742" lon="13.39296">
        <ele>61.64</ele>
      </trkpt>
      <trkpt lat="52.53748" lon="13.39306">
        <ele>61.65</ele>
      </trkpt>
      <trkpt lat="52.53751" lon="13.39312">
        <ele>61.0</ele>
      </trkpt>
      <trkpt lat="52.53754" lon="13.39317">
        <ele>60.06</ele>
      </trkpt>
      <trkpt lat="52.53756" lon="13.39322">
        <ele>59.2</ele>
      </trkpt>
      <trkpt lat="52.53759" lon="13.39328">
        <ele>58.12</ele>
      </trkpt>
      <trkpt lat="52.53766" lon="13.3935">
        <ele>54.45</ele>
      </trkpt>
      <trkpt lat="52.53778" lon="13.3939">
        <ele>50.06</ele>
      </trkpt>
      <trkpt lat="52.53778" lon="13.3939">
        <ele>50.06</ele>
      </trkpt>
      <trkpt lat="52.53778" lon="13.3939">
        <ele>50.06</ele>
      </trkpt>
      <trkpt lat="52.53796" lon="13.39455">
        <ele>54.31</ele>
      </trkpt>
      <trkpt lat="52.53814" lon="13.39518">
        <ele>53.99</ele>
      </trkpt>
      <trkpt lat="52.5383" lon="13.39575">
        <ele>59.6</ele>
      </trkpt>
      <trkpt lat="52.53832" lon="13.39573">
        <ele>59.8</ele>
      </trkpt>
      <trkpt lat="52.53834" lon="13.3958">
        <ele>61.48</ele>
      </trkpt>
      <trkpt lat="52.53836" lon="13.39586">
        <ele>62.4</ele>
      </trkpt>
      <trkpt lat="52.53837" lon="13.3959">
        <ele>62.7</ele>
      </trkpt>
      <trkpt lat="52.53838" lon="13.39594">
        <ele>63.02</ele>
      </trkpt>
      <trkpt lat="52.5384" lon="13.396">
        <ele>63.61</ele>
      </trkpt>
      <trkpt lat="52.53841" lon="13.39603">
        <ele>63.93</ele>
      </trkpt>
      <trkpt lat="52.53843" lon="13.39611">
        <ele>64.73</ele>
      </trkpt>
      <trkpt lat="52.53849" lon="13.39632">
        <ele>65.07</ele>
      </trkpt>
      <trkpt lat="52.53858" lon="13.39666">
        <ele>67.2</ele>
      </trkpt>
      <trkpt lat="52.53858" lon="13.39666">
        <ele>67.2</ele>
      </trkpt>
      <trkpt lat="52.53858" lon="13.39666">
        <ele>67.2</ele>
      </trkpt>
      <trkpt lat="52.53873" lon="13.3972">
        <ele>63.79</ele>
      </trkpt>
      <trkpt lat="52.53891" lon="13.39782">
        <ele>57.51</ele>
      </trkpt>
      <trkpt lat="52.53892" lon="13.39786">
        <ele>57.01</ele>
      </trkpt>
      <trkpt lat="52.53893" lon="13.39791">
        <ele>56.36</ele>
      </trkpt>
      <trkpt lat="52.53896" lon="13.398">
        <ele>54.99</ele>
      </trkpt>
      <trkpt lat="52.5392" lon="13.39885">
        <ele>51.02</ele>
      </trkpt>
      <trkpt lat="52.53921" lon="13.3989">
        <ele>50.88</ele>
      </trkpt>
      <trkpt lat="52.53922" lon="13.39894">
        <ele>51.02</ele>
      </trkpt>
      <trkpt lat="52.53927" lon="13.39911">
        <ele>52.4</ele>
      </trkpt>
      <trkpt lat="52.53941" lon="13.39961">
        <ele>54.78</ele>
      </trkpt>
      <trkpt lat="52.53939" lon="13.39963">
        <ele>54.35</ele>
      </trkpt>
      <trkpt lat="52.53939" lon="13.39963">
        <ele>54.35</ele>
      </trkpt>
      <trkpt lat="52.53939" lon="13.39963">
        <ele>54.35</ele>
      </trkpt>
      <trkpt lat="52.53941" lon="13.39961">
        <ele>54.78</ele>
      </trkpt>
      <trkpt lat="52.53951" lon="13.39996">
        <ele>51.56</ele>
      </trkpt>
      <trkpt lat="52.53954" lon="13.40006">
        <ele>51.52</ele>
      </trkpt>
      <trkpt lat="52.53958" lon="13.40021">
        <ele>52.34</ele>
      </trkpt>
      <trkpt lat="52.53965" lon="13.40046">
        <ele>53.22</ele>
      </trkpt>
      <trkpt lat="52.5397" lon="13.40065">
        <ele>53.79</ele>
      </trkpt>
      <trkpt lat="52.5397" lon="13.40065">
        <ele>53.79</ele>
      </trkpt>
      <trkpt lat="52.5397" lon="13.40065">
        <ele>53.79</ele>
      </trkpt>
      <trkpt lat="52.5399" lon="13.40132">
        <ele>51.36</ele>
      </trkpt>
      <trkpt lat="52.53991" lon="13.40136">
        <ele>51.32</ele>
      </trkpt>
      <trkpt lat="52.53991" lon="13.4014">
        <ele>51.3</ele>
      </trkpt>
      <trkpt lat="52.53994" lon="13.40147">
        <ele>50.99</ele>
      </trkpt>
      <trkpt lat="52.53996" lon="13.40155">
        <ele>50.65</ele>
      </trkpt>
      <trkpt lat="52.53997" lon="13.40158">
        <ele>50.49</ele>
      </trkpt>
      <trkpt lat="52.53998" lon="13.40162">
        <ele>50.3</ele>
      </trkpt>
      <trkpt lat="52.54012" lon="13.40212">
        <ele>52.27</ele>
      </trkpt>
      <trkpt lat="52.54016" lon="13.40226">
        <ele>52.77</ele>
      </trkpt>
      <trkpt lat="52.54022" lon="13.40247">
        <ele>53.87</ele>
      </trkpt>
      <trkpt lat="52.54022" lon="13.40247">
        <ele>53.87</ele>
      </trkpt>
      <trkpt lat="52.54025" lon="13.40245">
        <ele>53.8</ele>
      </trkpt>
      <trkpt lat="52.54022" lon="13.40247">
        <ele>53.87</ele>
      </trkpt>
      <trkpt lat="52.54049" lon="13.40342">
        <ele>52.21</ele>
      </trkpt>
      <trkpt lat="52.54058" lon="13.40376">
        <ele>49.36</ele>
      </trkpt>
      <trkpt lat="52.54071" lon="13.40421">
        <ele>51.04</ele>
      </trkpt>
      <trkpt lat="52.54076" lon="13.40445">
        <ele>50.72</ele>
      </trkpt>
      <trkpt lat="52.54078" lon="13.40455">
        <ele>51.28</ele>
      </trkpt>
      <trkpt lat="52.54081" lon="13.40472">
        <ele>52.07</ele>
      </trkpt>
      <trkpt lat="52.54088" lon="13.40514">
        <ele>56.26</ele>
      </trkpt>
      <trkpt lat="52.54092" lon="13.40537">
        <ele>58.54</ele>
      </trkpt>
      <trkpt lat="52.54096" lon="13.4056">
        <ele>60.01</ele>
      </trkpt>
      <trkpt lat="52.54094" lon="13.40561">
        <ele>60.98</ele>
      </trkpt>
      <trkpt lat="52.54094" lon="13.40561">
        <ele>60.98</ele>
      </trkpt>
      <trkpt lat="52.54094" lon="13.40561">
        <ele>60.98</ele>
      </trkpt>
      <trkpt lat="52.54096" lon="13.4056">
        <ele>60.01</ele>
      </trkpt>
      <trkpt lat="52.54109" lon="13.40624">
        <ele>60.61</ele>
      </trkpt>
      <trkpt lat="52.54116" lon="13.40662">
        <ele>62.83</ele>
      </trkpt>
      <trkpt lat="52.54131" lon="13.4074">
        <ele>60.58</ele>
      </trkpt>
      <trkpt lat="52.54139" lon="13.40786">
        <ele>55.59</ele>
      </trkpt>
      <trkpt lat="52.54142" lon="13.40798">
        <ele>56.75</ele>
      </trkpt>
      <trkpt lat="52.54143" lon="13.40805">
        <ele>57.54</ele>
      </trkpt>
      <trkpt lat="52.54145" lon="13.40814">
        <ele>57.95</ele>
      </trkpt>
      <trkpt lat="52.54145" lon="13.40816">
        <ele>57.96</ele>
      </trkpt>
      <trkpt lat="52.54151" lon="13.40813">
        <ele>58.86</ele>
      </trkpt>
      <trkpt lat="52.54151" lon="13.40813">
        <ele>58.86</ele>
      </trkpt>
      <trkpt lat="52.5422" lon="13.40785">
        <ele>54.63</ele>
      </trkpt>
      <trkpt lat="52.5422" lon="13.40785">
        <ele>54.63</ele>
      </trkpt>
      <trkpt lat="52.54252" lon="13.40771">
        <ele>52.03</ele>
      </trkpt>
      <trkpt lat="52.54252" lon="13.40771">
        <ele>52.03</ele>
      </trkpt>
      <trkpt lat="52.54279" lon="13.40739">
        <ele>53.73</ele>
      </trkpt>
      <trkpt lat="52.54279" lon="13.40739">
        <ele>53.73</ele>
      </trkpt>
      <trkpt lat="52.54305" lon="13.40725">
        <ele>52.94</ele>
      </trkpt>
      <trkpt lat="52.54305" lon="13.40725">
        <ele>52.94</ele>
      </trkpt>
      <trkpt lat="52.54383" lon="13.40684">
        <ele>55.43</ele>
      </trkpt>
      <trkpt lat="52.54383" lon="13.40684">
        <ele>55.43</ele>
      </trkpt>
      <trkpt lat="52.54396" lon="13.40748">
        <ele>53.42</ele>
      </trkpt>
      <trkpt lat="52.54396" lon="13.40748">
        <ele>53.42</ele>
      </trkpt>
      <trkpt lat="52.54418" lon="13.40876">
        <ele>54.62</ele>
      </trkpt>
      <trkpt lat="52.54418" lon="13.40876">
        <ele>54.62</ele>
      </trkpt>
      <trkpt lat="52.54447" lon="13.40908">
        <ele>49.07</ele>
      </trkpt>
      <trkpt lat="52.54447" lon="13.40908">
        <ele>49.07</ele>
      </trkpt>
      <trkpt lat="52.54456" lon="13.40924">
        <ele>48.75</ele>
      </trkpt>
      <trkpt lat="52.54456" lon="13.40924">
        <ele>48.75</ele>
      </trkpt>
      <trkpt lat="52.5446" lon="13.4093">
        <ele>48.45</ele>
      </trkpt>
      <trkpt lat="52.5446" lon="13.4093">
        <ele>48.45</ele>
      </trkpt>
      <trkpt lat="52.54462" lon="13.40939">
        <ele>48.57</ele>
      </trkpt>
      <trkpt lat="52.54462" lon="13.40939">
        <ele>48.57</ele>
      </trkpt>
      <trkpt lat="52.54464" lon="13.40946">
        <ele>48.52</ele>
      </trkpt>
      <trkpt lat="52.54464" lon="13.40946">
        <ele>48.52</ele>
      </trkpt>
      <trkpt lat="52.54464" lon="13.40949">
        <ele>48.6</ele>
      </trkpt>
      <trkpt lat="52.54464" lon="13.40949">
        <ele>48.6</ele>
      </trkpt>
      <trkpt lat="52.54463" lon="13.40954">
        <ele>48.89</ele>
      </trkpt>
      <trkpt lat="52.54463" lon="13.40954">
        <ele>48.89</ele>
      </trkpt>
      <trkpt lat="52.54463" lon="13.40959">
        <ele>49.01</ele>
      </trkpt>
      <trkpt lat="52.54463" lon="13.40959">
        <ele>49.01</ele>
      </trkpt>
      <trkpt lat="52.54463" lon="13.40964">
        <ele>49.13</ele>
      </trkpt>
      <trkpt lat="52.54463" lon="13.40964">
        <ele>49.13</ele>
      </trkpt>
      <trkpt lat="52.54462" lon="13.40968">
        <ele>49.38</ele>
      </trkpt>
      <trkpt lat="52.54462" lon="13.40968">
        <ele>49.38</ele>
      </trkpt>
      <trkpt lat="52.54461" lon="13.40972">
        <ele>49.61</ele>
      </trkpt>
      <trkpt lat="52.54461" lon="13.40972">
        <ele>49.61</ele>
      </trkpt>
      <trkpt lat="52.5446" lon="13.40979">
        <ele>49.52</ele>
      </trkpt>
      <trkpt lat="52.5446" lon="13.40979">
        <ele>49.52</ele>
      </trkpt>
      <trkpt lat="52.5446" lon="13.40986">
        <ele>49.26</ele>
      </trkpt>
      <trkpt lat="52.5446" lon="13.40986">
        <ele>49.26</ele>
      </trkpt>
      <trkpt lat="52.5446" lon="13.40995">
        <ele>48.94</ele>
      </trkpt>
      <trkpt lat="52.5446" lon="13.40995">
        <ele>48.94</ele>
      </trkpt>
      <trkpt lat="52.5446" lon="13.41004">
        <ele>48.76</ele>
      </trkpt>
      <trkpt lat="52.5446" lon="13.41004">
        <ele>48.76</ele>
      </trkpt>
      <trkpt lat="52.54462" lon="13.41013">
        <ele>48.47</ele>
      </trkpt>
      <trkpt lat="52.54462" lon="13.41013">
        <ele>48.47</ele>
      </trkpt>
      <trkpt lat="52.54466" lon="13.41021">
        <ele>47.9</ele>
      </trkpt>
      <trkpt lat="52.54466" lon="13.41021">
        <ele>47.9</ele>
      </trkpt>
      <trkpt lat="52.54471" lon="13.4103">
        <ele>47.18</ele>
      </trkpt>
      <trkpt lat="52.54471" lon="13.4103">
        <ele>47.18</ele>
      </trkpt>
      <trkpt lat="52.54478" lon="13.41036">
        <ele>46.65</ele>
      </trkpt>
      <trkpt lat="52.54478" lon="13.41036">
        <ele>46.65</ele>
      </trkpt>
      <trkpt lat="52.54484" lon="13.41039">
        <ele>46.32</ele>
      </trkpt>
      <trkpt lat="52.54484" lon="13.41039">
        <ele>46.32</ele>
      </trkpt>
      <trkpt lat="52.54491" lon="13.41042">
        <ele>45.99</ele>
      </trkpt>
      <trkpt lat="52.54491" lon="13.41042">
        <ele>45.99</ele>
      </trkpt>
      <trkpt lat="52.54495" lon="13.41042">
        <ele>45.78</ele>
      </trkpt>
      <trkpt lat="52.54495" lon="13.41042">
        <ele>45.78</ele>
      </trkpt>
      <trkpt lat="52.54504" lon="13.41039">
        <ele>44.63</ele>
      </trkpt>
      <trkpt lat="52.54504" lon="13.41039">
        <ele>44.63</ele>
      </trkpt>
      <trkpt lat="52.54583" lon="13.40999">
        <ele>36.13</ele>
      </trkpt>
      <trkpt lat="52.54583" lon="13.40999">
        <ele>36.13</ele>
      </trkpt>
      <trkpt lat="52.54588" lon="13.40994">
        <ele>38.1</ele>
      </trkpt>
      <trkpt lat="52.54588" lon="13.40994">
        <ele>38.1</ele>
      </trkpt>
      <trkpt lat="52.54591" lon="13.40989">
        <ele>39.54</ele>
      </trkpt>
      <trkpt lat="52.54591" lon="13.40989">
        <ele>39.54</ele>
      </trkpt>
      <trkpt lat="52.54595" lon="13.40981">
        <ele>41.59</ele>
      </trkpt>
      <trkpt lat="52.54595" lon="13.40981">
        <ele>41.59</ele>
      </trkpt>
      <trkpt lat="52.54598" lon="13.4097">
        <ele>43.53</ele>
      </trkpt>
      <trkpt lat="52.54598" lon="13.4097">
        <ele>43.53</ele>
      </trkpt>
      <trkpt lat="52.546" lon="13.40953">
        <ele>45.72</ele>
      </trkpt>
      <trkpt lat="52.546" lon="13.40953">
        <ele>45.72</ele>
      </trkpt>
      <trkpt lat="52.546" lon="13.40941">
        <ele>46.72</ele>
      </trkpt>
      <trkpt lat="52.546" lon="13.40941">
        <ele>46.72</ele>
      </trkpt>
      <trkpt lat="52.54598" lon="13.40932">
        <ele>47.05</ele>
      </trkpt>
      <trkpt lat="52.54598" lon="13.40932">
        <ele>47.05</ele>
      </trkpt>
      <trkpt lat="52.54595" lon="13.40921">
        <ele>47.58</ele>
      </trkpt>
      <trkpt lat="52.54595" lon="13.40921">
        <ele>47.58</ele>
      </trkpt>
      <trkpt lat="52.54591" lon="13.40912">
        <ele>48.75</ele>
      </trkpt>
      <trkpt lat="52.54591" lon="13.40912">
        <ele>48.75</ele>
      </trkpt>
      <trkpt lat="52.54585" lon="13.40901">
        <ele>51.27</ele>
      </trkpt>
      <trkpt lat="52.54585" lon="13.40901">
        <ele>51.27</ele>
      </trkpt>
      <trkpt lat="52.54578" lon="13.40895">
        <ele>50.86</ele>
      </trkpt>
      <trkpt lat="52.54578" lon="13.40895">
        <ele>50.86</ele>
      </trkpt>
      <trkpt lat="52.54573" lon="13.40892">
        <ele>49.49</ele>
      </trkpt>
      <trkpt lat="52.54573" lon="13.40892">
        <ele>49.49</ele>
      </trkpt>
      <trkpt lat="52.54567" lon="13.40894">
        <ele>46.57</ele>
      </trkpt>
      <trkpt lat="52.54567" lon="13.40894">
        <ele>46.57</ele>
      </trkpt>
      <trkpt lat="52.54561" lon="13.40895">
        <ele>43.98</ele>
      </trkpt>
      <trkpt lat="52.54561" lon="13.40895">
        <ele>43.98</ele>
      </trkpt>
      <trkpt lat="52.54515" lon="13.40917">
        <ele>45.09</ele>
      </trkpt>
    </trkseg>
  </trk>
</gpx>
